id,slug,title,category,type,description,pages,price_usd,purchase_url,file_name
DLX-0001,deal-hunter-master-checklist,Deal Hunter Master Checklist,Deals & Smart Shopping,Checklist,"Fillable checklist to run before any purchase: price history, coupon search, cashback, shipping, return policy and total cost.",1,5.99,https://buy.stripe.com/5kQbJ22bAfBu9oe65T5wI00?client_reference_id=deal-hunter-master-checklist,deal-hunter-master-checklist.pdf
DLX-0002,coupon-cashback-stacking-planner,Coupon & Cashback Stacking Planner,Deals & Smart Shopping,Fillable PDF,"Worksheet to layer store coupons, card offers, cashback portals and gift-card discounts, with a log of what actually stacked.",1,5.99,https://buy.stripe.com/5kQbJ22bAfBu9oe65T5wI00?client_reference_id=coupon-cashback-stacking-planner,coupon-cashback-stacking-planner.pdf
DLX-0003,is-this-a-real-deal-visual-flowchart,Is This a Real Deal? Visual Flowchart,Deals & Smart Shopping,Infographic,One-page infographic flow to judge whether a discount is genuine or an inflated 'original price'.,1,5.99,https://buy.stripe.com/5kQbJ22bAfBu9oe65T5wI00?client_reference_id=is-this-a-real-deal-visual-flowchart,is-this-a-real-deal-visual-flowchart.pdf
DLX-0004,fake-sale-red-flags-infographic,Fake Sale Red Flags Infographic,Deals & Smart Shopping,Infographic,"Visual guide to common pricing tricks: inflated anchors, countdown pressure, bundle padding and drip fees.",1,5.99,https://buy.stripe.com/5kQbJ22bAfBu9oe65T5wI00?client_reference_id=fake-sale-red-flags-infographic,fake-sale-red-flags-infographic.pdf
DLX-0005,price-history-research-worksheet,Price History Research Worksheet,Deals & Smart Shopping,Fillable PDF,Fillable sheet to record a product's price over time across retailers and set a realistic target price.,1,5.99,https://buy.stripe.com/5kQbJ22bAfBu9oe65T5wI00?client_reference_id=price-history-research-worksheet,price-history-research-worksheet.pdf
DLX-0006,annual-sales-calendar-planner,Annual Sales Calendar Planner,Deals & Smart Shopping,Fillable PDF,"Printable 12-month planner to mark big sale events, birthdays and planned purchases so you buy on your schedule.",1,5.99,https://buy.stripe.com/5kQbJ22bAfBu9oe65T5wI00?client_reference_id=annual-sales-calendar-planner,annual-sales-calendar-planner.pdf
DLX-0007,black-friday-cyber-week-game-plan,Black Friday & Cyber Week Game Plan,Deals & Smart Shopping,Fillable PDF,"Fillable prep sheet: wishlist, price ceilings, store priorities, early-access sign-ups and a post-sale returns checklist.",2,5.99,https://buy.stripe.com/5kQbJ22bAfBu9oe65T5wI00?client_reference_id=black-friday-cyber-week-game-plan,black-friday-cyber-week-game-plan.pdf
DLX-0008,prime-day-summer-sales-prep-sheet,Prime Day & Summer Sales Prep Sheet,Deals & Smart Shopping,Fillable PDF,"Planner for mid-year sales: target items, budget cap, competing retailer checks and deal-alert setup.",1,5.99,https://buy.stripe.com/5kQbJ22bAfBu9oe65T5wI00?client_reference_id=prime-day-summer-sales-prep-sheet,prime-day-summer-sales-prep-sheet.pdf
DLX-0009,back-to-school-savings-planner,Back-to-School Savings Planner,Deals & Smart Shopping,Fillable PDF,"Per-child supply and clothing planner with budget, price targets and store comparison columns.",1,5.99,https://buy.stripe.com/5kQbJ22bAfBu9oe65T5wI00?client_reference_id=back-to-school-savings-planner,back-to-school-savings-planner.pdf
DLX-0010,holiday-gift-budget-tracker,Holiday Gift Budget Tracker,Deals & Smart Shopping,Fillable PDF,"Fillable tracker for recipients, budgets, ideas, purchase status and deal found versus planned spend.",1,5.99,https://buy.stripe.com/5kQbJ22bAfBu9oe65T5wI00?client_reference_id=holiday-gift-budget-tracker,holiday-gift-budget-tracker.pdf
DLX-0011,wishlist-prioritizer-worksheet,Wishlist Prioritizer Worksheet,Deals & Smart Shopping,Fillable PDF,"Rank wanted items by need, cost per use and urgency so you stop impulse-buying.",1,5.99,https://buy.stripe.com/5kQbJ22bAfBu9oe65T5wI00?client_reference_id=wishlist-prioritizer-worksheet,wishlist-prioritizer-worksheet.pdf
DLX-0012,30-day-impulse-buy-delay-tracker,30-Day Impulse Buy Delay Tracker,Deals & Smart Shopping,Fillable PDF,"Log a wanted purchase, wait 30 days, and record whether you still want it.",1,5.99,https://buy.stripe.com/5kQbJ22bAfBu9oe65T5wI00?client_reference_id=30-day-impulse-buy-delay-tracker,30-day-impulse-buy-delay-tracker.pdf
DLX-0013,cost-per-use-calculator-sheet,Cost-Per-Use Calculator Sheet,Deals & Smart Shopping,Fillable PDF,Fillable worksheet to compare items by price divided by expected uses.,1,5.99,https://buy.stripe.com/5kQbJ22bAfBu9oe65T5wI00?client_reference_id=cost-per-use-calculator-sheet,cost-per-use-calculator-sheet.pdf
DLX-0014,total-cost-of-ownership-worksheet,Total Cost of Ownership Worksheet,Deals & Smart Shopping,Fillable PDF,"Compare purchases including accessories, subscriptions, repairs, energy and resale value.",1,5.99,https://buy.stripe.com/5kQbJ22bAfBu9oe65T5wI00?client_reference_id=total-cost-of-ownership-worksheet,total-cost-of-ownership-worksheet.pdf
DLX-0015,return-policy-comparison-chart,Return Policy Comparison Chart,Deals & Smart Shopping,Fillable PDF,"Fillable grid to compare return windows, restocking fees and who pays shipping before you buy.",1,5.99,https://buy.stripe.com/5kQbJ22bAfBu9oe65T5wI00?client_reference_id=return-policy-comparison-chart,return-policy-comparison-chart.pdf
DLX-0016,warranty-receipt-organizer,Warranty & Receipt Organizer,Deals & Smart Shopping,Fillable PDF,"Printable log for purchase dates, warranty terms, serial numbers and claim contacts.",1,5.99,https://buy.stripe.com/5kQbJ22bAfBu9oe65T5wI00?client_reference_id=warranty-receipt-organizer,warranty-receipt-organizer.pdf
DLX-0017,price-match-request-script-sheet,Price Match Request Script Sheet,Deals & Smart Shopping,Fillable PDF,Fill-in template with the information to gather and steps to take when asking a retailer to price match.,1,5.99,https://buy.stripe.com/5kQbJ22bAfBu9oe65T5wI00?client_reference_id=price-match-request-script-sheet,price-match-request-script-sheet.pdf
DLX-0018,open-box-refurbished-buying-checklist,Open-Box & Refurbished Buying Checklist,Deals & Smart Shopping,Checklist,"Inspection and questions checklist for open-box, refurbished and clearance purchases.",1,5.99,https://buy.stripe.com/5kQbJ22bAfBu9oe65T5wI00?client_reference_id=open-box-refurbished-buying-checklist,open-box-refurbished-buying-checklist.pdf
DLX-0019,used-secondhand-buying-safety-checklist,Used & Secondhand Buying Safety Checklist,Deals & Smart Shopping,Checklist,"Fillable checklist for marketplace purchases: inspection points, meeting safely and payment precautions.",1,5.99,https://buy.stripe.com/5kQbJ22bAfBu9oe65T5wI00?client_reference_id=used-secondhand-buying-safety-checklist,used-secondhand-buying-safety-checklist.pdf
DLX-0020,online-store-trust-checker,Online Store Trust Checker,Deals & Smart Shopping,Fillable PDF,"Checklist to vet an unfamiliar online store: contact info, policies, reviews and payment security.",1,5.99,https://buy.stripe.com/5kQbJ22bAfBu9oe65T5wI00?client_reference_id=online-store-trust-checker,online-store-trust-checker.pdf
DLX-0021,review-reading-cheat-sheet,Review Reading Cheat Sheet,Deals & Smart Shopping,Infographic,Infographic on spotting unhelpful or suspicious reviews and what to look for instead.,1,5.99,https://buy.stripe.com/5kQbJ22bAfBu9oe65T5wI00?client_reference_id=review-reading-cheat-sheet,review-reading-cheat-sheet.pdf
DLX-0022,subscription-audit-worksheet,Subscription Audit Worksheet,Deals & Smart Shopping,Fillable PDF,"List every recurring charge with cost, renewal date, usage and keep-or-cancel decision.",1,5.99,https://buy.stripe.com/5kQbJ22bAfBu9oe65T5wI00?client_reference_id=subscription-audit-worksheet,subscription-audit-worksheet.pdf
DLX-0023,free-trial-tracker,Free Trial Tracker,Deals & Smart Shopping,Fillable PDF,"Track trial start dates, cancel-by dates and card used so you don't pay for something unwanted.",1,5.99,https://buy.stripe.com/5kQbJ22bAfBu9oe65T5wI00?client_reference_id=free-trial-tracker,free-trial-tracker.pdf
DLX-0024,shipping-cost-comparison-sheet,Shipping Cost Comparison Sheet,Deals & Smart Shopping,Fillable PDF,"Compare shipping, free-shipping thresholds and delivery times across stores.",1,5.99,https://buy.stripe.com/5kQbJ22bAfBu9oe65T5wI00?client_reference_id=shipping-cost-comparison-sheet,shipping-cost-comparison-sheet.pdf
DLX-0025,free-shipping-threshold-planner,Free Shipping Threshold Planner,Deals & Smart Shopping,Fillable PDF,Work out whether adding an item to reach free shipping actually saves money.,1,5.99,https://buy.stripe.com/5kQbJ22bAfBu9oe65T5wI00?client_reference_id=free-shipping-threshold-planner,free-shipping-threshold-planner.pdf
DLX-0026,credit-card-rewards-tracker,Credit Card Rewards Tracker,Deals & Smart Shopping,Fillable PDF,"Fillable sheet to track which card to use where, category bonuses and rewards earned. Informational only.",1,5.99,https://buy.stripe.com/5kQbJ22bAfBu9oe65T5wI00?client_reference_id=credit-card-rewards-tracker,credit-card-rewards-tracker.pdf
DLX-0027,gift-card-tracker,Gift Card Tracker,Deals & Smart Shopping,Fillable PDF,"Log balances, expiry dates and where each gift card can be used.",1,5.99,https://buy.stripe.com/5kQbJ22bAfBu9oe65T5wI00?client_reference_id=gift-card-tracker,gift-card-tracker.pdf
DLX-0028,loyalty-points-rewards-tracker,Loyalty Points & Rewards Tracker,Deals & Smart Shopping,Fillable PDF,Track balances and expiry across store loyalty programs.,1,5.99,https://buy.stripe.com/5kQbJ22bAfBu9oe65T5wI00?client_reference_id=loyalty-points-rewards-tracker,loyalty-points-rewards-tracker.pdf
DLX-0029,deal-alert-setup-checklist,Deal Alert Setup Checklist,Deals & Smart Shopping,Checklist,"Step-by-step checklist for setting up price alerts, email deal lists and browser tools.",1,5.99,https://buy.stripe.com/5kQbJ22bAfBu9oe65T5wI00?client_reference_id=deal-alert-setup-checklist,deal-alert-setup-checklist.pdf
DLX-0030,weekly-deals-review-planner,Weekly Deals Review Planner,Deals & Smart Shopping,Fillable PDF,"One-page weekly routine for scanning deals, updating the wishlist and logging purchases.",1,5.99,https://buy.stripe.com/5kQbJ22bAfBu9oe65T5wI00?client_reference_id=weekly-deals-review-planner,weekly-deals-review-planner.pdf
DLX-0031,monthly-shopping-budget-planner,Monthly Shopping Budget Planner,Deals & Smart Shopping,Fillable PDF,"Set category budgets, log purchases and see savings versus plan.",1,5.99,https://buy.stripe.com/5kQbJ22bAfBu9oe65T5wI00?client_reference_id=monthly-shopping-budget-planner,monthly-shopping-budget-planner.pdf
DLX-0032,savings-goal-tracker-for-big-purchases,Savings Goal Tracker for Big Purchases,Deals & Smart Shopping,Fillable PDF,Plan and track saving for a large purchase with milestones and a deal-watch section.,1,5.99,https://buy.stripe.com/5kQbJ22bAfBu9oe65T5wI00?client_reference_id=savings-goal-tracker-for-big-purchases,savings-goal-tracker-for-big-purchases.pdf
DLX-0033,receipts-returns-deadline-tracker,Receipts & Returns Deadline Tracker,Deals & Smart Shopping,Fillable PDF,Track return-by dates so you never miss a window.,1,5.99,https://buy.stripe.com/5kQbJ22bAfBu9oe65T5wI00?client_reference_id=receipts-returns-deadline-tracker,receipts-returns-deadline-tracker.pdf
DLX-0034,comparison-shopping-master-template,Comparison Shopping Master Template,Deals & Smart Shopping,Fillable PDF,Generic side-by-side worksheet for up to five products with weighted criteria.,1,5.99,https://buy.stripe.com/5kQbJ22bAfBu9oe65T5wI00?client_reference_id=comparison-shopping-master-template,comparison-shopping-master-template.pdf
DLX-0035,brand-comparison-scorecard,Brand Comparison Scorecard,Deals & Smart Shopping,Fillable PDF,"Score brands on quality, price, support, shipping and reviews.",1,5.99,https://buy.stripe.com/5kQbJ22bAfBu9oe65T5wI00?client_reference_id=brand-comparison-scorecard,brand-comparison-scorecard.pdf
DLX-0036,bundle-vs-buy-separately-calculator-sheet,Bundle vs Buy Separately Calculator Sheet,Deals & Smart Shopping,Fillable PDF,Worksheet to check whether a bundle really costs less than the parts.,1,5.99,https://buy.stripe.com/5kQbJ22bAfBu9oe65T5wI00?client_reference_id=bundle-vs-buy-separately-calculator-sheet,bundle-vs-buy-separately-calculator-sheet.pdf
DLX-0037,bulk-buying-break-even-sheet,Bulk Buying Break-Even Sheet,Deals & Smart Shopping,Fillable PDF,Compare unit prices and shelf life to see if bulk actually saves.,1,5.99,https://buy.stripe.com/5kQbJ22bAfBu9oe65T5wI00?client_reference_id=bulk-buying-break-even-sheet,bulk-buying-break-even-sheet.pdf
DLX-0038,unit-price-comparison-chart,Unit Price Comparison Chart,Deals & Smart Shopping,Fillable PDF,"Fillable chart to compare price per ounce, count or unit across sizes and brands.",1,5.99,https://buy.stripe.com/5kQbJ22bAfBu9oe65T5wI00?client_reference_id=unit-price-comparison-chart,unit-price-comparison-chart.pdf
DLX-0039,seasonal-buying-guide-infographic,Seasonal Buying Guide Infographic,Deals & Smart Shopping,Infographic,"Visual overview of categories that typically see discounts in each season. General patterns, not guarantees.",1,5.99,https://buy.stripe.com/5kQbJ22bAfBu9oe65T5wI00?client_reference_id=seasonal-buying-guide-infographic,seasonal-buying-guide-infographic.pdf
DLX-0040,clearance-end-of-season-shopping-planner,Clearance & End-of-Season Shopping Planner,Deals & Smart Shopping,Fillable PDF,Plan what to buy ahead for next season with price targets and storage notes.,1,5.99,https://buy.stripe.com/5kQbJ22bAfBu9oe65T5wI00?client_reference_id=clearance-end-of-season-shopping-planner,clearance-end-of-season-shopping-planner.pdf
DLX-0041,marketplace-flipping-profit-tracker,Marketplace Flipping Profit Tracker,Deals & Smart Shopping,Fillable PDF,"Log cost, fees, shipping and sale price to see real profit per item.",1,5.99,https://buy.stripe.com/5kQbJ22bAfBu9oe65T5wI00?client_reference_id=marketplace-flipping-profit-tracker,marketplace-flipping-profit-tracker.pdf
DLX-0042,thrift-store-haul-planner,Thrift Store Haul Planner,Deals & Smart Shopping,Fillable PDF,"Shopping list, size notes, budget and condition checklist for thrifting.",1,5.99,https://buy.stripe.com/5kQbJ22bAfBu9oe65T5wI00?client_reference_id=thrift-store-haul-planner,thrift-store-haul-planner.pdf
DLX-0043,garage-sale-shopping-checklist,Garage Sale Shopping Checklist,Deals & Smart Shopping,Checklist,"What to bring, what to inspect and price-haggling notes for garage sales.",2,5.99,https://buy.stripe.com/5kQbJ22bAfBu9oe65T5wI00?client_reference_id=garage-sale-shopping-checklist,garage-sale-shopping-checklist.pdf
DLX-0044,international-shopping-customs-checklist,International Shopping & Customs Checklist,Deals & Smart Shopping,Checklist,"Checks for duties, shipping times, returns and currency before ordering abroad.",1,5.99,https://buy.stripe.com/5kQbJ22bAfBu9oe65T5wI00?client_reference_id=international-shopping-customs-checklist,international-shopping-customs-checklist.pdf
DLX-0045,currency-price-conversion-cheat-sheet,Currency & Price Conversion Cheat Sheet,Deals & Smart Shopping,Fillable PDF,Fillable conversion table for comparing prices across currencies.,1,5.99,https://buy.stripe.com/5kQbJ22bAfBu9oe65T5wI00?client_reference_id=currency-price-conversion-cheat-sheet,currency-price-conversion-cheat-sheet.pdf
DLX-0046,size-conversion-reference-chart,Size Conversion Reference Chart,Deals & Smart Shopping,Fillable PDF,Printable US/UK/EU size comparison reference for clothing and shoes. Sizing varies by brand.,1,5.99,https://buy.stripe.com/5kQbJ22bAfBu9oe65T5wI00?client_reference_id=size-conversion-reference-chart,size-conversion-reference-chart.pdf
DLX-0047,affiliate-disclosure-link-tracker,Affiliate Disclosure & Link Tracker,Deals & Smart Shopping,Fillable PDF,"For creators: log affiliate links, programs, commission rates and disclosure placement.",1,5.99,https://buy.stripe.com/5kQbJ22bAfBu9oe65T5wI00?client_reference_id=affiliate-disclosure-link-tracker,affiliate-disclosure-link-tracker.pdf
DLX-0048,shopping-list-templates-pack,Shopping List Templates Pack,Deals & Smart Shopping,Fillable PDF,"Grocery, household, gift and wishlist layouts with price columns.",2,5.99,https://buy.stripe.com/5kQbJ22bAfBu9oe65T5wI00?client_reference_id=shopping-list-templates-pack,shopping-list-templates-pack.pdf
DLX-0049,price-drop-tracker,Price Drop Tracker,Deals & Smart Shopping,Fillable PDF,Log a target price and check dates for items you are waiting on.,1,5.99,https://buy.stripe.com/5kQbJ22bAfBu9oe65T5wI00?client_reference_id=price-drop-tracker,price-drop-tracker.pdf
DLX-0050,smart-shopper-annual-review,Smart Shopper Annual Review,Deals & Smart Shopping,Fillable PDF,"Year-end worksheet to review spending, savings, regrets and best buys.",1,5.99,https://buy.stripe.com/5kQbJ22bAfBu9oe65T5wI00?client_reference_id=smart-shopper-annual-review,smart-shopper-annual-review.pdf
DLX-0051,roommate-household-shared-purchase-tracker,Roommate & Household Shared Purchase Tracker,Deals & Smart Shopping,Fillable PDF,Track who bought what and split costs fairly.,1,5.99,https://buy.stripe.com/5kQbJ22bAfBu9oe65T5wI00?client_reference_id=roommate-household-shared-purchase-tracker,roommate-household-shared-purchase-tracker.pdf
DLX-0052,moving-day-shopping-setup-planner,Moving Day Shopping & Setup Planner,Deals & Smart Shopping,Fillable PDF,Room-by-room needs list with budget and deal notes.,1,5.99,https://buy.stripe.com/5kQbJ22bAfBu9oe65T5wI00?client_reference_id=moving-day-shopping-setup-planner,moving-day-shopping-setup-planner.pdf
DLX-0053,new-baby-registry-budget-planner,New Baby Registry Budget Planner,Deals & Smart Shopping,Fillable PDF,"Categorised needs list with budget, priority and price comparison columns.",1,5.99,https://buy.stripe.com/5kQbJ22bAfBu9oe65T5wI00?client_reference_id=new-baby-registry-budget-planner,new-baby-registry-budget-planner.pdf
DLX-0054,wedding-shopping-registry-budget-tracker,Wedding Shopping & Registry Budget Tracker,Deals & Smart Shopping,Fillable PDF,"Track purchases, vendors, budgets and deals found.",1,5.99,https://buy.stripe.com/5kQbJ22bAfBu9oe65T5wI00?client_reference_id=wedding-shopping-registry-budget-tracker,wedding-shopping-registry-budget-tracker.pdf
DLX-0055,dorm-room-essentials-budget-planner,Dorm Room Essentials Budget Planner,Deals & Smart Shopping,Fillable PDF,Checklist and budget for college move-in shopping.,1,5.99,https://buy.stripe.com/5kQbJ22bAfBu9oe65T5wI00?client_reference_id=dorm-room-essentials-budget-planner,dorm-room-essentials-budget-planner.pdf
DLX-0056,first-apartment-furnishing-planner,First Apartment Furnishing Planner,Deals & Smart Shopping,Fillable PDF,"Room-by-room furnishing list with budget, priority and deal tracking.",1,5.99,https://buy.stripe.com/5kQbJ22bAfBu9oe65T5wI00?client_reference_id=first-apartment-furnishing-planner,first-apartment-furnishing-planner.pdf
DLX-0057,instagram-30-day-content-calendar,Instagram 30-Day Content Calendar,Social Media,Fillable PDF,"Fillable 30-day Instagram calendar with slots for topic, format, hook, caption and posting time.",2,5.99,https://buy.stripe.com/5kQbJ22bAfBu9oe65T5wI00?client_reference_id=instagram-30-day-content-calendar,instagram-30-day-content-calendar.pdf
DLX-0058,instagram-hook-caption-swipe-file,Instagram Hook & Caption Swipe File,Social Media,Fillable PDF,"Fill-in hook and caption formulas for Instagram, with space to save what performs well.",1,5.99,https://buy.stripe.com/5kQbJ22bAfBu9oe65T5wI00?client_reference_id=instagram-hook-caption-swipe-file,instagram-hook-caption-swipe-file.pdf
DLX-0059,instagram-analytics-tracker,Instagram Analytics Tracker,Social Media,Fillable PDF,"Weekly Instagram tracker for reach, engagement, follower change and best-performing posts.",1,5.99,https://buy.stripe.com/5kQbJ22bAfBu9oe65T5wI00?client_reference_id=instagram-analytics-tracker,instagram-analytics-tracker.pdf
DLX-0060,instagram-profile-audit-checklist,Instagram Profile Audit Checklist,Social Media,Checklist,"Checklist to review your Instagram bio, profile image, links, highlights and consistency.",1,5.99,https://buy.stripe.com/5kQbJ22bAfBu9oe65T5wI00?client_reference_id=instagram-profile-audit-checklist,instagram-profile-audit-checklist.pdf
DLX-0061,instagram-hashtag-keyword-research-worksheet,Instagram Hashtag & Keyword Research Worksheet,Social Media,Fillable PDF,Organise Instagram keywords and hashtags by topic with notes on what works for you.,1,5.99,https://buy.stripe.com/5kQbJ22bAfBu9oe65T5wI00?client_reference_id=instagram-hashtag-keyword-research-worksheet,instagram-hashtag-keyword-research-worksheet.pdf
DLX-0062,instagram-growth-goals-planner,Instagram Growth Goals Planner,Social Media,Fillable PDF,"Set 90-day Instagram goals, weekly actions and a review section.",1,5.99,https://buy.stripe.com/5kQbJ22bAfBu9oe65T5wI00?client_reference_id=instagram-growth-goals-planner,instagram-growth-goals-planner.pdf
DLX-0063,instagram-collab-outreach-tracker,Instagram Collab & Outreach Tracker,Social Media,Fillable PDF,"Track brand and creator outreach on Instagram: contact, pitch date, status and follow-up.",1,5.99,https://buy.stripe.com/5kQbJ22bAfBu9oe65T5wI00?client_reference_id=instagram-collab-outreach-tracker,instagram-collab-outreach-tracker.pdf
DLX-0064,instagram-content-ideas-brainstorm-sheet,Instagram Content Ideas Brainstorm Sheet,Social Media,Fillable PDF,Prompts and space to generate and rank Instagram post ideas by effort and impact.,1,5.99,https://buy.stripe.com/5kQbJ22bAfBu9oe65T5wI00?client_reference_id=instagram-content-ideas-brainstorm-sheet,instagram-content-ideas-brainstorm-sheet.pdf
DLX-0065,instagram-posting-schedule-cheat-sheet,Instagram Posting Schedule Cheat Sheet,Social Media,Infographic,"Plan weekly Instagram posting frequency and time slots, with space to record test results.",1,5.99,https://buy.stripe.com/5kQbJ22bAfBu9oe65T5wI00?client_reference_id=instagram-posting-schedule-cheat-sheet,instagram-posting-schedule-cheat-sheet.pdf
DLX-0066,instagram-engagement-routine-checklist,Instagram Engagement Routine Checklist,Social Media,Checklist,"Daily and weekly Instagram engagement checklist for comments, replies and community building.",1,5.99,https://buy.stripe.com/5kQbJ22bAfBu9oe65T5wI00?client_reference_id=instagram-engagement-routine-checklist,instagram-engagement-routine-checklist.pdf
DLX-0067,tiktok-30-day-content-calendar,TikTok 30-Day Content Calendar,Social Media,Fillable PDF,"Fillable 30-day TikTok calendar with slots for topic, format, hook, caption and posting time.",2,5.99,https://buy.stripe.com/5kQbJ22bAfBu9oe65T5wI00?client_reference_id=tiktok-30-day-content-calendar,tiktok-30-day-content-calendar.pdf
DLX-0068,tiktok-hook-caption-swipe-file,TikTok Hook & Caption Swipe File,Social Media,Fillable PDF,"Fill-in hook and caption formulas for TikTok, with space to save what performs well.",1,5.99,https://buy.stripe.com/5kQbJ22bAfBu9oe65T5wI00?client_reference_id=tiktok-hook-caption-swipe-file,tiktok-hook-caption-swipe-file.pdf
DLX-0069,tiktok-analytics-tracker,TikTok Analytics Tracker,Social Media,Fillable PDF,"Weekly TikTok tracker for reach, engagement, follower change and best-performing posts.",1,5.99,https://buy.stripe.com/5kQbJ22bAfBu9oe65T5wI00?client_reference_id=tiktok-analytics-tracker,tiktok-analytics-tracker.pdf
DLX-0070,tiktok-profile-audit-checklist,TikTok Profile Audit Checklist,Social Media,Checklist,"Checklist to review your TikTok bio, profile image, links, highlights and consistency.",1,5.99,https://buy.stripe.com/5kQbJ22bAfBu9oe65T5wI00?client_reference_id=tiktok-profile-audit-checklist,tiktok-profile-audit-checklist.pdf
DLX-0071,tiktok-hashtag-keyword-research-worksheet,TikTok Hashtag & Keyword Research Worksheet,Social Media,Fillable PDF,Organise TikTok keywords and hashtags by topic with notes on what works for you.,1,5.99,https://buy.stripe.com/5kQbJ22bAfBu9oe65T5wI00?client_reference_id=tiktok-hashtag-keyword-research-worksheet,tiktok-hashtag-keyword-research-worksheet.pdf
DLX-0072,tiktok-growth-goals-planner,TikTok Growth Goals Planner,Social Media,Fillable PDF,"Set 90-day TikTok goals, weekly actions and a review section.",1,5.99,https://buy.stripe.com/5kQbJ22bAfBu9oe65T5wI00?client_reference_id=tiktok-growth-goals-planner,tiktok-growth-goals-planner.pdf
DLX-0073,tiktok-collab-outreach-tracker,TikTok Collab & Outreach Tracker,Social Media,Fillable PDF,"Track brand and creator outreach on TikTok: contact, pitch date, status and follow-up.",1,5.99,https://buy.stripe.com/5kQbJ22bAfBu9oe65T5wI00?client_reference_id=tiktok-collab-outreach-tracker,tiktok-collab-outreach-tracker.pdf
DLX-0074,tiktok-content-ideas-brainstorm-sheet,TikTok Content Ideas Brainstorm Sheet,Social Media,Fillable PDF,Prompts and space to generate and rank TikTok post ideas by effort and impact.,1,5.99,https://buy.stripe.com/5kQbJ22bAfBu9oe65T5wI00?client_reference_id=tiktok-content-ideas-brainstorm-sheet,tiktok-content-ideas-brainstorm-sheet.pdf
DLX-0075,tiktok-posting-schedule-cheat-sheet,TikTok Posting Schedule Cheat Sheet,Social Media,Infographic,"Plan weekly TikTok posting frequency and time slots, with space to record test results.",1,5.99,https://buy.stripe.com/5kQbJ22bAfBu9oe65T5wI00?client_reference_id=tiktok-posting-schedule-cheat-sheet,tiktok-posting-schedule-cheat-sheet.pdf
DLX-0076,tiktok-engagement-routine-checklist,TikTok Engagement Routine Checklist,Social Media,Checklist,"Daily and weekly TikTok engagement checklist for comments, replies and community building.",1,5.99,https://buy.stripe.com/5kQbJ22bAfBu9oe65T5wI00?client_reference_id=tiktok-engagement-routine-checklist,tiktok-engagement-routine-checklist.pdf
DLX-0077,facebook-30-day-content-calendar,Facebook 30-Day Content Calendar,Social Media,Fillable PDF,"Fillable 30-day Facebook calendar with slots for topic, format, hook, caption and posting time.",2,5.99,https://buy.stripe.com/5kQbJ22bAfBu9oe65T5wI00?client_reference_id=facebook-30-day-content-calendar,facebook-30-day-content-calendar.pdf
DLX-0078,facebook-hook-caption-swipe-file,Facebook Hook & Caption Swipe File,Social Media,Fillable PDF,"Fill-in hook and caption formulas for Facebook, with space to save what performs well.",1,5.99,https://buy.stripe.com/5kQbJ22bAfBu9oe65T5wI00?client_reference_id=facebook-hook-caption-swipe-file,facebook-hook-caption-swipe-file.pdf
DLX-0079,facebook-analytics-tracker,Facebook Analytics Tracker,Social Media,Fillable PDF,"Weekly Facebook tracker for reach, engagement, follower change and best-performing posts.",1,5.99,https://buy.stripe.com/5kQbJ22bAfBu9oe65T5wI00?client_reference_id=facebook-analytics-tracker,facebook-analytics-tracker.pdf
DLX-0080,facebook-profile-audit-checklist,Facebook Profile Audit Checklist,Social Media,Checklist,"Checklist to review your Facebook bio, profile image, links, highlights and consistency.",1,5.99,https://buy.stripe.com/5kQbJ22bAfBu9oe65T5wI00?client_reference_id=facebook-profile-audit-checklist,facebook-profile-audit-checklist.pdf
DLX-0081,facebook-hashtag-keyword-research-worksheet,Facebook Hashtag & Keyword Research Worksheet,Social Media,Fillable PDF,Organise Facebook keywords and hashtags by topic with notes on what works for you.,1,5.99,https://buy.stripe.com/5kQbJ22bAfBu9oe65T5wI00?client_reference_id=facebook-hashtag-keyword-research-worksheet,facebook-hashtag-keyword-research-worksheet.pdf
DLX-0082,facebook-growth-goals-planner,Facebook Growth Goals Planner,Social Media,Fillable PDF,"Set 90-day Facebook goals, weekly actions and a review section.",1,5.99,https://buy.stripe.com/5kQbJ22bAfBu9oe65T5wI00?client_reference_id=facebook-growth-goals-planner,facebook-growth-goals-planner.pdf
DLX-0083,facebook-collab-outreach-tracker,Facebook Collab & Outreach Tracker,Social Media,Fillable PDF,"Track brand and creator outreach on Facebook: contact, pitch date, status and follow-up.",1,5.99,https://buy.stripe.com/5kQbJ22bAfBu9oe65T5wI00?client_reference_id=facebook-collab-outreach-tracker,facebook-collab-outreach-tracker.pdf
DLX-0084,facebook-content-ideas-brainstorm-sheet,Facebook Content Ideas Brainstorm Sheet,Social Media,Fillable PDF,Prompts and space to generate and rank Facebook post ideas by effort and impact.,1,5.99,https://buy.stripe.com/5kQbJ22bAfBu9oe65T5wI00?client_reference_id=facebook-content-ideas-brainstorm-sheet,facebook-content-ideas-brainstorm-sheet.pdf
DLX-0085,facebook-posting-schedule-cheat-sheet,Facebook Posting Schedule Cheat Sheet,Social Media,Infographic,"Plan weekly Facebook posting frequency and time slots, with space to record test results.",1,5.99,https://buy.stripe.com/5kQbJ22bAfBu9oe65T5wI00?client_reference_id=facebook-posting-schedule-cheat-sheet,facebook-posting-schedule-cheat-sheet.pdf
DLX-0086,facebook-engagement-routine-checklist,Facebook Engagement Routine Checklist,Social Media,Checklist,"Daily and weekly Facebook engagement checklist for comments, replies and community building.",1,5.99,https://buy.stripe.com/5kQbJ22bAfBu9oe65T5wI00?client_reference_id=facebook-engagement-routine-checklist,facebook-engagement-routine-checklist.pdf
DLX-0087,pinterest-30-day-content-calendar,Pinterest 30-Day Content Calendar,Social Media,Fillable PDF,"Fillable 30-day Pinterest calendar with slots for topic, format, hook, caption and posting time.",2,5.99,https://buy.stripe.com/5kQbJ22bAfBu9oe65T5wI00?client_reference_id=pinterest-30-day-content-calendar,pinterest-30-day-content-calendar.pdf
DLX-0088,pinterest-hook-caption-swipe-file,Pinterest Hook & Caption Swipe File,Social Media,Fillable PDF,"Fill-in hook and caption formulas for Pinterest, with space to save what performs well.",1,5.99,https://buy.stripe.com/5kQbJ22bAfBu9oe65T5wI00?client_reference_id=pinterest-hook-caption-swipe-file,pinterest-hook-caption-swipe-file.pdf
DLX-0089,pinterest-analytics-tracker,Pinterest Analytics Tracker,Social Media,Fillable PDF,"Weekly Pinterest tracker for reach, engagement, follower change and best-performing posts.",1,5.99,https://buy.stripe.com/5kQbJ22bAfBu9oe65T5wI00?client_reference_id=pinterest-analytics-tracker,pinterest-analytics-tracker.pdf
DLX-0090,pinterest-profile-audit-checklist,Pinterest Profile Audit Checklist,Social Media,Checklist,"Checklist to review your Pinterest bio, profile image, links, highlights and consistency.",1,5.99,https://buy.stripe.com/5kQbJ22bAfBu9oe65T5wI00?client_reference_id=pinterest-profile-audit-checklist,pinterest-profile-audit-checklist.pdf
DLX-0091,pinterest-hashtag-keyword-research-worksheet,Pinterest Hashtag & Keyword Research Worksheet,Social Media,Fillable PDF,Organise Pinterest keywords and hashtags by topic with notes on what works for you.,1,5.99,https://buy.stripe.com/5kQbJ22bAfBu9oe65T5wI00?client_reference_id=pinterest-hashtag-keyword-research-worksheet,pinterest-hashtag-keyword-research-worksheet.pdf
DLX-0092,pinterest-growth-goals-planner,Pinterest Growth Goals Planner,Social Media,Fillable PDF,"Set 90-day Pinterest goals, weekly actions and a review section.",1,5.99,https://buy.stripe.com/5kQbJ22bAfBu9oe65T5wI00?client_reference_id=pinterest-growth-goals-planner,pinterest-growth-goals-planner.pdf
DLX-0093,pinterest-collab-outreach-tracker,Pinterest Collab & Outreach Tracker,Social Media,Fillable PDF,"Track brand and creator outreach on Pinterest: contact, pitch date, status and follow-up.",1,5.99,https://buy.stripe.com/5kQbJ22bAfBu9oe65T5wI00?client_reference_id=pinterest-collab-outreach-tracker,pinterest-collab-outreach-tracker.pdf
DLX-0094,pinterest-content-ideas-brainstorm-sheet,Pinterest Content Ideas Brainstorm Sheet,Social Media,Fillable PDF,Prompts and space to generate and rank Pinterest post ideas by effort and impact.,1,5.99,https://buy.stripe.com/5kQbJ22bAfBu9oe65T5wI00?client_reference_id=pinterest-content-ideas-brainstorm-sheet,pinterest-content-ideas-brainstorm-sheet.pdf
DLX-0095,pinterest-posting-schedule-cheat-sheet,Pinterest Posting Schedule Cheat Sheet,Social Media,Infographic,"Plan weekly Pinterest posting frequency and time slots, with space to record test results.",1,5.99,https://buy.stripe.com/5kQbJ22bAfBu9oe65T5wI00?client_reference_id=pinterest-posting-schedule-cheat-sheet,pinterest-posting-schedule-cheat-sheet.pdf
DLX-0096,pinterest-engagement-routine-checklist,Pinterest Engagement Routine Checklist,Social Media,Checklist,"Daily and weekly Pinterest engagement checklist for comments, replies and community building.",1,5.99,https://buy.stripe.com/5kQbJ22bAfBu9oe65T5wI00?client_reference_id=pinterest-engagement-routine-checklist,pinterest-engagement-routine-checklist.pdf
DLX-0097,youtube-shorts-30-day-content-calendar,YouTube Shorts 30-Day Content Calendar,Social Media,Fillable PDF,"Fillable 30-day YouTube Shorts calendar with slots for topic, format, hook, caption and posting time.",2,5.99,https://buy.stripe.com/5kQbJ22bAfBu9oe65T5wI00?client_reference_id=youtube-shorts-30-day-content-calendar,youtube-shorts-30-day-content-calendar.pdf
DLX-0098,youtube-shorts-hook-caption-swipe-file,YouTube Shorts Hook & Caption Swipe File,Social Media,Fillable PDF,"Fill-in hook and caption formulas for YouTube Shorts, with space to save what performs well.",1,5.99,https://buy.stripe.com/5kQbJ22bAfBu9oe65T5wI00?client_reference_id=youtube-shorts-hook-caption-swipe-file,youtube-shorts-hook-caption-swipe-file.pdf
DLX-0099,youtube-shorts-analytics-tracker,YouTube Shorts Analytics Tracker,Social Media,Fillable PDF,"Weekly YouTube Shorts tracker for reach, engagement, follower change and best-performing posts.",1,5.99,https://buy.stripe.com/5kQbJ22bAfBu9oe65T5wI00?client_reference_id=youtube-shorts-analytics-tracker,youtube-shorts-analytics-tracker.pdf
DLX-0100,youtube-shorts-profile-audit-checklist,YouTube Shorts Profile Audit Checklist,Social Media,Checklist,"Checklist to review your YouTube Shorts bio, profile image, links, highlights and consistency.",1,5.99,https://buy.stripe.com/5kQbJ22bAfBu9oe65T5wI00?client_reference_id=youtube-shorts-profile-audit-checklist,youtube-shorts-profile-audit-checklist.pdf
DLX-0101,youtube-shorts-hashtag-keyword-research-worksheet,YouTube Shorts Hashtag & Keyword Research Worksheet,Social Media,Fillable PDF,Organise YouTube Shorts keywords and hashtags by topic with notes on what works for you.,1,5.99,https://buy.stripe.com/5kQbJ22bAfBu9oe65T5wI00?client_reference_id=youtube-shorts-hashtag-keyword-research-worksheet,youtube-shorts-hashtag-keyword-research-worksheet.pdf
DLX-0102,youtube-shorts-growth-goals-planner,YouTube Shorts Growth Goals Planner,Social Media,Fillable PDF,"Set 90-day YouTube Shorts goals, weekly actions and a review section.",1,5.99,https://buy.stripe.com/5kQbJ22bAfBu9oe65T5wI00?client_reference_id=youtube-shorts-growth-goals-planner,youtube-shorts-growth-goals-planner.pdf
DLX-0103,youtube-shorts-collab-outreach-tracker,YouTube Shorts Collab & Outreach Tracker,Social Media,Fillable PDF,"Track brand and creator outreach on YouTube Shorts: contact, pitch date, status and follow-up.",1,5.99,https://buy.stripe.com/5kQbJ22bAfBu9oe65T5wI00?client_reference_id=youtube-shorts-collab-outreach-tracker,youtube-shorts-collab-outreach-tracker.pdf
DLX-0104,youtube-shorts-content-ideas-brainstorm-sheet,YouTube Shorts Content Ideas Brainstorm Sheet,Social Media,Fillable PDF,Prompts and space to generate and rank YouTube Shorts post ideas by effort and impact.,1,5.99,https://buy.stripe.com/5kQbJ22bAfBu9oe65T5wI00?client_reference_id=youtube-shorts-content-ideas-brainstorm-sheet,youtube-shorts-content-ideas-brainstorm-sheet.pdf
DLX-0105,youtube-shorts-posting-schedule-cheat-sheet,YouTube Shorts Posting Schedule Cheat Sheet,Social Media,Infographic,"Plan weekly YouTube Shorts posting frequency and time slots, with space to record test results.",1,5.99,https://buy.stripe.com/5kQbJ22bAfBu9oe65T5wI00?client_reference_id=youtube-shorts-posting-schedule-cheat-sheet,youtube-shorts-posting-schedule-cheat-sheet.pdf
DLX-0106,youtube-shorts-engagement-routine-checklist,YouTube Shorts Engagement Routine Checklist,Social Media,Checklist,"Daily and weekly YouTube Shorts engagement checklist for comments, replies and community building.",1,5.99,https://buy.stripe.com/5kQbJ22bAfBu9oe65T5wI00?client_reference_id=youtube-shorts-engagement-routine-checklist,youtube-shorts-engagement-routine-checklist.pdf
DLX-0107,x-twitter-30-day-content-calendar,X (Twitter) 30-Day Content Calendar,Social Media,Fillable PDF,"Fillable 30-day X (Twitter) calendar with slots for topic, format, hook, caption and posting time.",2,5.99,https://buy.stripe.com/5kQbJ22bAfBu9oe65T5wI00?client_reference_id=x-twitter-30-day-content-calendar,x-twitter-30-day-content-calendar.pdf
DLX-0108,x-twitter-hook-caption-swipe-file,X (Twitter) Hook & Caption Swipe File,Social Media,Fillable PDF,"Fill-in hook and caption formulas for X (Twitter), with space to save what performs well.",1,5.99,https://buy.stripe.com/5kQbJ22bAfBu9oe65T5wI00?client_reference_id=x-twitter-hook-caption-swipe-file,x-twitter-hook-caption-swipe-file.pdf
DLX-0109,x-twitter-analytics-tracker,X (Twitter) Analytics Tracker,Social Media,Fillable PDF,"Weekly X (Twitter) tracker for reach, engagement, follower change and best-performing posts.",1,5.99,https://buy.stripe.com/5kQbJ22bAfBu9oe65T5wI00?client_reference_id=x-twitter-analytics-tracker,x-twitter-analytics-tracker.pdf
DLX-0110,x-twitter-profile-audit-checklist,X (Twitter) Profile Audit Checklist,Social Media,Checklist,"Checklist to review your X (Twitter) bio, profile image, links, highlights and consistency.",1,5.99,https://buy.stripe.com/5kQbJ22bAfBu9oe65T5wI00?client_reference_id=x-twitter-profile-audit-checklist,x-twitter-profile-audit-checklist.pdf
DLX-0111,x-twitter-hashtag-keyword-research-worksheet,X (Twitter) Hashtag & Keyword Research Worksheet,Social Media,Fillable PDF,Organise X (Twitter) keywords and hashtags by topic with notes on what works for you.,1,5.99,https://buy.stripe.com/5kQbJ22bAfBu9oe65T5wI00?client_reference_id=x-twitter-hashtag-keyword-research-worksheet,x-twitter-hashtag-keyword-research-worksheet.pdf
DLX-0112,x-twitter-growth-goals-planner,X (Twitter) Growth Goals Planner,Social Media,Fillable PDF,"Set 90-day X (Twitter) goals, weekly actions and a review section.",1,5.99,https://buy.stripe.com/5kQbJ22bAfBu9oe65T5wI00?client_reference_id=x-twitter-growth-goals-planner,x-twitter-growth-goals-planner.pdf
DLX-0113,x-twitter-collab-outreach-tracker,X (Twitter) Collab & Outreach Tracker,Social Media,Fillable PDF,"Track brand and creator outreach on X (Twitter): contact, pitch date, status and follow-up.",1,5.99,https://buy.stripe.com/5kQbJ22bAfBu9oe65T5wI00?client_reference_id=x-twitter-collab-outreach-tracker,x-twitter-collab-outreach-tracker.pdf
DLX-0114,x-twitter-content-ideas-brainstorm-sheet,X (Twitter) Content Ideas Brainstorm Sheet,Social Media,Fillable PDF,Prompts and space to generate and rank X (Twitter) post ideas by effort and impact.,1,5.99,https://buy.stripe.com/5kQbJ22bAfBu9oe65T5wI00?client_reference_id=x-twitter-content-ideas-brainstorm-sheet,x-twitter-content-ideas-brainstorm-sheet.pdf
DLX-0115,x-twitter-posting-schedule-cheat-sheet,X (Twitter) Posting Schedule Cheat Sheet,Social Media,Infographic,"Plan weekly X (Twitter) posting frequency and time slots, with space to record test results.",1,5.99,https://buy.stripe.com/5kQbJ22bAfBu9oe65T5wI00?client_reference_id=x-twitter-posting-schedule-cheat-sheet,x-twitter-posting-schedule-cheat-sheet.pdf
DLX-0116,x-twitter-engagement-routine-checklist,X (Twitter) Engagement Routine Checklist,Social Media,Checklist,"Daily and weekly X (Twitter) engagement checklist for comments, replies and community building.",1,5.99,https://buy.stripe.com/5kQbJ22bAfBu9oe65T5wI00?client_reference_id=x-twitter-engagement-routine-checklist,x-twitter-engagement-routine-checklist.pdf
DLX-0117,linkedin-30-day-content-calendar,LinkedIn 30-Day Content Calendar,Social Media,Fillable PDF,"Fillable 30-day LinkedIn calendar with slots for topic, format, hook, caption and posting time.",2,5.99,https://buy.stripe.com/5kQbJ22bAfBu9oe65T5wI00?client_reference_id=linkedin-30-day-content-calendar,linkedin-30-day-content-calendar.pdf
DLX-0118,linkedin-hook-caption-swipe-file,LinkedIn Hook & Caption Swipe File,Social Media,Fillable PDF,"Fill-in hook and caption formulas for LinkedIn, with space to save what performs well.",1,5.99,https://buy.stripe.com/5kQbJ22bAfBu9oe65T5wI00?client_reference_id=linkedin-hook-caption-swipe-file,linkedin-hook-caption-swipe-file.pdf
DLX-0119,linkedin-analytics-tracker,LinkedIn Analytics Tracker,Social Media,Fillable PDF,"Weekly LinkedIn tracker for reach, engagement, follower change and best-performing posts.",1,5.99,https://buy.stripe.com/5kQbJ22bAfBu9oe65T5wI00?client_reference_id=linkedin-analytics-tracker,linkedin-analytics-tracker.pdf
DLX-0120,linkedin-profile-audit-checklist,LinkedIn Profile Audit Checklist,Social Media,Checklist,"Checklist to review your LinkedIn bio, profile image, links, highlights and consistency.",1,5.99,https://buy.stripe.com/5kQbJ22bAfBu9oe65T5wI00?client_reference_id=linkedin-profile-audit-checklist,linkedin-profile-audit-checklist.pdf
DLX-0121,linkedin-hashtag-keyword-research-worksheet,LinkedIn Hashtag & Keyword Research Worksheet,Social Media,Fillable PDF,Organise LinkedIn keywords and hashtags by topic with notes on what works for you.,1,5.99,https://buy.stripe.com/5kQbJ22bAfBu9oe65T5wI00?client_reference_id=linkedin-hashtag-keyword-research-worksheet,linkedin-hashtag-keyword-research-worksheet.pdf
DLX-0122,linkedin-growth-goals-planner,LinkedIn Growth Goals Planner,Social Media,Fillable PDF,"Set 90-day LinkedIn goals, weekly actions and a review section.",1,5.99,https://buy.stripe.com/5kQbJ22bAfBu9oe65T5wI00?client_reference_id=linkedin-growth-goals-planner,linkedin-growth-goals-planner.pdf
DLX-0123,linkedin-collab-outreach-tracker,LinkedIn Collab & Outreach Tracker,Social Media,Fillable PDF,"Track brand and creator outreach on LinkedIn: contact, pitch date, status and follow-up.",1,5.99,https://buy.stripe.com/5kQbJ22bAfBu9oe65T5wI00?client_reference_id=linkedin-collab-outreach-tracker,linkedin-collab-outreach-tracker.pdf
DLX-0124,linkedin-content-ideas-brainstorm-sheet,LinkedIn Content Ideas Brainstorm Sheet,Social Media,Fillable PDF,Prompts and space to generate and rank LinkedIn post ideas by effort and impact.,1,5.99,https://buy.stripe.com/5kQbJ22bAfBu9oe65T5wI00?client_reference_id=linkedin-content-ideas-brainstorm-sheet,linkedin-content-ideas-brainstorm-sheet.pdf
DLX-0125,linkedin-posting-schedule-cheat-sheet,LinkedIn Posting Schedule Cheat Sheet,Social Media,Infographic,"Plan weekly LinkedIn posting frequency and time slots, with space to record test results.",1,5.99,https://buy.stripe.com/5kQbJ22bAfBu9oe65T5wI00?client_reference_id=linkedin-posting-schedule-cheat-sheet,linkedin-posting-schedule-cheat-sheet.pdf
DLX-0126,linkedin-engagement-routine-checklist,LinkedIn Engagement Routine Checklist,Social Media,Checklist,"Daily and weekly LinkedIn engagement checklist for comments, replies and community building.",1,5.99,https://buy.stripe.com/5kQbJ22bAfBu9oe65T5wI00?client_reference_id=linkedin-engagement-routine-checklist,linkedin-engagement-routine-checklist.pdf
DLX-0127,threads-30-day-content-calendar,Threads 30-Day Content Calendar,Social Media,Fillable PDF,"Fillable 30-day Threads calendar with slots for topic, format, hook, caption and posting time.",2,5.99,https://buy.stripe.com/5kQbJ22bAfBu9oe65T5wI00?client_reference_id=threads-30-day-content-calendar,threads-30-day-content-calendar.pdf
DLX-0128,threads-hook-caption-swipe-file,Threads Hook & Caption Swipe File,Social Media,Fillable PDF,"Fill-in hook and caption formulas for Threads, with space to save what performs well.",1,5.99,https://buy.stripe.com/5kQbJ22bAfBu9oe65T5wI00?client_reference_id=threads-hook-caption-swipe-file,threads-hook-caption-swipe-file.pdf
DLX-0129,threads-analytics-tracker,Threads Analytics Tracker,Social Media,Fillable PDF,"Weekly Threads tracker for reach, engagement, follower change and best-performing posts.",1,5.99,https://buy.stripe.com/5kQbJ22bAfBu9oe65T5wI00?client_reference_id=threads-analytics-tracker,threads-analytics-tracker.pdf
DLX-0130,threads-profile-audit-checklist,Threads Profile Audit Checklist,Social Media,Checklist,"Checklist to review your Threads bio, profile image, links, highlights and consistency.",1,5.99,https://buy.stripe.com/5kQbJ22bAfBu9oe65T5wI00?client_reference_id=threads-profile-audit-checklist,threads-profile-audit-checklist.pdf
DLX-0131,threads-hashtag-keyword-research-worksheet,Threads Hashtag & Keyword Research Worksheet,Social Media,Fillable PDF,Organise Threads keywords and hashtags by topic with notes on what works for you.,1,5.99,https://buy.stripe.com/5kQbJ22bAfBu9oe65T5wI00?client_reference_id=threads-hashtag-keyword-research-worksheet,threads-hashtag-keyword-research-worksheet.pdf
DLX-0132,threads-growth-goals-planner,Threads Growth Goals Planner,Social Media,Fillable PDF,"Set 90-day Threads goals, weekly actions and a review section.",1,5.99,https://buy.stripe.com/5kQbJ22bAfBu9oe65T5wI00?client_reference_id=threads-growth-goals-planner,threads-growth-goals-planner.pdf
DLX-0133,threads-collab-outreach-tracker,Threads Collab & Outreach Tracker,Social Media,Fillable PDF,"Track brand and creator outreach on Threads: contact, pitch date, status and follow-up.",1,5.99,https://buy.stripe.com/5kQbJ22bAfBu9oe65T5wI00?client_reference_id=threads-collab-outreach-tracker,threads-collab-outreach-tracker.pdf
DLX-0134,threads-content-ideas-brainstorm-sheet,Threads Content Ideas Brainstorm Sheet,Social Media,Fillable PDF,Prompts and space to generate and rank Threads post ideas by effort and impact.,1,5.99,https://buy.stripe.com/5kQbJ22bAfBu9oe65T5wI00?client_reference_id=threads-content-ideas-brainstorm-sheet,threads-content-ideas-brainstorm-sheet.pdf
DLX-0135,threads-posting-schedule-cheat-sheet,Threads Posting Schedule Cheat Sheet,Social Media,Infographic,"Plan weekly Threads posting frequency and time slots, with space to record test results.",1,5.99,https://buy.stripe.com/5kQbJ22bAfBu9oe65T5wI00?client_reference_id=threads-posting-schedule-cheat-sheet,threads-posting-schedule-cheat-sheet.pdf
DLX-0136,threads-engagement-routine-checklist,Threads Engagement Routine Checklist,Social Media,Checklist,"Daily and weekly Threads engagement checklist for comments, replies and community building.",1,5.99,https://buy.stripe.com/5kQbJ22bAfBu9oe65T5wI00?client_reference_id=threads-engagement-routine-checklist,threads-engagement-routine-checklist.pdf
DLX-0137,30-day-content-calendar-for-deal-coupon-bloggers,30-Day Content Calendar for Deal & Coupon Bloggers,Social Media,Fillable PDF,"Fillable 30-day content calendar built around the needs of Deal & Coupon Bloggers, with post types, hooks, product slots and disclosure reminders.",2,5.99,https://buy.stripe.com/5kQbJ22bAfBu9oe65T5wI00?client_reference_id=30-day-content-calendar-for-deal-coupon-bloggers,30-day-content-calendar-for-deal-coupon-bloggers.pdf
DLX-0138,product-review-template-for-deal-coupon-bloggers,Product Review Template for Deal & Coupon Bloggers,Social Media,Fillable PDF,"Structured review sheet for Deal & Coupon Bloggers: pros, cons, price paid, alternatives, rating and affiliate disclosure.",2,5.99,https://buy.stripe.com/5kQbJ22bAfBu9oe65T5wI00?client_reference_id=product-review-template-for-deal-coupon-bloggers,product-review-template-for-deal-coupon-bloggers.pdf
DLX-0139,brand-pitch-partnership-tracker-for-deal-coupon-bloggers,Brand Pitch & Partnership Tracker for Deal & Coupon Bloggers,Social Media,Fillable PDF,"Track pitches, rates, deliverables and deadlines for Deal & Coupon Bloggers.",1,5.99,https://buy.stripe.com/5kQbJ22bAfBu9oe65T5wI00?client_reference_id=brand-pitch-partnership-tracker-for-deal-coupon-bloggers,brand-pitch-partnership-tracker-for-deal-coupon-bloggers.pdf
DLX-0140,monthly-income-expense-tracker-for-deal-coupon-bloggers,Monthly Income & Expense Tracker for Deal & Coupon Bloggers,Social Media,Fillable PDF,"Log commissions, sales, product costs and tools to see profit each month for Deal & Coupon Bloggers.",1,5.99,https://buy.stripe.com/5kQbJ22bAfBu9oe65T5wI00?client_reference_id=monthly-income-expense-tracker-for-deal-coupon-bloggers,monthly-income-expense-tracker-for-deal-coupon-bloggers.pdf
DLX-0141,30-day-content-calendar-for-thrift-flippers,30-Day Content Calendar for Thrift Flippers,Social Media,Fillable PDF,"Fillable 30-day content calendar built around the needs of Thrift Flippers, with post types, hooks, product slots and disclosure reminders.",2,5.99,https://buy.stripe.com/5kQbJ22bAfBu9oe65T5wI00?client_reference_id=30-day-content-calendar-for-thrift-flippers,30-day-content-calendar-for-thrift-flippers.pdf
DLX-0142,product-review-template-for-thrift-flippers,Product Review Template for Thrift Flippers,Social Media,Fillable PDF,"Structured review sheet for Thrift Flippers: pros, cons, price paid, alternatives, rating and affiliate disclosure.",2,5.99,https://buy.stripe.com/5kQbJ22bAfBu9oe65T5wI00?client_reference_id=product-review-template-for-thrift-flippers,product-review-template-for-thrift-flippers.pdf
DLX-0143,brand-pitch-partnership-tracker-for-thrift-flippers,Brand Pitch & Partnership Tracker for Thrift Flippers,Social Media,Fillable PDF,"Track pitches, rates, deliverables and deadlines for Thrift Flippers.",1,5.99,https://buy.stripe.com/5kQbJ22bAfBu9oe65T5wI00?client_reference_id=brand-pitch-partnership-tracker-for-thrift-flippers,brand-pitch-partnership-tracker-for-thrift-flippers.pdf
DLX-0144,monthly-income-expense-tracker-for-thrift-flippers,Monthly Income & Expense Tracker for Thrift Flippers,Social Media,Fillable PDF,"Log commissions, sales, product costs and tools to see profit each month for Thrift Flippers.",1,5.99,https://buy.stripe.com/5kQbJ22bAfBu9oe65T5wI00?client_reference_id=monthly-income-expense-tracker-for-thrift-flippers,monthly-income-expense-tracker-for-thrift-flippers.pdf
DLX-0145,30-day-content-calendar-for-fashion-hauls,30-Day Content Calendar for Fashion Hauls,Social Media,Fillable PDF,"Fillable 30-day content calendar built around the needs of Fashion Hauls, with post types, hooks, product slots and disclosure reminders.",2,5.99,https://buy.stripe.com/5kQbJ22bAfBu9oe65T5wI00?client_reference_id=30-day-content-calendar-for-fashion-hauls,30-day-content-calendar-for-fashion-hauls.pdf
DLX-0146,product-review-template-for-fashion-hauls,Product Review Template for Fashion Hauls,Social Media,Fillable PDF,"Structured review sheet for Fashion Hauls: pros, cons, price paid, alternatives, rating and affiliate disclosure.",2,5.99,https://buy.stripe.com/5kQbJ22bAfBu9oe65T5wI00?client_reference_id=product-review-template-for-fashion-hauls,product-review-template-for-fashion-hauls.pdf
DLX-0147,brand-pitch-partnership-tracker-for-fashion-hauls,Brand Pitch & Partnership Tracker for Fashion Hauls,Social Media,Fillable PDF,"Track pitches, rates, deliverables and deadlines for Fashion Hauls.",1,5.99,https://buy.stripe.com/5kQbJ22bAfBu9oe65T5wI00?client_reference_id=brand-pitch-partnership-tracker-for-fashion-hauls,brand-pitch-partnership-tracker-for-fashion-hauls.pdf
DLX-0148,monthly-income-expense-tracker-for-fashion-hauls,Monthly Income & Expense Tracker for Fashion Hauls,Social Media,Fillable PDF,"Log commissions, sales, product costs and tools to see profit each month for Fashion Hauls.",1,5.99,https://buy.stripe.com/5kQbJ22bAfBu9oe65T5wI00?client_reference_id=monthly-income-expense-tracker-for-fashion-hauls,monthly-income-expense-tracker-for-fashion-hauls.pdf
DLX-0149,30-day-content-calendar-for-home-d-cor-creators,30-Day Content Calendar for Home Décor Creators,Social Media,Fillable PDF,"Fillable 30-day content calendar built around the needs of Home Décor Creators, with post types, hooks, product slots and disclosure reminders.",2,5.99,https://buy.stripe.com/5kQbJ22bAfBu9oe65T5wI00?client_reference_id=30-day-content-calendar-for-home-d-cor-creators,30-day-content-calendar-for-home-d-cor-creators.pdf
DLX-0150,product-review-template-for-home-d-cor-creators,Product Review Template for Home Décor Creators,Social Media,Fillable PDF,"Structured review sheet for Home Décor Creators: pros, cons, price paid, alternatives, rating and affiliate disclosure.",2,5.99,https://buy.stripe.com/5kQbJ22bAfBu9oe65T5wI00?client_reference_id=product-review-template-for-home-d-cor-creators,product-review-template-for-home-d-cor-creators.pdf
DLX-0151,brand-pitch-partnership-tracker-for-home-d-cor-creators,Brand Pitch & Partnership Tracker for Home Décor Creators,Social Media,Fillable PDF,"Track pitches, rates, deliverables and deadlines for Home Décor Creators.",1,5.99,https://buy.stripe.com/5kQbJ22bAfBu9oe65T5wI00?client_reference_id=brand-pitch-partnership-tracker-for-home-d-cor-creators,brand-pitch-partnership-tracker-for-home-d-cor-creators.pdf
DLX-0152,monthly-income-expense-tracker-for-home-d-cor-creators,Monthly Income & Expense Tracker for Home Décor Creators,Social Media,Fillable PDF,"Log commissions, sales, product costs and tools to see profit each month for Home Décor Creators.",1,5.99,https://buy.stripe.com/5kQbJ22bAfBu9oe65T5wI00?client_reference_id=monthly-income-expense-tracker-for-home-d-cor-creators,monthly-income-expense-tracker-for-home-d-cor-creators.pdf
DLX-0153,30-day-content-calendar-for-tech-reviewers,30-Day Content Calendar for Tech Reviewers,Social Media,Fillable PDF,"Fillable 30-day content calendar built around the needs of Tech Reviewers, with post types, hooks, product slots and disclosure reminders.",2,5.99,https://buy.stripe.com/5kQbJ22bAfBu9oe65T5wI00?client_reference_id=30-day-content-calendar-for-tech-reviewers,30-day-content-calendar-for-tech-reviewers.pdf
DLX-0154,product-review-template-for-tech-reviewers,Product Review Template for Tech Reviewers,Social Media,Fillable PDF,"Structured review sheet for Tech Reviewers: pros, cons, price paid, alternatives, rating and affiliate disclosure.",2,5.99,https://buy.stripe.com/5kQbJ22bAfBu9oe65T5wI00?client_reference_id=product-review-template-for-tech-reviewers,product-review-template-for-tech-reviewers.pdf
DLX-0155,brand-pitch-partnership-tracker-for-tech-reviewers,Brand Pitch & Partnership Tracker for Tech Reviewers,Social Media,Fillable PDF,"Track pitches, rates, deliverables and deadlines for Tech Reviewers.",1,5.99,https://buy.stripe.com/5kQbJ22bAfBu9oe65T5wI00?client_reference_id=brand-pitch-partnership-tracker-for-tech-reviewers,brand-pitch-partnership-tracker-for-tech-reviewers.pdf
DLX-0156,monthly-income-expense-tracker-for-tech-reviewers,Monthly Income & Expense Tracker for Tech Reviewers,Social Media,Fillable PDF,"Log commissions, sales, product costs and tools to see profit each month for Tech Reviewers.",1,5.99,https://buy.stripe.com/5kQbJ22bAfBu9oe65T5wI00?client_reference_id=monthly-income-expense-tracker-for-tech-reviewers,monthly-income-expense-tracker-for-tech-reviewers.pdf
DLX-0157,30-day-content-calendar-for-budget-travel-creators,30-Day Content Calendar for Budget Travel Creators,Social Media,Fillable PDF,"Fillable 30-day content calendar built around the needs of Budget Travel Creators, with post types, hooks, product slots and disclosure reminders.",2,5.99,https://buy.stripe.com/5kQbJ22bAfBu9oe65T5wI00?client_reference_id=30-day-content-calendar-for-budget-travel-creators,30-day-content-calendar-for-budget-travel-creators.pdf
DLX-0158,product-review-template-for-budget-travel-creators,Product Review Template for Budget Travel Creators,Social Media,Fillable PDF,"Structured review sheet for Budget Travel Creators: pros, cons, price paid, alternatives, rating and affiliate disclosure.",2,5.99,https://buy.stripe.com/5kQbJ22bAfBu9oe65T5wI00?client_reference_id=product-review-template-for-budget-travel-creators,product-review-template-for-budget-travel-creators.pdf
DLX-0159,brand-pitch-partnership-tracker-for-budget-travel-creators,Brand Pitch & Partnership Tracker for Budget Travel Creators,Social Media,Fillable PDF,"Track pitches, rates, deliverables and deadlines for Budget Travel Creators.",1,5.99,https://buy.stripe.com/5kQbJ22bAfBu9oe65T5wI00?client_reference_id=brand-pitch-partnership-tracker-for-budget-travel-creators,brand-pitch-partnership-tracker-for-budget-travel-creators.pdf
DLX-0160,monthly-income-expense-tracker-for-budget-travel-creators,Monthly Income & Expense Tracker for Budget Travel Creators,Social Media,Fillable PDF,"Log commissions, sales, product costs and tools to see profit each month for Budget Travel Creators.",1,5.99,https://buy.stripe.com/5kQbJ22bAfBu9oe65T5wI00?client_reference_id=monthly-income-expense-tracker-for-budget-travel-creators,monthly-income-expense-tracker-for-budget-travel-creators.pdf
DLX-0161,30-day-content-calendar-for-beauty-skincare-reviewers,30-Day Content Calendar for Beauty & Skincare Reviewers,Social Media,Fillable PDF,"Fillable 30-day content calendar built around the needs of Beauty & Skincare Reviewers, with post types, hooks, product slots and disclosure reminders.",2,5.99,https://buy.stripe.com/5kQbJ22bAfBu9oe65T5wI00?client_reference_id=30-day-content-calendar-for-beauty-skincare-reviewers,30-day-content-calendar-for-beauty-skincare-reviewers.pdf
DLX-0162,product-review-template-for-beauty-skincare-reviewers,Product Review Template for Beauty & Skincare Reviewers,Social Media,Fillable PDF,"Structured review sheet for Beauty & Skincare Reviewers: pros, cons, price paid, alternatives, rating and affiliate disclosure.",2,5.99,https://buy.stripe.com/5kQbJ22bAfBu9oe65T5wI00?client_reference_id=product-review-template-for-beauty-skincare-reviewers,product-review-template-for-beauty-skincare-reviewers.pdf
DLX-0163,brand-pitch-partnership-tracker-for-beauty-skincare-reviewers,Brand Pitch & Partnership Tracker for Beauty & Skincare Reviewers,Social Media,Fillable PDF,"Track pitches, rates, deliverables and deadlines for Beauty & Skincare Reviewers.",1,5.99,https://buy.stripe.com/5kQbJ22bAfBu9oe65T5wI00?client_reference_id=brand-pitch-partnership-tracker-for-beauty-skincare-reviewers,brand-pitch-partnership-tracker-for-beauty-skincare-reviewers.pdf
DLX-0164,monthly-income-expense-tracker-for-beauty-skincare-reviewers,Monthly Income & Expense Tracker for Beauty & Skincare Reviewers,Social Media,Fillable PDF,"Log commissions, sales, product costs and tools to see profit each month for Beauty & Skincare Reviewers.",1,5.99,https://buy.stripe.com/5kQbJ22bAfBu9oe65T5wI00?client_reference_id=monthly-income-expense-tracker-for-beauty-skincare-reviewers,monthly-income-expense-tracker-for-beauty-skincare-reviewers.pdf
DLX-0165,30-day-content-calendar-for-fitness-gear-reviewers,30-Day Content Calendar for Fitness Gear Reviewers,Social Media,Fillable PDF,"Fillable 30-day content calendar built around the needs of Fitness Gear Reviewers, with post types, hooks, product slots and disclosure reminders.",2,5.99,https://buy.stripe.com/5kQbJ22bAfBu9oe65T5wI00?client_reference_id=30-day-content-calendar-for-fitness-gear-reviewers,30-day-content-calendar-for-fitness-gear-reviewers.pdf
DLX-0166,product-review-template-for-fitness-gear-reviewers,Product Review Template for Fitness Gear Reviewers,Social Media,Fillable PDF,"Structured review sheet for Fitness Gear Reviewers: pros, cons, price paid, alternatives, rating and affiliate disclosure.",2,5.99,https://buy.stripe.com/5kQbJ22bAfBu9oe65T5wI00?client_reference_id=product-review-template-for-fitness-gear-reviewers,product-review-template-for-fitness-gear-reviewers.pdf
DLX-0167,brand-pitch-partnership-tracker-for-fitness-gear-reviewers,Brand Pitch & Partnership Tracker for Fitness Gear Reviewers,Social Media,Fillable PDF,"Track pitches, rates, deliverables and deadlines for Fitness Gear Reviewers.",1,5.99,https://buy.stripe.com/5kQbJ22bAfBu9oe65T5wI00?client_reference_id=brand-pitch-partnership-tracker-for-fitness-gear-reviewers,brand-pitch-partnership-tracker-for-fitness-gear-reviewers.pdf
DLX-0168,monthly-income-expense-tracker-for-fitness-gear-reviewers,Monthly Income & Expense Tracker for Fitness Gear Reviewers,Social Media,Fillable PDF,"Log commissions, sales, product costs and tools to see profit each month for Fitness Gear Reviewers.",1,5.99,https://buy.stripe.com/5kQbJ22bAfBu9oe65T5wI00?client_reference_id=monthly-income-expense-tracker-for-fitness-gear-reviewers,monthly-income-expense-tracker-for-fitness-gear-reviewers.pdf
DLX-0169,30-day-content-calendar-for-parenting-family-savings-creators,30-Day Content Calendar for Parenting & Family Savings Creators,Social Media,Fillable PDF,"Fillable 30-day content calendar built around the needs of Parenting & Family Savings Creators, with post types, hooks, product slots and disclosure reminders.",2,5.99,https://buy.stripe.com/5kQbJ22bAfBu9oe65T5wI00?client_reference_id=30-day-content-calendar-for-parenting-family-savings-creators,30-day-content-calendar-for-parenting-family-savings-creators.pdf
DLX-0170,product-review-template-for-parenting-family-savings-creators,Product Review Template for Parenting & Family Savings Creators,Social Media,Fillable PDF,"Structured review sheet for Parenting & Family Savings Creators: pros, cons, price paid, alternatives, rating and affiliate disclosure.",2,5.99,https://buy.stripe.com/5kQbJ22bAfBu9oe65T5wI00?client_reference_id=product-review-template-for-parenting-family-savings-creators,product-review-template-for-parenting-family-savings-creators.pdf
DLX-0171,brand-pitch-partnership-tracker-for-parenting-family-savings-creators,Brand Pitch & Partnership Tracker for Parenting & Family Savings Creators,Social Media,Fillable PDF,"Track pitches, rates, deliverables and deadlines for Parenting & Family Savings Creators.",1,5.99,https://buy.stripe.com/5kQbJ22bAfBu9oe65T5wI00?client_reference_id=brand-pitch-partnership-tracker-for-parenting-family-savings-creators,brand-pitch-partnership-tracker-for-parenting-family-savings-creators.pdf
DLX-0172,monthly-income-expense-tracker-for-parenting-family-savings-creators,Monthly Income & Expense Tracker for Parenting & Family Savings Creators,Social Media,Fillable PDF,"Log commissions, sales, product costs and tools to see profit each month for Parenting & Family Savings Creators.",1,5.99,https://buy.stripe.com/5kQbJ22bAfBu9oe65T5wI00?client_reference_id=monthly-income-expense-tracker-for-parenting-family-savings-creators,monthly-income-expense-tracker-for-parenting-family-savings-creators.pdf
DLX-0173,30-day-content-calendar-for-student-dorm-life-creators,30-Day Content Calendar for Student & Dorm Life Creators,Social Media,Fillable PDF,"Fillable 30-day content calendar built around the needs of Student & Dorm Life Creators, with post types, hooks, product slots and disclosure reminders.",2,5.99,https://buy.stripe.com/5kQbJ22bAfBu9oe65T5wI00?client_reference_id=30-day-content-calendar-for-student-dorm-life-creators,30-day-content-calendar-for-student-dorm-life-creators.pdf
DLX-0174,product-review-template-for-student-dorm-life-creators,Product Review Template for Student & Dorm Life Creators,Social Media,Fillable PDF,"Structured review sheet for Student & Dorm Life Creators: pros, cons, price paid, alternatives, rating and affiliate disclosure.",2,5.99,https://buy.stripe.com/5kQbJ22bAfBu9oe65T5wI00?client_reference_id=product-review-template-for-student-dorm-life-creators,product-review-template-for-student-dorm-life-creators.pdf
DLX-0175,brand-pitch-partnership-tracker-for-student-dorm-life-creators,Brand Pitch & Partnership Tracker for Student & Dorm Life Creators,Social Media,Fillable PDF,"Track pitches, rates, deliverables and deadlines for Student & Dorm Life Creators.",1,5.99,https://buy.stripe.com/5kQbJ22bAfBu9oe65T5wI00?client_reference_id=brand-pitch-partnership-tracker-for-student-dorm-life-creators,brand-pitch-partnership-tracker-for-student-dorm-life-creators.pdf
DLX-0176,monthly-income-expense-tracker-for-student-dorm-life-creators,Monthly Income & Expense Tracker for Student & Dorm Life Creators,Social Media,Fillable PDF,"Log commissions, sales, product costs and tools to see profit each month for Student & Dorm Life Creators.",1,5.99,https://buy.stripe.com/5kQbJ22bAfBu9oe65T5wI00?client_reference_id=monthly-income-expense-tracker-for-student-dorm-life-creators,monthly-income-expense-tracker-for-student-dorm-life-creators.pdf
DLX-0177,30-day-content-calendar-for-gift-guide-creators,30-Day Content Calendar for Gift Guide Creators,Social Media,Fillable PDF,"Fillable 30-day content calendar built around the needs of Gift Guide Creators, with post types, hooks, product slots and disclosure reminders.",2,5.99,https://buy.stripe.com/5kQbJ22bAfBu9oe65T5wI00?client_reference_id=30-day-content-calendar-for-gift-guide-creators,30-day-content-calendar-for-gift-guide-creators.pdf
DLX-0178,product-review-template-for-gift-guide-creators,Product Review Template for Gift Guide Creators,Social Media,Fillable PDF,"Structured review sheet for Gift Guide Creators: pros, cons, price paid, alternatives, rating and affiliate disclosure.",2,5.99,https://buy.stripe.com/5kQbJ22bAfBu9oe65T5wI00?client_reference_id=product-review-template-for-gift-guide-creators,product-review-template-for-gift-guide-creators.pdf
DLX-0179,brand-pitch-partnership-tracker-for-gift-guide-creators,Brand Pitch & Partnership Tracker for Gift Guide Creators,Social Media,Fillable PDF,"Track pitches, rates, deliverables and deadlines for Gift Guide Creators.",1,5.99,https://buy.stripe.com/5kQbJ22bAfBu9oe65T5wI00?client_reference_id=brand-pitch-partnership-tracker-for-gift-guide-creators,brand-pitch-partnership-tracker-for-gift-guide-creators.pdf
DLX-0180,monthly-income-expense-tracker-for-gift-guide-creators,Monthly Income & Expense Tracker for Gift Guide Creators,Social Media,Fillable PDF,"Log commissions, sales, product costs and tools to see profit each month for Gift Guide Creators.",1,5.99,https://buy.stripe.com/5kQbJ22bAfBu9oe65T5wI00?client_reference_id=monthly-income-expense-tracker-for-gift-guide-creators,monthly-income-expense-tracker-for-gift-guide-creators.pdf
DLX-0181,30-day-content-calendar-for-unboxing-channels,30-Day Content Calendar for Unboxing Channels,Social Media,Fillable PDF,"Fillable 30-day content calendar built around the needs of Unboxing Channels, with post types, hooks, product slots and disclosure reminders.",2,5.99,https://buy.stripe.com/5kQbJ22bAfBu9oe65T5wI00?client_reference_id=30-day-content-calendar-for-unboxing-channels,30-day-content-calendar-for-unboxing-channels.pdf
DLX-0182,product-review-template-for-unboxing-channels,Product Review Template for Unboxing Channels,Social Media,Fillable PDF,"Structured review sheet for Unboxing Channels: pros, cons, price paid, alternatives, rating and affiliate disclosure.",2,5.99,https://buy.stripe.com/5kQbJ22bAfBu9oe65T5wI00?client_reference_id=product-review-template-for-unboxing-channels,product-review-template-for-unboxing-channels.pdf
DLX-0183,brand-pitch-partnership-tracker-for-unboxing-channels,Brand Pitch & Partnership Tracker for Unboxing Channels,Social Media,Fillable PDF,"Track pitches, rates, deliverables and deadlines for Unboxing Channels.",1,5.99,https://buy.stripe.com/5kQbJ22bAfBu9oe65T5wI00?client_reference_id=brand-pitch-partnership-tracker-for-unboxing-channels,brand-pitch-partnership-tracker-for-unboxing-channels.pdf
DLX-0184,monthly-income-expense-tracker-for-unboxing-channels,Monthly Income & Expense Tracker for Unboxing Channels,Social Media,Fillable PDF,"Log commissions, sales, product costs and tools to see profit each month for Unboxing Channels.",1,5.99,https://buy.stripe.com/5kQbJ22bAfBu9oe65T5wI00?client_reference_id=monthly-income-expense-tracker-for-unboxing-channels,monthly-income-expense-tracker-for-unboxing-channels.pdf
DLX-0185,30-day-content-calendar-for-small-online-shop-owners,30-Day Content Calendar for Small Online Shop Owners,Social Media,Fillable PDF,"Fillable 30-day content calendar built around the needs of Small Online Shop Owners, with post types, hooks, product slots and disclosure reminders.",2,5.99,https://buy.stripe.com/5kQbJ22bAfBu9oe65T5wI00?client_reference_id=30-day-content-calendar-for-small-online-shop-owners,30-day-content-calendar-for-small-online-shop-owners.pdf
DLX-0186,product-review-template-for-small-online-shop-owners,Product Review Template for Small Online Shop Owners,Social Media,Fillable PDF,"Structured review sheet for Small Online Shop Owners: pros, cons, price paid, alternatives, rating and affiliate disclosure.",2,5.99,https://buy.stripe.com/5kQbJ22bAfBu9oe65T5wI00?client_reference_id=product-review-template-for-small-online-shop-owners,product-review-template-for-small-online-shop-owners.pdf
DLX-0187,brand-pitch-partnership-tracker-for-small-online-shop-owners,Brand Pitch & Partnership Tracker for Small Online Shop Owners,Social Media,Fillable PDF,"Track pitches, rates, deliverables and deadlines for Small Online Shop Owners.",1,5.99,https://buy.stripe.com/5kQbJ22bAfBu9oe65T5wI00?client_reference_id=brand-pitch-partnership-tracker-for-small-online-shop-owners,brand-pitch-partnership-tracker-for-small-online-shop-owners.pdf
DLX-0188,monthly-income-expense-tracker-for-small-online-shop-owners,Monthly Income & Expense Tracker for Small Online Shop Owners,Social Media,Fillable PDF,"Log commissions, sales, product costs and tools to see profit each month for Small Online Shop Owners.",1,5.99,https://buy.stripe.com/5kQbJ22bAfBu9oe65T5wI00?client_reference_id=monthly-income-expense-tracker-for-small-online-shop-owners,monthly-income-expense-tracker-for-small-online-shop-owners.pdf
DLX-0189,30-day-content-calendar-for-etsy-handmade-sellers,30-Day Content Calendar for Etsy & Handmade Sellers,Social Media,Fillable PDF,"Fillable 30-day content calendar built around the needs of Etsy & Handmade Sellers, with post types, hooks, product slots and disclosure reminders.",2,5.99,https://buy.stripe.com/5kQbJ22bAfBu9oe65T5wI00?client_reference_id=30-day-content-calendar-for-etsy-handmade-sellers,30-day-content-calendar-for-etsy-handmade-sellers.pdf
DLX-0190,product-review-template-for-etsy-handmade-sellers,Product Review Template for Etsy & Handmade Sellers,Social Media,Fillable PDF,"Structured review sheet for Etsy & Handmade Sellers: pros, cons, price paid, alternatives, rating and affiliate disclosure.",2,5.99,https://buy.stripe.com/5kQbJ22bAfBu9oe65T5wI00?client_reference_id=product-review-template-for-etsy-handmade-sellers,product-review-template-for-etsy-handmade-sellers.pdf
DLX-0191,brand-pitch-partnership-tracker-for-etsy-handmade-sellers,Brand Pitch & Partnership Tracker for Etsy & Handmade Sellers,Social Media,Fillable PDF,"Track pitches, rates, deliverables and deadlines for Etsy & Handmade Sellers.",1,5.99,https://buy.stripe.com/5kQbJ22bAfBu9oe65T5wI00?client_reference_id=brand-pitch-partnership-tracker-for-etsy-handmade-sellers,brand-pitch-partnership-tracker-for-etsy-handmade-sellers.pdf
DLX-0192,monthly-income-expense-tracker-for-etsy-handmade-sellers,Monthly Income & Expense Tracker for Etsy & Handmade Sellers,Social Media,Fillable PDF,"Log commissions, sales, product costs and tools to see profit each month for Etsy & Handmade Sellers.",1,5.99,https://buy.stripe.com/5kQbJ22bAfBu9oe65T5wI00?client_reference_id=monthly-income-expense-tracker-for-etsy-handmade-sellers,monthly-income-expense-tracker-for-etsy-handmade-sellers.pdf
DLX-0193,30-day-content-calendar-for-dropship-store-owners,30-Day Content Calendar for Dropship Store Owners,Social Media,Fillable PDF,"Fillable 30-day content calendar built around the needs of Dropship Store Owners, with post types, hooks, product slots and disclosure reminders.",2,5.99,https://buy.stripe.com/5kQbJ22bAfBu9oe65T5wI00?client_reference_id=30-day-content-calendar-for-dropship-store-owners,30-day-content-calendar-for-dropship-store-owners.pdf
DLX-0194,product-review-template-for-dropship-store-owners,Product Review Template for Dropship Store Owners,Social Media,Fillable PDF,"Structured review sheet for Dropship Store Owners: pros, cons, price paid, alternatives, rating and affiliate disclosure.",2,5.99,https://buy.stripe.com/5kQbJ22bAfBu9oe65T5wI00?client_reference_id=product-review-template-for-dropship-store-owners,product-review-template-for-dropship-store-owners.pdf
DLX-0195,brand-pitch-partnership-tracker-for-dropship-store-owners,Brand Pitch & Partnership Tracker for Dropship Store Owners,Social Media,Fillable PDF,"Track pitches, rates, deliverables and deadlines for Dropship Store Owners.",1,5.99,https://buy.stripe.com/5kQbJ22bAfBu9oe65T5wI00?client_reference_id=brand-pitch-partnership-tracker-for-dropship-store-owners,brand-pitch-partnership-tracker-for-dropship-store-owners.pdf
DLX-0196,monthly-income-expense-tracker-for-dropship-store-owners,Monthly Income & Expense Tracker for Dropship Store Owners,Social Media,Fillable PDF,"Log commissions, sales, product costs and tools to see profit each month for Dropship Store Owners.",1,5.99,https://buy.stripe.com/5kQbJ22bAfBu9oe65T5wI00?client_reference_id=monthly-income-expense-tracker-for-dropship-store-owners,monthly-income-expense-tracker-for-dropship-store-owners.pdf
DLX-0197,30-day-content-calendar-for-affiliate-marketers,30-Day Content Calendar for Affiliate Marketers,Social Media,Fillable PDF,"Fillable 30-day content calendar built around the needs of Affiliate Marketers, with post types, hooks, product slots and disclosure reminders.",2,5.99,https://buy.stripe.com/5kQbJ22bAfBu9oe65T5wI00?client_reference_id=30-day-content-calendar-for-affiliate-marketers,30-day-content-calendar-for-affiliate-marketers.pdf
DLX-0198,product-review-template-for-affiliate-marketers,Product Review Template for Affiliate Marketers,Social Media,Fillable PDF,"Structured review sheet for Affiliate Marketers: pros, cons, price paid, alternatives, rating and affiliate disclosure.",2,5.99,https://buy.stripe.com/5kQbJ22bAfBu9oe65T5wI00?client_reference_id=product-review-template-for-affiliate-marketers,product-review-template-for-affiliate-marketers.pdf
DLX-0199,brand-pitch-partnership-tracker-for-affiliate-marketers,Brand Pitch & Partnership Tracker for Affiliate Marketers,Social Media,Fillable PDF,"Track pitches, rates, deliverables and deadlines for Affiliate Marketers.",1,5.99,https://buy.stripe.com/5kQbJ22bAfBu9oe65T5wI00?client_reference_id=brand-pitch-partnership-tracker-for-affiliate-marketers,brand-pitch-partnership-tracker-for-affiliate-marketers.pdf
DLX-0200,monthly-income-expense-tracker-for-affiliate-marketers,Monthly Income & Expense Tracker for Affiliate Marketers,Social Media,Fillable PDF,"Log commissions, sales, product costs and tools to see profit each month for Affiliate Marketers.",1,5.99,https://buy.stripe.com/5kQbJ22bAfBu9oe65T5wI00?client_reference_id=monthly-income-expense-tracker-for-affiliate-marketers,monthly-income-expense-tracker-for-affiliate-marketers.pdf
DLX-0201,30-day-content-calendar-for-resellers-on-marketplaces,30-Day Content Calendar for Resellers on Marketplaces,Social Media,Fillable PDF,"Fillable 30-day content calendar built around the needs of Resellers on Marketplaces, with post types, hooks, product slots and disclosure reminders.",2,5.99,https://buy.stripe.com/5kQbJ22bAfBu9oe65T5wI00?client_reference_id=30-day-content-calendar-for-resellers-on-marketplaces,30-day-content-calendar-for-resellers-on-marketplaces.pdf
DLX-0202,product-review-template-for-resellers-on-marketplaces,Product Review Template for Resellers on Marketplaces,Social Media,Fillable PDF,"Structured review sheet for Resellers on Marketplaces: pros, cons, price paid, alternatives, rating and affiliate disclosure.",2,5.99,https://buy.stripe.com/5kQbJ22bAfBu9oe65T5wI00?client_reference_id=product-review-template-for-resellers-on-marketplaces,product-review-template-for-resellers-on-marketplaces.pdf
DLX-0203,brand-pitch-partnership-tracker-for-resellers-on-marketplaces,Brand Pitch & Partnership Tracker for Resellers on Marketplaces,Social Media,Fillable PDF,"Track pitches, rates, deliverables and deadlines for Resellers on Marketplaces.",1,5.99,https://buy.stripe.com/5kQbJ22bAfBu9oe65T5wI00?client_reference_id=brand-pitch-partnership-tracker-for-resellers-on-marketplaces,brand-pitch-partnership-tracker-for-resellers-on-marketplaces.pdf
DLX-0204,monthly-income-expense-tracker-for-resellers-on-marketplaces,Monthly Income & Expense Tracker for Resellers on Marketplaces,Social Media,Fillable PDF,"Log commissions, sales, product costs and tools to see profit each month for Resellers on Marketplaces.",1,5.99,https://buy.stripe.com/5kQbJ22bAfBu9oe65T5wI00?client_reference_id=monthly-income-expense-tracker-for-resellers-on-marketplaces,monthly-income-expense-tracker-for-resellers-on-marketplaces.pdf
DLX-0205,30-day-content-calendar-for-gadget-gear-collectors,30-Day Content Calendar for Gadget & Gear Collectors,Social Media,Fillable PDF,"Fillable 30-day content calendar built around the needs of Gadget & Gear Collectors, with post types, hooks, product slots and disclosure reminders.",2,5.99,https://buy.stripe.com/5kQbJ22bAfBu9oe65T5wI00?client_reference_id=30-day-content-calendar-for-gadget-gear-collectors,30-day-content-calendar-for-gadget-gear-collectors.pdf
DLX-0206,product-review-template-for-gadget-gear-collectors,Product Review Template for Gadget & Gear Collectors,Social Media,Fillable PDF,"Structured review sheet for Gadget & Gear Collectors: pros, cons, price paid, alternatives, rating and affiliate disclosure.",2,5.99,https://buy.stripe.com/5kQbJ22bAfBu9oe65T5wI00?client_reference_id=product-review-template-for-gadget-gear-collectors,product-review-template-for-gadget-gear-collectors.pdf
DLX-0207,brand-pitch-partnership-tracker-for-gadget-gear-collectors,Brand Pitch & Partnership Tracker for Gadget & Gear Collectors,Social Media,Fillable PDF,"Track pitches, rates, deliverables and deadlines for Gadget & Gear Collectors.",1,5.99,https://buy.stripe.com/5kQbJ22bAfBu9oe65T5wI00?client_reference_id=brand-pitch-partnership-tracker-for-gadget-gear-collectors,brand-pitch-partnership-tracker-for-gadget-gear-collectors.pdf
DLX-0208,monthly-income-expense-tracker-for-gadget-gear-collectors,Monthly Income & Expense Tracker for Gadget & Gear Collectors,Social Media,Fillable PDF,"Log commissions, sales, product costs and tools to see profit each month for Gadget & Gear Collectors.",1,5.99,https://buy.stripe.com/5kQbJ22bAfBu9oe65T5wI00?client_reference_id=monthly-income-expense-tracker-for-gadget-gear-collectors,monthly-income-expense-tracker-for-gadget-gear-collectors.pdf
DLX-0209,30-day-content-calendar-for-cooking-kitchen-gear-creators,30-Day Content Calendar for Cooking & Kitchen Gear Creators,Social Media,Fillable PDF,"Fillable 30-day content calendar built around the needs of Cooking & Kitchen Gear Creators, with post types, hooks, product slots and disclosure reminders.",2,5.99,https://buy.stripe.com/5kQbJ22bAfBu9oe65T5wI00?client_reference_id=30-day-content-calendar-for-cooking-kitchen-gear-creators,30-day-content-calendar-for-cooking-kitchen-gear-creators.pdf
DLX-0210,product-review-template-for-cooking-kitchen-gear-creators,Product Review Template for Cooking & Kitchen Gear Creators,Social Media,Fillable PDF,"Structured review sheet for Cooking & Kitchen Gear Creators: pros, cons, price paid, alternatives, rating and affiliate disclosure.",2,5.99,https://buy.stripe.com/5kQbJ22bAfBu9oe65T5wI00?client_reference_id=product-review-template-for-cooking-kitchen-gear-creators,product-review-template-for-cooking-kitchen-gear-creators.pdf
DLX-0211,brand-pitch-partnership-tracker-for-cooking-kitchen-gear-creators,Brand Pitch & Partnership Tracker for Cooking & Kitchen Gear Creators,Social Media,Fillable PDF,"Track pitches, rates, deliverables and deadlines for Cooking & Kitchen Gear Creators.",1,5.99,https://buy.stripe.com/5kQbJ22bAfBu9oe65T5wI00?client_reference_id=brand-pitch-partnership-tracker-for-cooking-kitchen-gear-creators,brand-pitch-partnership-tracker-for-cooking-kitchen-gear-creators.pdf
DLX-0212,monthly-income-expense-tracker-for-cooking-kitchen-gear-creators,Monthly Income & Expense Tracker for Cooking & Kitchen Gear Creators,Social Media,Fillable PDF,"Log commissions, sales, product costs and tools to see profit each month for Cooking & Kitchen Gear Creators.",1,5.99,https://buy.stripe.com/5kQbJ22bAfBu9oe65T5wI00?client_reference_id=monthly-income-expense-tracker-for-cooking-kitchen-gear-creators,monthly-income-expense-tracker-for-cooking-kitchen-gear-creators.pdf
DLX-0213,30-day-content-calendar-for-outdoor-camping-creators,30-Day Content Calendar for Outdoor & Camping Creators,Social Media,Fillable PDF,"Fillable 30-day content calendar built around the needs of Outdoor & Camping Creators, with post types, hooks, product slots and disclosure reminders.",2,5.99,https://buy.stripe.com/5kQbJ22bAfBu9oe65T5wI00?client_reference_id=30-day-content-calendar-for-outdoor-camping-creators,30-day-content-calendar-for-outdoor-camping-creators.pdf
DLX-0214,product-review-template-for-outdoor-camping-creators,Product Review Template for Outdoor & Camping Creators,Social Media,Fillable PDF,"Structured review sheet for Outdoor & Camping Creators: pros, cons, price paid, alternatives, rating and affiliate disclosure.",2,5.99,https://buy.stripe.com/5kQbJ22bAfBu9oe65T5wI00?client_reference_id=product-review-template-for-outdoor-camping-creators,product-review-template-for-outdoor-camping-creators.pdf
DLX-0215,brand-pitch-partnership-tracker-for-outdoor-camping-creators,Brand Pitch & Partnership Tracker for Outdoor & Camping Creators,Social Media,Fillable PDF,"Track pitches, rates, deliverables and deadlines for Outdoor & Camping Creators.",1,5.99,https://buy.stripe.com/5kQbJ22bAfBu9oe65T5wI00?client_reference_id=brand-pitch-partnership-tracker-for-outdoor-camping-creators,brand-pitch-partnership-tracker-for-outdoor-camping-creators.pdf
DLX-0216,monthly-income-expense-tracker-for-outdoor-camping-creators,Monthly Income & Expense Tracker for Outdoor & Camping Creators,Social Media,Fillable PDF,"Log commissions, sales, product costs and tools to see profit each month for Outdoor & Camping Creators.",1,5.99,https://buy.stripe.com/5kQbJ22bAfBu9oe65T5wI00?client_reference_id=monthly-income-expense-tracker-for-outdoor-camping-creators,monthly-income-expense-tracker-for-outdoor-camping-creators.pdf
DLX-0217,30-day-content-calendar-for-pet-product-creators,30-Day Content Calendar for Pet Product Creators,Social Media,Fillable PDF,"Fillable 30-day content calendar built around the needs of Pet Product Creators, with post types, hooks, product slots and disclosure reminders.",2,5.99,https://buy.stripe.com/5kQbJ22bAfBu9oe65T5wI00?client_reference_id=30-day-content-calendar-for-pet-product-creators,30-day-content-calendar-for-pet-product-creators.pdf
DLX-0218,product-review-template-for-pet-product-creators,Product Review Template for Pet Product Creators,Social Media,Fillable PDF,"Structured review sheet for Pet Product Creators: pros, cons, price paid, alternatives, rating and affiliate disclosure.",2,5.99,https://buy.stripe.com/5kQbJ22bAfBu9oe65T5wI00?client_reference_id=product-review-template-for-pet-product-creators,product-review-template-for-pet-product-creators.pdf
DLX-0219,brand-pitch-partnership-tracker-for-pet-product-creators,Brand Pitch & Partnership Tracker for Pet Product Creators,Social Media,Fillable PDF,"Track pitches, rates, deliverables and deadlines for Pet Product Creators.",1,5.99,https://buy.stripe.com/5kQbJ22bAfBu9oe65T5wI00?client_reference_id=brand-pitch-partnership-tracker-for-pet-product-creators,brand-pitch-partnership-tracker-for-pet-product-creators.pdf
DLX-0220,monthly-income-expense-tracker-for-pet-product-creators,Monthly Income & Expense Tracker for Pet Product Creators,Social Media,Fillable PDF,"Log commissions, sales, product costs and tools to see profit each month for Pet Product Creators.",1,5.99,https://buy.stripe.com/5kQbJ22bAfBu9oe65T5wI00?client_reference_id=monthly-income-expense-tracker-for-pet-product-creators,monthly-income-expense-tracker-for-pet-product-creators.pdf
DLX-0221,30-day-content-calendar-for-car-auto-accessory-creators,30-Day Content Calendar for Car & Auto Accessory Creators,Social Media,Fillable PDF,"Fillable 30-day content calendar built around the needs of Car & Auto Accessory Creators, with post types, hooks, product slots and disclosure reminders.",2,5.99,https://buy.stripe.com/5kQbJ22bAfBu9oe65T5wI00?client_reference_id=30-day-content-calendar-for-car-auto-accessory-creators,30-day-content-calendar-for-car-auto-accessory-creators.pdf
DLX-0222,product-review-template-for-car-auto-accessory-creators,Product Review Template for Car & Auto Accessory Creators,Social Media,Fillable PDF,"Structured review sheet for Car & Auto Accessory Creators: pros, cons, price paid, alternatives, rating and affiliate disclosure.",2,5.99,https://buy.stripe.com/5kQbJ22bAfBu9oe65T5wI00?client_reference_id=product-review-template-for-car-auto-accessory-creators,product-review-template-for-car-auto-accessory-creators.pdf
DLX-0223,brand-pitch-partnership-tracker-for-car-auto-accessory-creators,Brand Pitch & Partnership Tracker for Car & Auto Accessory Creators,Social Media,Fillable PDF,"Track pitches, rates, deliverables and deadlines for Car & Auto Accessory Creators.",1,5.99,https://buy.stripe.com/5kQbJ22bAfBu9oe65T5wI00?client_reference_id=brand-pitch-partnership-tracker-for-car-auto-accessory-creators,brand-pitch-partnership-tracker-for-car-auto-accessory-creators.pdf
DLX-0224,monthly-income-expense-tracker-for-car-auto-accessory-creators,Monthly Income & Expense Tracker for Car & Auto Accessory Creators,Social Media,Fillable PDF,"Log commissions, sales, product costs and tools to see profit each month for Car & Auto Accessory Creators.",1,5.99,https://buy.stripe.com/5kQbJ22bAfBu9oe65T5wI00?client_reference_id=monthly-income-expense-tracker-for-car-auto-accessory-creators,monthly-income-expense-tracker-for-car-auto-accessory-creators.pdf
DLX-0225,30-day-content-calendar-for-gaming-gear-reviewers,30-Day Content Calendar for Gaming Gear Reviewers,Social Media,Fillable PDF,"Fillable 30-day content calendar built around the needs of Gaming Gear Reviewers, with post types, hooks, product slots and disclosure reminders.",2,5.99,https://buy.stripe.com/5kQbJ22bAfBu9oe65T5wI00?client_reference_id=30-day-content-calendar-for-gaming-gear-reviewers,30-day-content-calendar-for-gaming-gear-reviewers.pdf
DLX-0226,product-review-template-for-gaming-gear-reviewers,Product Review Template for Gaming Gear Reviewers,Social Media,Fillable PDF,"Structured review sheet for Gaming Gear Reviewers: pros, cons, price paid, alternatives, rating and affiliate disclosure.",2,5.99,https://buy.stripe.com/5kQbJ22bAfBu9oe65T5wI00?client_reference_id=product-review-template-for-gaming-gear-reviewers,product-review-template-for-gaming-gear-reviewers.pdf
DLX-0227,brand-pitch-partnership-tracker-for-gaming-gear-reviewers,Brand Pitch & Partnership Tracker for Gaming Gear Reviewers,Social Media,Fillable PDF,"Track pitches, rates, deliverables and deadlines for Gaming Gear Reviewers.",1,5.99,https://buy.stripe.com/5kQbJ22bAfBu9oe65T5wI00?client_reference_id=brand-pitch-partnership-tracker-for-gaming-gear-reviewers,brand-pitch-partnership-tracker-for-gaming-gear-reviewers.pdf
DLX-0228,monthly-income-expense-tracker-for-gaming-gear-reviewers,Monthly Income & Expense Tracker for Gaming Gear Reviewers,Social Media,Fillable PDF,"Log commissions, sales, product costs and tools to see profit each month for Gaming Gear Reviewers.",1,5.99,https://buy.stripe.com/5kQbJ22bAfBu9oe65T5wI00?client_reference_id=monthly-income-expense-tracker-for-gaming-gear-reviewers,monthly-income-expense-tracker-for-gaming-gear-reviewers.pdf
DLX-0229,30-day-content-calendar-for-diy-home-improvement-creators,30-Day Content Calendar for DIY & Home Improvement Creators,Social Media,Fillable PDF,"Fillable 30-day content calendar built around the needs of DIY & Home Improvement Creators, with post types, hooks, product slots and disclosure reminders.",2,5.99,https://buy.stripe.com/5kQbJ22bAfBu9oe65T5wI00?client_reference_id=30-day-content-calendar-for-diy-home-improvement-creators,30-day-content-calendar-for-diy-home-improvement-creators.pdf
DLX-0230,product-review-template-for-diy-home-improvement-creators,Product Review Template for DIY & Home Improvement Creators,Social Media,Fillable PDF,"Structured review sheet for DIY & Home Improvement Creators: pros, cons, price paid, alternatives, rating and affiliate disclosure.",2,5.99,https://buy.stripe.com/5kQbJ22bAfBu9oe65T5wI00?client_reference_id=product-review-template-for-diy-home-improvement-creators,product-review-template-for-diy-home-improvement-creators.pdf
DLX-0231,brand-pitch-partnership-tracker-for-diy-home-improvement-creators,Brand Pitch & Partnership Tracker for DIY & Home Improvement Creators,Social Media,Fillable PDF,"Track pitches, rates, deliverables and deadlines for DIY & Home Improvement Creators.",1,5.99,https://buy.stripe.com/5kQbJ22bAfBu9oe65T5wI00?client_reference_id=brand-pitch-partnership-tracker-for-diy-home-improvement-creators,brand-pitch-partnership-tracker-for-diy-home-improvement-creators.pdf
DLX-0232,monthly-income-expense-tracker-for-diy-home-improvement-creators,Monthly Income & Expense Tracker for DIY & Home Improvement Creators,Social Media,Fillable PDF,"Log commissions, sales, product costs and tools to see profit each month for DIY & Home Improvement Creators.",1,5.99,https://buy.stripe.com/5kQbJ22bAfBu9oe65T5wI00?client_reference_id=monthly-income-expense-tracker-for-diy-home-improvement-creators,monthly-income-expense-tracker-for-diy-home-improvement-creators.pdf
DLX-0233,30-day-content-calendar-for-minimalist-capsule-wardrobe-creators,30-Day Content Calendar for Minimalist & Capsule Wardrobe Creators,Social Media,Fillable PDF,"Fillable 30-day content calendar built around the needs of Minimalist & Capsule Wardrobe Creators, with post types, hooks, product slots and disclosure reminders.",2,5.99,https://buy.stripe.com/5kQbJ22bAfBu9oe65T5wI00?client_reference_id=30-day-content-calendar-for-minimalist-capsule-wardrobe-creators,30-day-content-calendar-for-minimalist-capsule-wardrobe-creators.pdf
DLX-0234,product-review-template-for-minimalist-capsule-wardrobe-creators,Product Review Template for Minimalist & Capsule Wardrobe Creators,Social Media,Fillable PDF,"Structured review sheet for Minimalist & Capsule Wardrobe Creators: pros, cons, price paid, alternatives, rating and affiliate disclosure.",2,5.99,https://buy.stripe.com/5kQbJ22bAfBu9oe65T5wI00?client_reference_id=product-review-template-for-minimalist-capsule-wardrobe-creators,product-review-template-for-minimalist-capsule-wardrobe-creators.pdf
DLX-0235,brand-pitch-partnership-tracker-for-minimalist-capsule-wardrobe-creators,Brand Pitch & Partnership Tracker for Minimalist & Capsule Wardrobe Creators,Social Media,Fillable PDF,"Track pitches, rates, deliverables and deadlines for Minimalist & Capsule Wardrobe Creators.",1,5.99,https://buy.stripe.com/5kQbJ22bAfBu9oe65T5wI00?client_reference_id=brand-pitch-partnership-tracker-for-minimalist-capsule-wardrobe-creators,brand-pitch-partnership-tracker-for-minimalist-capsule-wardrobe-creators.pdf
DLX-0236,monthly-income-expense-tracker-for-minimalist-capsule-wardrobe-creators,Monthly Income & Expense Tracker for Minimalist & Capsule Wardrobe Creators,Social Media,Fillable PDF,"Log commissions, sales, product costs and tools to see profit each month for Minimalist & Capsule Wardrobe Creators.",1,5.99,https://buy.stripe.com/5kQbJ22bAfBu9oe65T5wI00?client_reference_id=monthly-income-expense-tracker-for-minimalist-capsule-wardrobe-creators,monthly-income-expense-tracker-for-minimalist-capsule-wardrobe-creators.pdf
DLX-0237,30-day-content-calendar-for-coupon-mom-style-savings-accounts,30-Day Content Calendar for Coupon Mom-Style Savings Accounts,Social Media,Fillable PDF,"Fillable 30-day content calendar built around the needs of Coupon Mom-Style Savings Accounts, with post types, hooks, product slots and disclosure reminders.",2,5.99,https://buy.stripe.com/5kQbJ22bAfBu9oe65T5wI00?client_reference_id=30-day-content-calendar-for-coupon-mom-style-savings-accounts,30-day-content-calendar-for-coupon-mom-style-savings-accounts.pdf
DLX-0238,product-review-template-for-coupon-mom-style-savings-accounts,Product Review Template for Coupon Mom-Style Savings Accounts,Social Media,Fillable PDF,"Structured review sheet for Coupon Mom-Style Savings Accounts: pros, cons, price paid, alternatives, rating and affiliate disclosure.",2,5.99,https://buy.stripe.com/5kQbJ22bAfBu9oe65T5wI00?client_reference_id=product-review-template-for-coupon-mom-style-savings-accounts,product-review-template-for-coupon-mom-style-savings-accounts.pdf
DLX-0239,brand-pitch-partnership-tracker-for-coupon-mom-style-savings-accounts,Brand Pitch & Partnership Tracker for Coupon Mom-Style Savings Accounts,Social Media,Fillable PDF,"Track pitches, rates, deliverables and deadlines for Coupon Mom-Style Savings Accounts.",1,5.99,https://buy.stripe.com/5kQbJ22bAfBu9oe65T5wI00?client_reference_id=brand-pitch-partnership-tracker-for-coupon-mom-style-savings-accounts,brand-pitch-partnership-tracker-for-coupon-mom-style-savings-accounts.pdf
DLX-0240,monthly-income-expense-tracker-for-coupon-mom-style-savings-accounts,Monthly Income & Expense Tracker for Coupon Mom-Style Savings Accounts,Social Media,Fillable PDF,"Log commissions, sales, product costs and tools to see profit each month for Coupon Mom-Style Savings Accounts.",1,5.99,https://buy.stripe.com/5kQbJ22bAfBu9oe65T5wI00?client_reference_id=monthly-income-expense-tracker-for-coupon-mom-style-savings-accounts,monthly-income-expense-tracker-for-coupon-mom-style-savings-accounts.pdf
DLX-0241,30-day-content-calendar-for-local-deals-pages,30-Day Content Calendar for Local Deals Pages,Social Media,Fillable PDF,"Fillable 30-day content calendar built around the needs of Local Deals Pages, with post types, hooks, product slots and disclosure reminders.",2,5.99,https://buy.stripe.com/5kQbJ22bAfBu9oe65T5wI00?client_reference_id=30-day-content-calendar-for-local-deals-pages,30-day-content-calendar-for-local-deals-pages.pdf
DLX-0242,product-review-template-for-local-deals-pages,Product Review Template for Local Deals Pages,Social Media,Fillable PDF,"Structured review sheet for Local Deals Pages: pros, cons, price paid, alternatives, rating and affiliate disclosure.",2,5.99,https://buy.stripe.com/5kQbJ22bAfBu9oe65T5wI00?client_reference_id=product-review-template-for-local-deals-pages,product-review-template-for-local-deals-pages.pdf
DLX-0243,brand-pitch-partnership-tracker-for-local-deals-pages,Brand Pitch & Partnership Tracker for Local Deals Pages,Social Media,Fillable PDF,"Track pitches, rates, deliverables and deadlines for Local Deals Pages.",1,5.99,https://buy.stripe.com/5kQbJ22bAfBu9oe65T5wI00?client_reference_id=brand-pitch-partnership-tracker-for-local-deals-pages,brand-pitch-partnership-tracker-for-local-deals-pages.pdf
DLX-0244,monthly-income-expense-tracker-for-local-deals-pages,Monthly Income & Expense Tracker for Local Deals Pages,Social Media,Fillable PDF,"Log commissions, sales, product costs and tools to see profit each month for Local Deals Pages.",1,5.99,https://buy.stripe.com/5kQbJ22bAfBu9oe65T5wI00?client_reference_id=monthly-income-expense-tracker-for-local-deals-pages,monthly-income-expense-tracker-for-local-deals-pages.pdf
DLX-0245,30-day-content-calendar-for-luxury-for-less-creators,30-Day Content Calendar for Luxury-for-Less Creators,Social Media,Fillable PDF,"Fillable 30-day content calendar built around the needs of Luxury-for-Less Creators, with post types, hooks, product slots and disclosure reminders.",2,5.99,https://buy.stripe.com/5kQbJ22bAfBu9oe65T5wI00?client_reference_id=30-day-content-calendar-for-luxury-for-less-creators,30-day-content-calendar-for-luxury-for-less-creators.pdf
DLX-0246,product-review-template-for-luxury-for-less-creators,Product Review Template for Luxury-for-Less Creators,Social Media,Fillable PDF,"Structured review sheet for Luxury-for-Less Creators: pros, cons, price paid, alternatives, rating and affiliate disclosure.",2,5.99,https://buy.stripe.com/5kQbJ22bAfBu9oe65T5wI00?client_reference_id=product-review-template-for-luxury-for-less-creators,product-review-template-for-luxury-for-less-creators.pdf
DLX-0247,brand-pitch-partnership-tracker-for-luxury-for-less-creators,Brand Pitch & Partnership Tracker for Luxury-for-Less Creators,Social Media,Fillable PDF,"Track pitches, rates, deliverables and deadlines for Luxury-for-Less Creators.",1,5.99,https://buy.stripe.com/5kQbJ22bAfBu9oe65T5wI00?client_reference_id=brand-pitch-partnership-tracker-for-luxury-for-less-creators,brand-pitch-partnership-tracker-for-luxury-for-less-creators.pdf
DLX-0248,monthly-income-expense-tracker-for-luxury-for-less-creators,Monthly Income & Expense Tracker for Luxury-for-Less Creators,Social Media,Fillable PDF,"Log commissions, sales, product costs and tools to see profit each month for Luxury-for-Less Creators.",1,5.99,https://buy.stripe.com/5kQbJ22bAfBu9oe65T5wI00?client_reference_id=monthly-income-expense-tracker-for-luxury-for-less-creators,monthly-income-expense-tracker-for-luxury-for-less-creators.pdf
DLX-0249,30-day-content-calendar-for-sustainable-shopping-creators,30-Day Content Calendar for Sustainable Shopping Creators,Social Media,Fillable PDF,"Fillable 30-day content calendar built around the needs of Sustainable Shopping Creators, with post types, hooks, product slots and disclosure reminders.",2,5.99,https://buy.stripe.com/5kQbJ22bAfBu9oe65T5wI00?client_reference_id=30-day-content-calendar-for-sustainable-shopping-creators,30-day-content-calendar-for-sustainable-shopping-creators.pdf
DLX-0250,product-review-template-for-sustainable-shopping-creators,Product Review Template for Sustainable Shopping Creators,Social Media,Fillable PDF,"Structured review sheet for Sustainable Shopping Creators: pros, cons, price paid, alternatives, rating and affiliate disclosure.",2,5.99,https://buy.stripe.com/5kQbJ22bAfBu9oe65T5wI00?client_reference_id=product-review-template-for-sustainable-shopping-creators,product-review-template-for-sustainable-shopping-creators.pdf
DLX-0251,brand-pitch-partnership-tracker-for-sustainable-shopping-creators,Brand Pitch & Partnership Tracker for Sustainable Shopping Creators,Social Media,Fillable PDF,"Track pitches, rates, deliverables and deadlines for Sustainable Shopping Creators.",1,5.99,https://buy.stripe.com/5kQbJ22bAfBu9oe65T5wI00?client_reference_id=brand-pitch-partnership-tracker-for-sustainable-shopping-creators,brand-pitch-partnership-tracker-for-sustainable-shopping-creators.pdf
DLX-0252,monthly-income-expense-tracker-for-sustainable-shopping-creators,Monthly Income & Expense Tracker for Sustainable Shopping Creators,Social Media,Fillable PDF,"Log commissions, sales, product costs and tools to see profit each month for Sustainable Shopping Creators.",1,5.99,https://buy.stripe.com/5kQbJ22bAfBu9oe65T5wI00?client_reference_id=monthly-income-expense-tracker-for-sustainable-shopping-creators,monthly-income-expense-tracker-for-sustainable-shopping-creators.pdf
DLX-0253,30-day-content-calendar-for-jewelry-accessory-sellers,30-Day Content Calendar for Jewelry & Accessory Sellers,Social Media,Fillable PDF,"Fillable 30-day content calendar built around the needs of Jewelry & Accessory Sellers, with post types, hooks, product slots and disclosure reminders.",2,5.99,https://buy.stripe.com/5kQbJ22bAfBu9oe65T5wI00?client_reference_id=30-day-content-calendar-for-jewelry-accessory-sellers,30-day-content-calendar-for-jewelry-accessory-sellers.pdf
DLX-0254,product-review-template-for-jewelry-accessory-sellers,Product Review Template for Jewelry & Accessory Sellers,Social Media,Fillable PDF,"Structured review sheet for Jewelry & Accessory Sellers: pros, cons, price paid, alternatives, rating and affiliate disclosure.",2,5.99,https://buy.stripe.com/5kQbJ22bAfBu9oe65T5wI00?client_reference_id=product-review-template-for-jewelry-accessory-sellers,product-review-template-for-jewelry-accessory-sellers.pdf
DLX-0255,brand-pitch-partnership-tracker-for-jewelry-accessory-sellers,Brand Pitch & Partnership Tracker for Jewelry & Accessory Sellers,Social Media,Fillable PDF,"Track pitches, rates, deliverables and deadlines for Jewelry & Accessory Sellers.",1,5.99,https://buy.stripe.com/5kQbJ22bAfBu9oe65T5wI00?client_reference_id=brand-pitch-partnership-tracker-for-jewelry-accessory-sellers,brand-pitch-partnership-tracker-for-jewelry-accessory-sellers.pdf
DLX-0256,monthly-income-expense-tracker-for-jewelry-accessory-sellers,Monthly Income & Expense Tracker for Jewelry & Accessory Sellers,Social Media,Fillable PDF,"Log commissions, sales, product costs and tools to see profit each month for Jewelry & Accessory Sellers.",1,5.99,https://buy.stripe.com/5kQbJ22bAfBu9oe65T5wI00?client_reference_id=monthly-income-expense-tracker-for-jewelry-accessory-sellers,monthly-income-expense-tracker-for-jewelry-accessory-sellers.pdf
DLX-0257,sofas-sectionals-buying-checklist,Sofas & Sectionals Buying Checklist,Living Room,Checklist,"Printable checklist of what to check before buying Sofas & Sectionals: specs or fit, total cost, return policy, warranty and red flags. Fillable budget and notes fields.",2,5.99,https://buy.stripe.com/5kQbJ22bAfBu9oe65T5wI00?client_reference_id=sofas-sectionals-buying-checklist,sofas-sectionals-buying-checklist.pdf
DLX-0258,sofas-sectionals-price-tracker,Sofas & Sectionals Price Tracker,Living Room,Fillable PDF,"Fillable tracker to log Sofas & Sectionals prices by retailer and date, with shipping, coupon and target-price columns so you can tell a real deal.",1,5.99,https://buy.stripe.com/5kQbJ22bAfBu9oe65T5wI00?client_reference_id=sofas-sectionals-price-tracker,sofas-sectionals-price-tracker.pdf
DLX-0259,sofas-sectionals-comparison-worksheet,Sofas & Sectionals Comparison Worksheet,Living Room,Fillable PDF,Side-by-side worksheet to compare up to four Sofas & Sectionals options with a weighted scoring section.,1,5.99,https://buy.stripe.com/5kQbJ22bAfBu9oe65T5wI00?client_reference_id=sofas-sectionals-comparison-worksheet,sofas-sectionals-comparison-worksheet.pdf
DLX-0260,sofas-sectionals-budget-planner,Sofas & Sectionals Budget Planner,Living Room,Fillable PDF,"Set a spending cap for Sofas & Sectionals, split must-haves from nice-to-haves and log what you actually spend.",1,5.99,https://buy.stripe.com/5kQbJ22bAfBu9oe65T5wI00?client_reference_id=sofas-sectionals-budget-planner,sofas-sectionals-budget-planner.pdf
DLX-0261,sofas-sectionals-is-this-a-real-deal-infographic,Sofas & Sectionals: Is This a Real Deal? Infographic,Living Room,Infographic,One-page visual decision guide for judging whether a discount on Sofas & Sectionals is genuine.,1,5.99,https://buy.stripe.com/5kQbJ22bAfBu9oe65T5wI00?client_reference_id=sofas-sectionals-is-this-a-real-deal-infographic,sofas-sectionals-is-this-a-real-deal-infographic.pdf
DLX-0262,sofas-sectionals-return-warranty-tracker,Sofas & Sectionals Return & Warranty Tracker,Living Room,Fillable PDF,"Fillable log for Sofas & Sectionals: purchase date, return-by date, warranty end date, proof saved and claim status, plus a protect-your-purchase checklist.",2,5.99,https://buy.stripe.com/5kQbJ22bAfBu9oe65T5wI00?client_reference_id=sofas-sectionals-return-warranty-tracker,sofas-sectionals-return-warranty-tracker.pdf
DLX-0263,sofas-sectionals-sale-timing-planner,Sofas & Sectionals Sale Timing Planner,Living Room,Fillable PDF,"Plan when to buy Sofas & Sectionals: set a target price, log prices over time, note sale events and alerts, and choose a buy-by date.",2,5.99,https://buy.stripe.com/5kQbJ22bAfBu9oe65T5wI00?client_reference_id=sofas-sectionals-sale-timing-planner,sofas-sectionals-sale-timing-planner.pdf
DLX-0264,recliners-buying-checklist,Recliners Buying Checklist,Living Room,Checklist,"Printable checklist of what to check before buying Recliners: specs or fit, total cost, return policy, warranty and red flags. Fillable budget and notes fields.",2,5.99,https://buy.stripe.com/5kQbJ22bAfBu9oe65T5wI00?client_reference_id=recliners-buying-checklist,recliners-buying-checklist.pdf
DLX-0265,recliners-price-tracker,Recliners Price Tracker,Living Room,Fillable PDF,"Fillable tracker to log Recliners prices by retailer and date, with shipping, coupon and target-price columns so you can tell a real deal.",1,5.99,https://buy.stripe.com/5kQbJ22bAfBu9oe65T5wI00?client_reference_id=recliners-price-tracker,recliners-price-tracker.pdf
DLX-0266,recliners-comparison-worksheet,Recliners Comparison Worksheet,Living Room,Fillable PDF,Side-by-side worksheet to compare up to four Recliners options with a weighted scoring section.,1,5.99,https://buy.stripe.com/5kQbJ22bAfBu9oe65T5wI00?client_reference_id=recliners-comparison-worksheet,recliners-comparison-worksheet.pdf
DLX-0267,recliners-budget-planner,Recliners Budget Planner,Living Room,Fillable PDF,"Set a spending cap for Recliners, split must-haves from nice-to-haves and log what you actually spend.",1,5.99,https://buy.stripe.com/5kQbJ22bAfBu9oe65T5wI00?client_reference_id=recliners-budget-planner,recliners-budget-planner.pdf
DLX-0268,recliners-is-this-a-real-deal-infographic,Recliners: Is This a Real Deal? Infographic,Living Room,Infographic,One-page visual decision guide for judging whether a discount on Recliners is genuine.,1,5.99,https://buy.stripe.com/5kQbJ22bAfBu9oe65T5wI00?client_reference_id=recliners-is-this-a-real-deal-infographic,recliners-is-this-a-real-deal-infographic.pdf
DLX-0269,recliners-return-warranty-tracker,Recliners Return & Warranty Tracker,Living Room,Fillable PDF,"Fillable log for Recliners: purchase date, return-by date, warranty end date, proof saved and claim status, plus a protect-your-purchase checklist.",2,5.99,https://buy.stripe.com/5kQbJ22bAfBu9oe65T5wI00?client_reference_id=recliners-return-warranty-tracker,recliners-return-warranty-tracker.pdf
DLX-0270,recliners-sale-timing-planner,Recliners Sale Timing Planner,Living Room,Fillable PDF,"Plan when to buy Recliners: set a target price, log prices over time, note sale events and alerts, and choose a buy-by date.",2,5.99,https://buy.stripe.com/5kQbJ22bAfBu9oe65T5wI00?client_reference_id=recliners-sale-timing-planner,recliners-sale-timing-planner.pdf
DLX-0271,tv-stands-media-consoles-buying-checklist,TV Stands & Media Consoles Buying Checklist,Living Room,Checklist,"Printable checklist of what to check before buying TV Stands & Media Consoles: specs or fit, total cost, return policy, warranty and red flags. Fillable budget and notes fields.",2,5.99,https://buy.stripe.com/5kQbJ22bAfBu9oe65T5wI00?client_reference_id=tv-stands-media-consoles-buying-checklist,tv-stands-media-consoles-buying-checklist.pdf
DLX-0272,tv-stands-media-consoles-price-tracker,TV Stands & Media Consoles Price Tracker,Living Room,Fillable PDF,"Fillable tracker to log TV Stands & Media Consoles prices by retailer and date, with shipping, coupon and target-price columns so you can tell a real deal.",1,5.99,https://buy.stripe.com/5kQbJ22bAfBu9oe65T5wI00?client_reference_id=tv-stands-media-consoles-price-tracker,tv-stands-media-consoles-price-tracker.pdf
DLX-0273,tv-stands-media-consoles-comparison-worksheet,TV Stands & Media Consoles Comparison Worksheet,Living Room,Fillable PDF,Side-by-side worksheet to compare up to four TV Stands & Media Consoles options with a weighted scoring section.,1,5.99,https://buy.stripe.com/5kQbJ22bAfBu9oe65T5wI00?client_reference_id=tv-stands-media-consoles-comparison-worksheet,tv-stands-media-consoles-comparison-worksheet.pdf
DLX-0274,tv-stands-media-consoles-budget-planner,TV Stands & Media Consoles Budget Planner,Living Room,Fillable PDF,"Set a spending cap for TV Stands & Media Consoles, split must-haves from nice-to-haves and log what you actually spend.",1,5.99,https://buy.stripe.com/5kQbJ22bAfBu9oe65T5wI00?client_reference_id=tv-stands-media-consoles-budget-planner,tv-stands-media-consoles-budget-planner.pdf
DLX-0275,tv-stands-media-consoles-is-this-a-real-deal-infographic,TV Stands & Media Consoles: Is This a Real Deal? Infographic,Living Room,Infographic,One-page visual decision guide for judging whether a discount on TV Stands & Media Consoles is genuine.,1,5.99,https://buy.stripe.com/5kQbJ22bAfBu9oe65T5wI00?client_reference_id=tv-stands-media-consoles-is-this-a-real-deal-infographic,tv-stands-media-consoles-is-this-a-real-deal-infographic.pdf
DLX-0276,tv-stands-media-consoles-return-warranty-tracker,TV Stands & Media Consoles Return & Warranty Tracker,Living Room,Fillable PDF,"Fillable log for TV Stands & Media Consoles: purchase date, return-by date, warranty end date, proof saved and claim status, plus a protect-your-purchase checklist.",2,5.99,https://buy.stripe.com/5kQbJ22bAfBu9oe65T5wI00?client_reference_id=tv-stands-media-consoles-return-warranty-tracker,tv-stands-media-consoles-return-warranty-tracker.pdf
DLX-0277,tv-stands-media-consoles-sale-timing-planner,TV Stands & Media Consoles Sale Timing Planner,Living Room,Fillable PDF,"Plan when to buy TV Stands & Media Consoles: set a target price, log prices over time, note sale events and alerts, and choose a buy-by date.",2,5.99,https://buy.stripe.com/5kQbJ22bAfBu9oe65T5wI00?client_reference_id=tv-stands-media-consoles-sale-timing-planner,tv-stands-media-consoles-sale-timing-planner.pdf
DLX-0278,coffee-tables-buying-checklist,Coffee Tables Buying Checklist,Living Room,Checklist,"Printable checklist of what to check before buying Coffee Tables: specs or fit, total cost, return policy, warranty and red flags. Fillable budget and notes fields.",2,5.99,https://buy.stripe.com/5kQbJ22bAfBu9oe65T5wI00?client_reference_id=coffee-tables-buying-checklist,coffee-tables-buying-checklist.pdf
DLX-0279,coffee-tables-price-tracker,Coffee Tables Price Tracker,Living Room,Fillable PDF,"Fillable tracker to log Coffee Tables prices by retailer and date, with shipping, coupon and target-price columns so you can tell a real deal.",1,5.99,https://buy.stripe.com/5kQbJ22bAfBu9oe65T5wI00?client_reference_id=coffee-tables-price-tracker,coffee-tables-price-tracker.pdf
DLX-0280,coffee-tables-comparison-worksheet,Coffee Tables Comparison Worksheet,Living Room,Fillable PDF,Side-by-side worksheet to compare up to four Coffee Tables options with a weighted scoring section.,1,5.99,https://buy.stripe.com/5kQbJ22bAfBu9oe65T5wI00?client_reference_id=coffee-tables-comparison-worksheet,coffee-tables-comparison-worksheet.pdf
DLX-0281,coffee-tables-budget-planner,Coffee Tables Budget Planner,Living Room,Fillable PDF,"Set a spending cap for Coffee Tables, split must-haves from nice-to-haves and log what you actually spend.",1,5.99,https://buy.stripe.com/5kQbJ22bAfBu9oe65T5wI00?client_reference_id=coffee-tables-budget-planner,coffee-tables-budget-planner.pdf
DLX-0282,coffee-tables-is-this-a-real-deal-infographic,Coffee Tables: Is This a Real Deal? Infographic,Living Room,Infographic,One-page visual decision guide for judging whether a discount on Coffee Tables is genuine.,1,5.99,https://buy.stripe.com/5kQbJ22bAfBu9oe65T5wI00?client_reference_id=coffee-tables-is-this-a-real-deal-infographic,coffee-tables-is-this-a-real-deal-infographic.pdf
DLX-0283,coffee-tables-return-warranty-tracker,Coffee Tables Return & Warranty Tracker,Living Room,Fillable PDF,"Fillable log for Coffee Tables: purchase date, return-by date, warranty end date, proof saved and claim status, plus a protect-your-purchase checklist.",2,5.99,https://buy.stripe.com/5kQbJ22bAfBu9oe65T5wI00?client_reference_id=coffee-tables-return-warranty-tracker,coffee-tables-return-warranty-tracker.pdf
DLX-0284,coffee-tables-sale-timing-planner,Coffee Tables Sale Timing Planner,Living Room,Fillable PDF,"Plan when to buy Coffee Tables: set a target price, log prices over time, note sale events and alerts, and choose a buy-by date.",2,5.99,https://buy.stripe.com/5kQbJ22bAfBu9oe65T5wI00?client_reference_id=coffee-tables-sale-timing-planner,coffee-tables-sale-timing-planner.pdf
DLX-0285,area-rugs-buying-checklist,Area Rugs Buying Checklist,Living Room,Checklist,"Printable checklist of what to check before buying Area Rugs: specs or fit, total cost, return policy, warranty and red flags. Fillable budget and notes fields.",2,5.99,https://buy.stripe.com/5kQbJ22bAfBu9oe65T5wI00?client_reference_id=area-rugs-buying-checklist,area-rugs-buying-checklist.pdf
DLX-0286,area-rugs-price-tracker,Area Rugs Price Tracker,Living Room,Fillable PDF,"Fillable tracker to log Area Rugs prices by retailer and date, with shipping, coupon and target-price columns so you can tell a real deal.",1,5.99,https://buy.stripe.com/5kQbJ22bAfBu9oe65T5wI00?client_reference_id=area-rugs-price-tracker,area-rugs-price-tracker.pdf
DLX-0287,area-rugs-comparison-worksheet,Area Rugs Comparison Worksheet,Living Room,Fillable PDF,Side-by-side worksheet to compare up to four Area Rugs options with a weighted scoring section.,1,5.99,https://buy.stripe.com/5kQbJ22bAfBu9oe65T5wI00?client_reference_id=area-rugs-comparison-worksheet,area-rugs-comparison-worksheet.pdf
DLX-0288,area-rugs-budget-planner,Area Rugs Budget Planner,Living Room,Fillable PDF,"Set a spending cap for Area Rugs, split must-haves from nice-to-haves and log what you actually spend.",1,5.99,https://buy.stripe.com/5kQbJ22bAfBu9oe65T5wI00?client_reference_id=area-rugs-budget-planner,area-rugs-budget-planner.pdf
DLX-0289,area-rugs-is-this-a-real-deal-infographic,Area Rugs: Is This a Real Deal? Infographic,Living Room,Infographic,One-page visual decision guide for judging whether a discount on Area Rugs is genuine.,1,5.99,https://buy.stripe.com/5kQbJ22bAfBu9oe65T5wI00?client_reference_id=area-rugs-is-this-a-real-deal-infographic,area-rugs-is-this-a-real-deal-infographic.pdf
DLX-0290,area-rugs-return-warranty-tracker,Area Rugs Return & Warranty Tracker,Living Room,Fillable PDF,"Fillable log for Area Rugs: purchase date, return-by date, warranty end date, proof saved and claim status, plus a protect-your-purchase checklist.",2,5.99,https://buy.stripe.com/5kQbJ22bAfBu9oe65T5wI00?client_reference_id=area-rugs-return-warranty-tracker,area-rugs-return-warranty-tracker.pdf
DLX-0291,area-rugs-sale-timing-planner,Area Rugs Sale Timing Planner,Living Room,Fillable PDF,"Plan when to buy Area Rugs: set a target price, log prices over time, note sale events and alerts, and choose a buy-by date.",2,5.99,https://buy.stripe.com/5kQbJ22bAfBu9oe65T5wI00?client_reference_id=area-rugs-sale-timing-planner,area-rugs-sale-timing-planner.pdf
DLX-0292,floor-lamps-buying-checklist,Floor Lamps Buying Checklist,Living Room,Checklist,"Printable checklist of what to check before buying Floor Lamps: specs or fit, total cost, return policy, warranty and red flags. Fillable budget and notes fields.",2,5.99,https://buy.stripe.com/5kQbJ22bAfBu9oe65T5wI00?client_reference_id=floor-lamps-buying-checklist,floor-lamps-buying-checklist.pdf
DLX-0293,floor-lamps-price-tracker,Floor Lamps Price Tracker,Living Room,Fillable PDF,"Fillable tracker to log Floor Lamps prices by retailer and date, with shipping, coupon and target-price columns so you can tell a real deal.",1,5.99,https://buy.stripe.com/5kQbJ22bAfBu9oe65T5wI00?client_reference_id=floor-lamps-price-tracker,floor-lamps-price-tracker.pdf
DLX-0294,floor-lamps-comparison-worksheet,Floor Lamps Comparison Worksheet,Living Room,Fillable PDF,Side-by-side worksheet to compare up to four Floor Lamps options with a weighted scoring section.,1,5.99,https://buy.stripe.com/5kQbJ22bAfBu9oe65T5wI00?client_reference_id=floor-lamps-comparison-worksheet,floor-lamps-comparison-worksheet.pdf
DLX-0295,floor-lamps-budget-planner,Floor Lamps Budget Planner,Living Room,Fillable PDF,"Set a spending cap for Floor Lamps, split must-haves from nice-to-haves and log what you actually spend.",1,5.99,https://buy.stripe.com/5kQbJ22bAfBu9oe65T5wI00?client_reference_id=floor-lamps-budget-planner,floor-lamps-budget-planner.pdf
DLX-0296,floor-lamps-is-this-a-real-deal-infographic,Floor Lamps: Is This a Real Deal? Infographic,Living Room,Infographic,One-page visual decision guide for judging whether a discount on Floor Lamps is genuine.,1,5.99,https://buy.stripe.com/5kQbJ22bAfBu9oe65T5wI00?client_reference_id=floor-lamps-is-this-a-real-deal-infographic,floor-lamps-is-this-a-real-deal-infographic.pdf
DLX-0297,floor-lamps-return-warranty-tracker,Floor Lamps Return & Warranty Tracker,Living Room,Fillable PDF,"Fillable log for Floor Lamps: purchase date, return-by date, warranty end date, proof saved and claim status, plus a protect-your-purchase checklist.",2,5.99,https://buy.stripe.com/5kQbJ22bAfBu9oe65T5wI00?client_reference_id=floor-lamps-return-warranty-tracker,floor-lamps-return-warranty-tracker.pdf
DLX-0298,floor-lamps-sale-timing-planner,Floor Lamps Sale Timing Planner,Living Room,Fillable PDF,"Plan when to buy Floor Lamps: set a target price, log prices over time, note sale events and alerts, and choose a buy-by date.",2,5.99,https://buy.stripe.com/5kQbJ22bAfBu9oe65T5wI00?client_reference_id=floor-lamps-sale-timing-planner,floor-lamps-sale-timing-planner.pdf
DLX-0299,bookcases-shelving-buying-checklist,Bookcases & Shelving Buying Checklist,Living Room,Checklist,"Printable checklist of what to check before buying Bookcases & Shelving: specs or fit, total cost, return policy, warranty and red flags. Fillable budget and notes fields.",2,5.99,https://buy.stripe.com/5kQbJ22bAfBu9oe65T5wI00?client_reference_id=bookcases-shelving-buying-checklist,bookcases-shelving-buying-checklist.pdf
DLX-0300,bookcases-shelving-price-tracker,Bookcases & Shelving Price Tracker,Living Room,Fillable PDF,"Fillable tracker to log Bookcases & Shelving prices by retailer and date, with shipping, coupon and target-price columns so you can tell a real deal.",1,5.99,https://buy.stripe.com/5kQbJ22bAfBu9oe65T5wI00?client_reference_id=bookcases-shelving-price-tracker,bookcases-shelving-price-tracker.pdf
DLX-0301,bookcases-shelving-comparison-worksheet,Bookcases & Shelving Comparison Worksheet,Living Room,Fillable PDF,Side-by-side worksheet to compare up to four Bookcases & Shelving options with a weighted scoring section.,1,5.99,https://buy.stripe.com/5kQbJ22bAfBu9oe65T5wI00?client_reference_id=bookcases-shelving-comparison-worksheet,bookcases-shelving-comparison-worksheet.pdf
DLX-0302,bookcases-shelving-budget-planner,Bookcases & Shelving Budget Planner,Living Room,Fillable PDF,"Set a spending cap for Bookcases & Shelving, split must-haves from nice-to-haves and log what you actually spend.",1,5.99,https://buy.stripe.com/5kQbJ22bAfBu9oe65T5wI00?client_reference_id=bookcases-shelving-budget-planner,bookcases-shelving-budget-planner.pdf
DLX-0303,bookcases-shelving-is-this-a-real-deal-infographic,Bookcases & Shelving: Is This a Real Deal? Infographic,Living Room,Infographic,One-page visual decision guide for judging whether a discount on Bookcases & Shelving is genuine.,1,5.99,https://buy.stripe.com/5kQbJ22bAfBu9oe65T5wI00?client_reference_id=bookcases-shelving-is-this-a-real-deal-infographic,bookcases-shelving-is-this-a-real-deal-infographic.pdf
DLX-0304,bookcases-shelving-return-warranty-tracker,Bookcases & Shelving Return & Warranty Tracker,Living Room,Fillable PDF,"Fillable log for Bookcases & Shelving: purchase date, return-by date, warranty end date, proof saved and claim status, plus a protect-your-purchase checklist.",2,5.99,https://buy.stripe.com/5kQbJ22bAfBu9oe65T5wI00?client_reference_id=bookcases-shelving-return-warranty-tracker,bookcases-shelving-return-warranty-tracker.pdf
DLX-0305,bookcases-shelving-sale-timing-planner,Bookcases & Shelving Sale Timing Planner,Living Room,Fillable PDF,"Plan when to buy Bookcases & Shelving: set a target price, log prices over time, note sale events and alerts, and choose a buy-by date.",2,5.99,https://buy.stripe.com/5kQbJ22bAfBu9oe65T5wI00?client_reference_id=bookcases-shelving-sale-timing-planner,bookcases-shelving-sale-timing-planner.pdf
DLX-0306,curtains-drapes-buying-checklist,Curtains & Drapes Buying Checklist,Living Room,Checklist,"Printable checklist of what to check before buying Curtains & Drapes: specs or fit, total cost, return policy, warranty and red flags. Fillable budget and notes fields.",2,5.99,https://buy.stripe.com/5kQbJ22bAfBu9oe65T5wI00?client_reference_id=curtains-drapes-buying-checklist,curtains-drapes-buying-checklist.pdf
DLX-0307,curtains-drapes-price-tracker,Curtains & Drapes Price Tracker,Living Room,Fillable PDF,"Fillable tracker to log Curtains & Drapes prices by retailer and date, with shipping, coupon and target-price columns so you can tell a real deal.",1,5.99,https://buy.stripe.com/5kQbJ22bAfBu9oe65T5wI00?client_reference_id=curtains-drapes-price-tracker,curtains-drapes-price-tracker.pdf
DLX-0308,curtains-drapes-comparison-worksheet,Curtains & Drapes Comparison Worksheet,Living Room,Fillable PDF,Side-by-side worksheet to compare up to four Curtains & Drapes options with a weighted scoring section.,1,5.99,https://buy.stripe.com/5kQbJ22bAfBu9oe65T5wI00?client_reference_id=curtains-drapes-comparison-worksheet,curtains-drapes-comparison-worksheet.pdf
DLX-0309,curtains-drapes-budget-planner,Curtains & Drapes Budget Planner,Living Room,Fillable PDF,"Set a spending cap for Curtains & Drapes, split must-haves from nice-to-haves and log what you actually spend.",1,5.99,https://buy.stripe.com/5kQbJ22bAfBu9oe65T5wI00?client_reference_id=curtains-drapes-budget-planner,curtains-drapes-budget-planner.pdf
DLX-0310,curtains-drapes-is-this-a-real-deal-infographic,Curtains & Drapes: Is This a Real Deal? Infographic,Living Room,Infographic,One-page visual decision guide for judging whether a discount on Curtains & Drapes is genuine.,1,5.99,https://buy.stripe.com/5kQbJ22bAfBu9oe65T5wI00?client_reference_id=curtains-drapes-is-this-a-real-deal-infographic,curtains-drapes-is-this-a-real-deal-infographic.pdf
DLX-0311,curtains-drapes-return-warranty-tracker,Curtains & Drapes Return & Warranty Tracker,Living Room,Fillable PDF,"Fillable log for Curtains & Drapes: purchase date, return-by date, warranty end date, proof saved and claim status, plus a protect-your-purchase checklist.",2,5.99,https://buy.stripe.com/5kQbJ22bAfBu9oe65T5wI00?client_reference_id=curtains-drapes-return-warranty-tracker,curtains-drapes-return-warranty-tracker.pdf
DLX-0312,curtains-drapes-sale-timing-planner,Curtains & Drapes Sale Timing Planner,Living Room,Fillable PDF,"Plan when to buy Curtains & Drapes: set a target price, log prices over time, note sale events and alerts, and choose a buy-by date.",2,5.99,https://buy.stripe.com/5kQbJ22bAfBu9oe65T5wI00?client_reference_id=curtains-drapes-sale-timing-planner,curtains-drapes-sale-timing-planner.pdf
DLX-0313,mattresses-buying-checklist,Mattresses Buying Checklist,Bedroom,Checklist,"Printable checklist of what to check before buying Mattresses: specs or fit, total cost, return policy, warranty and red flags. Fillable budget and notes fields.",2,5.99,https://buy.stripe.com/5kQbJ22bAfBu9oe65T5wI00?client_reference_id=mattresses-buying-checklist,mattresses-buying-checklist.pdf
DLX-0314,mattresses-price-tracker,Mattresses Price Tracker,Bedroom,Fillable PDF,"Fillable tracker to log Mattresses prices by retailer and date, with shipping, coupon and target-price columns so you can tell a real deal.",1,5.99,https://buy.stripe.com/5kQbJ22bAfBu9oe65T5wI00?client_reference_id=mattresses-price-tracker,mattresses-price-tracker.pdf
DLX-0315,mattresses-comparison-worksheet,Mattresses Comparison Worksheet,Bedroom,Fillable PDF,Side-by-side worksheet to compare up to four Mattresses options with a weighted scoring section.,1,5.99,https://buy.stripe.com/5kQbJ22bAfBu9oe65T5wI00?client_reference_id=mattresses-comparison-worksheet,mattresses-comparison-worksheet.pdf
DLX-0316,mattresses-budget-planner,Mattresses Budget Planner,Bedroom,Fillable PDF,"Set a spending cap for Mattresses, split must-haves from nice-to-haves and log what you actually spend.",1,5.99,https://buy.stripe.com/5kQbJ22bAfBu9oe65T5wI00?client_reference_id=mattresses-budget-planner,mattresses-budget-planner.pdf
DLX-0317,mattresses-is-this-a-real-deal-infographic,Mattresses: Is This a Real Deal? Infographic,Bedroom,Infographic,One-page visual decision guide for judging whether a discount on Mattresses is genuine.,1,5.99,https://buy.stripe.com/5kQbJ22bAfBu9oe65T5wI00?client_reference_id=mattresses-is-this-a-real-deal-infographic,mattresses-is-this-a-real-deal-infographic.pdf
DLX-0318,mattresses-return-warranty-tracker,Mattresses Return & Warranty Tracker,Bedroom,Fillable PDF,"Fillable log for Mattresses: purchase date, return-by date, warranty end date, proof saved and claim status, plus a protect-your-purchase checklist.",2,5.99,https://buy.stripe.com/5kQbJ22bAfBu9oe65T5wI00?client_reference_id=mattresses-return-warranty-tracker,mattresses-return-warranty-tracker.pdf
DLX-0319,mattresses-sale-timing-planner,Mattresses Sale Timing Planner,Bedroom,Fillable PDF,"Plan when to buy Mattresses: set a target price, log prices over time, note sale events and alerts, and choose a buy-by date.",2,5.99,https://buy.stripe.com/5kQbJ22bAfBu9oe65T5wI00?client_reference_id=mattresses-sale-timing-planner,mattresses-sale-timing-planner.pdf
DLX-0320,bed-frames-buying-checklist,Bed Frames Buying Checklist,Bedroom,Checklist,"Printable checklist of what to check before buying Bed Frames: specs or fit, total cost, return policy, warranty and red flags. Fillable budget and notes fields.",2,5.99,https://buy.stripe.com/5kQbJ22bAfBu9oe65T5wI00?client_reference_id=bed-frames-buying-checklist,bed-frames-buying-checklist.pdf
DLX-0321,bed-frames-price-tracker,Bed Frames Price Tracker,Bedroom,Fillable PDF,"Fillable tracker to log Bed Frames prices by retailer and date, with shipping, coupon and target-price columns so you can tell a real deal.",1,5.99,https://buy.stripe.com/5kQbJ22bAfBu9oe65T5wI00?client_reference_id=bed-frames-price-tracker,bed-frames-price-tracker.pdf
DLX-0322,bed-frames-comparison-worksheet,Bed Frames Comparison Worksheet,Bedroom,Fillable PDF,Side-by-side worksheet to compare up to four Bed Frames options with a weighted scoring section.,1,5.99,https://buy.stripe.com/5kQbJ22bAfBu9oe65T5wI00?client_reference_id=bed-frames-comparison-worksheet,bed-frames-comparison-worksheet.pdf
DLX-0323,bed-frames-budget-planner,Bed Frames Budget Planner,Bedroom,Fillable PDF,"Set a spending cap for Bed Frames, split must-haves from nice-to-haves and log what you actually spend.",1,5.99,https://buy.stripe.com/5kQbJ22bAfBu9oe65T5wI00?client_reference_id=bed-frames-budget-planner,bed-frames-budget-planner.pdf
DLX-0324,bed-frames-is-this-a-real-deal-infographic,Bed Frames: Is This a Real Deal? Infographic,Bedroom,Infographic,One-page visual decision guide for judging whether a discount on Bed Frames is genuine.,1,5.99,https://buy.stripe.com/5kQbJ22bAfBu9oe65T5wI00?client_reference_id=bed-frames-is-this-a-real-deal-infographic,bed-frames-is-this-a-real-deal-infographic.pdf
DLX-0325,bed-frames-return-warranty-tracker,Bed Frames Return & Warranty Tracker,Bedroom,Fillable PDF,"Fillable log for Bed Frames: purchase date, return-by date, warranty end date, proof saved and claim status, plus a protect-your-purchase checklist.",2,5.99,https://buy.stripe.com/5kQbJ22bAfBu9oe65T5wI00?client_reference_id=bed-frames-return-warranty-tracker,bed-frames-return-warranty-tracker.pdf
DLX-0326,bed-frames-sale-timing-planner,Bed Frames Sale Timing Planner,Bedroom,Fillable PDF,"Plan when to buy Bed Frames: set a target price, log prices over time, note sale events and alerts, and choose a buy-by date.",2,5.99,https://buy.stripe.com/5kQbJ22bAfBu9oe65T5wI00?client_reference_id=bed-frames-sale-timing-planner,bed-frames-sale-timing-planner.pdf
DLX-0327,bedding-sheets-buying-checklist,Bedding & Sheets Buying Checklist,Bedroom,Checklist,"Printable checklist of what to check before buying Bedding & Sheets: specs or fit, total cost, return policy, warranty and red flags. Fillable budget and notes fields.",2,5.99,https://buy.stripe.com/5kQbJ22bAfBu9oe65T5wI00?client_reference_id=bedding-sheets-buying-checklist,bedding-sheets-buying-checklist.pdf
DLX-0328,bedding-sheets-price-tracker,Bedding & Sheets Price Tracker,Bedroom,Fillable PDF,"Fillable tracker to log Bedding & Sheets prices by retailer and date, with shipping, coupon and target-price columns so you can tell a real deal.",1,5.99,https://buy.stripe.com/5kQbJ22bAfBu9oe65T5wI00?client_reference_id=bedding-sheets-price-tracker,bedding-sheets-price-tracker.pdf
DLX-0329,bedding-sheets-comparison-worksheet,Bedding & Sheets Comparison Worksheet,Bedroom,Fillable PDF,Side-by-side worksheet to compare up to four Bedding & Sheets options with a weighted scoring section.,1,5.99,https://buy.stripe.com/5kQbJ22bAfBu9oe65T5wI00?client_reference_id=bedding-sheets-comparison-worksheet,bedding-sheets-comparison-worksheet.pdf
DLX-0330,bedding-sheets-budget-planner,Bedding & Sheets Budget Planner,Bedroom,Fillable PDF,"Set a spending cap for Bedding & Sheets, split must-haves from nice-to-haves and log what you actually spend.",1,5.99,https://buy.stripe.com/5kQbJ22bAfBu9oe65T5wI00?client_reference_id=bedding-sheets-budget-planner,bedding-sheets-budget-planner.pdf
DLX-0331,bedding-sheets-is-this-a-real-deal-infographic,Bedding & Sheets: Is This a Real Deal? Infographic,Bedroom,Infographic,One-page visual decision guide for judging whether a discount on Bedding & Sheets is genuine.,1,5.99,https://buy.stripe.com/5kQbJ22bAfBu9oe65T5wI00?client_reference_id=bedding-sheets-is-this-a-real-deal-infographic,bedding-sheets-is-this-a-real-deal-infographic.pdf
DLX-0332,bedding-sheets-return-warranty-tracker,Bedding & Sheets Return & Warranty Tracker,Bedroom,Fillable PDF,"Fillable log for Bedding & Sheets: purchase date, return-by date, warranty end date, proof saved and claim status, plus a protect-your-purchase checklist.",2,5.99,https://buy.stripe.com/5kQbJ22bAfBu9oe65T5wI00?client_reference_id=bedding-sheets-return-warranty-tracker,bedding-sheets-return-warranty-tracker.pdf
DLX-0333,bedding-sheets-sale-timing-planner,Bedding & Sheets Sale Timing Planner,Bedroom,Fillable PDF,"Plan when to buy Bedding & Sheets: set a target price, log prices over time, note sale events and alerts, and choose a buy-by date.",2,5.99,https://buy.stripe.com/5kQbJ22bAfBu9oe65T5wI00?client_reference_id=bedding-sheets-sale-timing-planner,bedding-sheets-sale-timing-planner.pdf
DLX-0334,dressers-buying-checklist,Dressers Buying Checklist,Bedroom,Checklist,"Printable checklist of what to check before buying Dressers: specs or fit, total cost, return policy, warranty and red flags. Fillable budget and notes fields.",2,5.99,https://buy.stripe.com/5kQbJ22bAfBu9oe65T5wI00?client_reference_id=dressers-buying-checklist,dressers-buying-checklist.pdf
DLX-0335,dressers-price-tracker,Dressers Price Tracker,Bedroom,Fillable PDF,"Fillable tracker to log Dressers prices by retailer and date, with shipping, coupon and target-price columns so you can tell a real deal.",1,5.99,https://buy.stripe.com/5kQbJ22bAfBu9oe65T5wI00?client_reference_id=dressers-price-tracker,dressers-price-tracker.pdf
DLX-0336,dressers-comparison-worksheet,Dressers Comparison Worksheet,Bedroom,Fillable PDF,Side-by-side worksheet to compare up to four Dressers options with a weighted scoring section.,1,5.99,https://buy.stripe.com/5kQbJ22bAfBu9oe65T5wI00?client_reference_id=dressers-comparison-worksheet,dressers-comparison-worksheet.pdf
DLX-0337,dressers-budget-planner,Dressers Budget Planner,Bedroom,Fillable PDF,"Set a spending cap for Dressers, split must-haves from nice-to-haves and log what you actually spend.",1,5.99,https://buy.stripe.com/5kQbJ22bAfBu9oe65T5wI00?client_reference_id=dressers-budget-planner,dressers-budget-planner.pdf
DLX-0338,dressers-is-this-a-real-deal-infographic,Dressers: Is This a Real Deal? Infographic,Bedroom,Infographic,One-page visual decision guide for judging whether a discount on Dressers is genuine.,1,5.99,https://buy.stripe.com/5kQbJ22bAfBu9oe65T5wI00?client_reference_id=dressers-is-this-a-real-deal-infographic,dressers-is-this-a-real-deal-infographic.pdf
DLX-0339,dressers-return-warranty-tracker,Dressers Return & Warranty Tracker,Bedroom,Fillable PDF,"Fillable log for Dressers: purchase date, return-by date, warranty end date, proof saved and claim status, plus a protect-your-purchase checklist.",2,5.99,https://buy.stripe.com/5kQbJ22bAfBu9oe65T5wI00?client_reference_id=dressers-return-warranty-tracker,dressers-return-warranty-tracker.pdf
DLX-0340,dressers-sale-timing-planner,Dressers Sale Timing Planner,Bedroom,Fillable PDF,"Plan when to buy Dressers: set a target price, log prices over time, note sale events and alerts, and choose a buy-by date.",2,5.99,https://buy.stripe.com/5kQbJ22bAfBu9oe65T5wI00?client_reference_id=dressers-sale-timing-planner,dressers-sale-timing-planner.pdf
DLX-0341,nightstands-buying-checklist,Nightstands Buying Checklist,Bedroom,Checklist,"Printable checklist of what to check before buying Nightstands: specs or fit, total cost, return policy, warranty and red flags. Fillable budget and notes fields.",2,5.99,https://buy.stripe.com/5kQbJ22bAfBu9oe65T5wI00?client_reference_id=nightstands-buying-checklist,nightstands-buying-checklist.pdf
DLX-0342,nightstands-price-tracker,Nightstands Price Tracker,Bedroom,Fillable PDF,"Fillable tracker to log Nightstands prices by retailer and date, with shipping, coupon and target-price columns so you can tell a real deal.",1,5.99,https://buy.stripe.com/5kQbJ22bAfBu9oe65T5wI00?client_reference_id=nightstands-price-tracker,nightstands-price-tracker.pdf
DLX-0343,nightstands-comparison-worksheet,Nightstands Comparison Worksheet,Bedroom,Fillable PDF,Side-by-side worksheet to compare up to four Nightstands options with a weighted scoring section.,1,5.99,https://buy.stripe.com/5kQbJ22bAfBu9oe65T5wI00?client_reference_id=nightstands-comparison-worksheet,nightstands-comparison-worksheet.pdf
DLX-0344,nightstands-budget-planner,Nightstands Budget Planner,Bedroom,Fillable PDF,"Set a spending cap for Nightstands, split must-haves from nice-to-haves and log what you actually spend.",1,5.99,https://buy.stripe.com/5kQbJ22bAfBu9oe65T5wI00?client_reference_id=nightstands-budget-planner,nightstands-budget-planner.pdf
DLX-0345,nightstands-is-this-a-real-deal-infographic,Nightstands: Is This a Real Deal? Infographic,Bedroom,Infographic,One-page visual decision guide for judging whether a discount on Nightstands is genuine.,1,5.99,https://buy.stripe.com/5kQbJ22bAfBu9oe65T5wI00?client_reference_id=nightstands-is-this-a-real-deal-infographic,nightstands-is-this-a-real-deal-infographic.pdf
DLX-0346,nightstands-return-warranty-tracker,Nightstands Return & Warranty Tracker,Bedroom,Fillable PDF,"Fillable log for Nightstands: purchase date, return-by date, warranty end date, proof saved and claim status, plus a protect-your-purchase checklist.",2,5.99,https://buy.stripe.com/5kQbJ22bAfBu9oe65T5wI00?client_reference_id=nightstands-return-warranty-tracker,nightstands-return-warranty-tracker.pdf
DLX-0347,nightstands-sale-timing-planner,Nightstands Sale Timing Planner,Bedroom,Fillable PDF,"Plan when to buy Nightstands: set a target price, log prices over time, note sale events and alerts, and choose a buy-by date.",2,5.99,https://buy.stripe.com/5kQbJ22bAfBu9oe65T5wI00?client_reference_id=nightstands-sale-timing-planner,nightstands-sale-timing-planner.pdf
DLX-0348,pillows-buying-checklist,Pillows Buying Checklist,Bedroom,Checklist,"Printable checklist of what to check before buying Pillows: specs or fit, total cost, return policy, warranty and red flags. Fillable budget and notes fields.",2,5.99,https://buy.stripe.com/5kQbJ22bAfBu9oe65T5wI00?client_reference_id=pillows-buying-checklist,pillows-buying-checklist.pdf
DLX-0349,pillows-price-tracker,Pillows Price Tracker,Bedroom,Fillable PDF,"Fillable tracker to log Pillows prices by retailer and date, with shipping, coupon and target-price columns so you can tell a real deal.",1,5.99,https://buy.stripe.com/5kQbJ22bAfBu9oe65T5wI00?client_reference_id=pillows-price-tracker,pillows-price-tracker.pdf
DLX-0350,pillows-comparison-worksheet,Pillows Comparison Worksheet,Bedroom,Fillable PDF,Side-by-side worksheet to compare up to four Pillows options with a weighted scoring section.,1,5.99,https://buy.stripe.com/5kQbJ22bAfBu9oe65T5wI00?client_reference_id=pillows-comparison-worksheet,pillows-comparison-worksheet.pdf
DLX-0351,pillows-budget-planner,Pillows Budget Planner,Bedroom,Fillable PDF,"Set a spending cap for Pillows, split must-haves from nice-to-haves and log what you actually spend.",1,5.99,https://buy.stripe.com/5kQbJ22bAfBu9oe65T5wI00?client_reference_id=pillows-budget-planner,pillows-budget-planner.pdf
DLX-0352,pillows-is-this-a-real-deal-infographic,Pillows: Is This a Real Deal? Infographic,Bedroom,Infographic,One-page visual decision guide for judging whether a discount on Pillows is genuine.,1,5.99,https://buy.stripe.com/5kQbJ22bAfBu9oe65T5wI00?client_reference_id=pillows-is-this-a-real-deal-infographic,pillows-is-this-a-real-deal-infographic.pdf
DLX-0353,pillows-return-warranty-tracker,Pillows Return & Warranty Tracker,Bedroom,Fillable PDF,"Fillable log for Pillows: purchase date, return-by date, warranty end date, proof saved and claim status, plus a protect-your-purchase checklist.",2,5.99,https://buy.stripe.com/5kQbJ22bAfBu9oe65T5wI00?client_reference_id=pillows-return-warranty-tracker,pillows-return-warranty-tracker.pdf
DLX-0354,pillows-sale-timing-planner,Pillows Sale Timing Planner,Bedroom,Fillable PDF,"Plan when to buy Pillows: set a target price, log prices over time, note sale events and alerts, and choose a buy-by date.",2,5.99,https://buy.stripe.com/5kQbJ22bAfBu9oe65T5wI00?client_reference_id=pillows-sale-timing-planner,pillows-sale-timing-planner.pdf
DLX-0355,blackout-curtains-buying-checklist,Blackout Curtains Buying Checklist,Bedroom,Checklist,"Printable checklist of what to check before buying Blackout Curtains: specs or fit, total cost, return policy, warranty and red flags. Fillable budget and notes fields.",2,5.99,https://buy.stripe.com/5kQbJ22bAfBu9oe65T5wI00?client_reference_id=blackout-curtains-buying-checklist,blackout-curtains-buying-checklist.pdf
DLX-0356,blackout-curtains-price-tracker,Blackout Curtains Price Tracker,Bedroom,Fillable PDF,"Fillable tracker to log Blackout Curtains prices by retailer and date, with shipping, coupon and target-price columns so you can tell a real deal.",1,5.99,https://buy.stripe.com/5kQbJ22bAfBu9oe65T5wI00?client_reference_id=blackout-curtains-price-tracker,blackout-curtains-price-tracker.pdf
DLX-0357,blackout-curtains-comparison-worksheet,Blackout Curtains Comparison Worksheet,Bedroom,Fillable PDF,Side-by-side worksheet to compare up to four Blackout Curtains options with a weighted scoring section.,1,5.99,https://buy.stripe.com/5kQbJ22bAfBu9oe65T5wI00?client_reference_id=blackout-curtains-comparison-worksheet,blackout-curtains-comparison-worksheet.pdf
DLX-0358,blackout-curtains-budget-planner,Blackout Curtains Budget Planner,Bedroom,Fillable PDF,"Set a spending cap for Blackout Curtains, split must-haves from nice-to-haves and log what you actually spend.",1,5.99,https://buy.stripe.com/5kQbJ22bAfBu9oe65T5wI00?client_reference_id=blackout-curtains-budget-planner,blackout-curtains-budget-planner.pdf
DLX-0359,blackout-curtains-is-this-a-real-deal-infographic,Blackout Curtains: Is This a Real Deal? Infographic,Bedroom,Infographic,One-page visual decision guide for judging whether a discount on Blackout Curtains is genuine.,1,5.99,https://buy.stripe.com/5kQbJ22bAfBu9oe65T5wI00?client_reference_id=blackout-curtains-is-this-a-real-deal-infographic,blackout-curtains-is-this-a-real-deal-infographic.pdf
DLX-0360,blackout-curtains-return-warranty-tracker,Blackout Curtains Return & Warranty Tracker,Bedroom,Fillable PDF,"Fillable log for Blackout Curtains: purchase date, return-by date, warranty end date, proof saved and claim status, plus a protect-your-purchase checklist.",2,5.99,https://buy.stripe.com/5kQbJ22bAfBu9oe65T5wI00?client_reference_id=blackout-curtains-return-warranty-tracker,blackout-curtains-return-warranty-tracker.pdf
DLX-0361,blackout-curtains-sale-timing-planner,Blackout Curtains Sale Timing Planner,Bedroom,Fillable PDF,"Plan when to buy Blackout Curtains: set a target price, log prices over time, note sale events and alerts, and choose a buy-by date.",2,5.99,https://buy.stripe.com/5kQbJ22bAfBu9oe65T5wI00?client_reference_id=blackout-curtains-sale-timing-planner,blackout-curtains-sale-timing-planner.pdf
DLX-0362,weighted-blankets-buying-checklist,Weighted Blankets Buying Checklist,Bedroom,Checklist,"Printable checklist of what to check before buying Weighted Blankets: specs or fit, total cost, return policy, warranty and red flags. Fillable budget and notes fields.",2,5.99,https://buy.stripe.com/5kQbJ22bAfBu9oe65T5wI00?client_reference_id=weighted-blankets-buying-checklist,weighted-blankets-buying-checklist.pdf
DLX-0363,weighted-blankets-price-tracker,Weighted Blankets Price Tracker,Bedroom,Fillable PDF,"Fillable tracker to log Weighted Blankets prices by retailer and date, with shipping, coupon and target-price columns so you can tell a real deal.",1,5.99,https://buy.stripe.com/5kQbJ22bAfBu9oe65T5wI00?client_reference_id=weighted-blankets-price-tracker,weighted-blankets-price-tracker.pdf
DLX-0364,weighted-blankets-comparison-worksheet,Weighted Blankets Comparison Worksheet,Bedroom,Fillable PDF,Side-by-side worksheet to compare up to four Weighted Blankets options with a weighted scoring section.,1,5.99,https://buy.stripe.com/5kQbJ22bAfBu9oe65T5wI00?client_reference_id=weighted-blankets-comparison-worksheet,weighted-blankets-comparison-worksheet.pdf
DLX-0365,weighted-blankets-budget-planner,Weighted Blankets Budget Planner,Bedroom,Fillable PDF,"Set a spending cap for Weighted Blankets, split must-haves from nice-to-haves and log what you actually spend.",1,5.99,https://buy.stripe.com/5kQbJ22bAfBu9oe65T5wI00?client_reference_id=weighted-blankets-budget-planner,weighted-blankets-budget-planner.pdf
DLX-0366,weighted-blankets-is-this-a-real-deal-infographic,Weighted Blankets: Is This a Real Deal? Infographic,Bedroom,Infographic,One-page visual decision guide for judging whether a discount on Weighted Blankets is genuine.,1,5.99,https://buy.stripe.com/5kQbJ22bAfBu9oe65T5wI00?client_reference_id=weighted-blankets-is-this-a-real-deal-infographic,weighted-blankets-is-this-a-real-deal-infographic.pdf
DLX-0367,weighted-blankets-return-warranty-tracker,Weighted Blankets Return & Warranty Tracker,Bedroom,Fillable PDF,"Fillable log for Weighted Blankets: purchase date, return-by date, warranty end date, proof saved and claim status, plus a protect-your-purchase checklist.",2,5.99,https://buy.stripe.com/5kQbJ22bAfBu9oe65T5wI00?client_reference_id=weighted-blankets-return-warranty-tracker,weighted-blankets-return-warranty-tracker.pdf
DLX-0368,weighted-blankets-sale-timing-planner,Weighted Blankets Sale Timing Planner,Bedroom,Fillable PDF,"Plan when to buy Weighted Blankets: set a target price, log prices over time, note sale events and alerts, and choose a buy-by date.",2,5.99,https://buy.stripe.com/5kQbJ22bAfBu9oe65T5wI00?client_reference_id=weighted-blankets-sale-timing-planner,weighted-blankets-sale-timing-planner.pdf
DLX-0369,dining-tables-buying-checklist,Dining Tables Buying Checklist,Dining,Checklist,"Printable checklist of what to check before buying Dining Tables: specs or fit, total cost, return policy, warranty and red flags. Fillable budget and notes fields.",2,5.99,https://buy.stripe.com/5kQbJ22bAfBu9oe65T5wI00?client_reference_id=dining-tables-buying-checklist,dining-tables-buying-checklist.pdf
DLX-0370,dining-tables-price-tracker,Dining Tables Price Tracker,Dining,Fillable PDF,"Fillable tracker to log Dining Tables prices by retailer and date, with shipping, coupon and target-price columns so you can tell a real deal.",1,5.99,https://buy.stripe.com/5kQbJ22bAfBu9oe65T5wI00?client_reference_id=dining-tables-price-tracker,dining-tables-price-tracker.pdf
DLX-0371,dining-tables-comparison-worksheet,Dining Tables Comparison Worksheet,Dining,Fillable PDF,Side-by-side worksheet to compare up to four Dining Tables options with a weighted scoring section.,1,5.99,https://buy.stripe.com/5kQbJ22bAfBu9oe65T5wI00?client_reference_id=dining-tables-comparison-worksheet,dining-tables-comparison-worksheet.pdf
DLX-0372,dining-tables-budget-planner,Dining Tables Budget Planner,Dining,Fillable PDF,"Set a spending cap for Dining Tables, split must-haves from nice-to-haves and log what you actually spend.",1,5.99,https://buy.stripe.com/5kQbJ22bAfBu9oe65T5wI00?client_reference_id=dining-tables-budget-planner,dining-tables-budget-planner.pdf
DLX-0373,dining-tables-is-this-a-real-deal-infographic,Dining Tables: Is This a Real Deal? Infographic,Dining,Infographic,One-page visual decision guide for judging whether a discount on Dining Tables is genuine.,1,5.99,https://buy.stripe.com/5kQbJ22bAfBu9oe65T5wI00?client_reference_id=dining-tables-is-this-a-real-deal-infographic,dining-tables-is-this-a-real-deal-infographic.pdf
DLX-0374,dining-tables-return-warranty-tracker,Dining Tables Return & Warranty Tracker,Dining,Fillable PDF,"Fillable log for Dining Tables: purchase date, return-by date, warranty end date, proof saved and claim status, plus a protect-your-purchase checklist.",2,5.99,https://buy.stripe.com/5kQbJ22bAfBu9oe65T5wI00?client_reference_id=dining-tables-return-warranty-tracker,dining-tables-return-warranty-tracker.pdf
DLX-0375,dining-tables-sale-timing-planner,Dining Tables Sale Timing Planner,Dining,Fillable PDF,"Plan when to buy Dining Tables: set a target price, log prices over time, note sale events and alerts, and choose a buy-by date.",2,5.99,https://buy.stripe.com/5kQbJ22bAfBu9oe65T5wI00?client_reference_id=dining-tables-sale-timing-planner,dining-tables-sale-timing-planner.pdf
DLX-0376,dining-chairs-buying-checklist,Dining Chairs Buying Checklist,Dining,Checklist,"Printable checklist of what to check before buying Dining Chairs: specs or fit, total cost, return policy, warranty and red flags. Fillable budget and notes fields.",2,5.99,https://buy.stripe.com/5kQbJ22bAfBu9oe65T5wI00?client_reference_id=dining-chairs-buying-checklist,dining-chairs-buying-checklist.pdf
DLX-0377,dining-chairs-price-tracker,Dining Chairs Price Tracker,Dining,Fillable PDF,"Fillable tracker to log Dining Chairs prices by retailer and date, with shipping, coupon and target-price columns so you can tell a real deal.",1,5.99,https://buy.stripe.com/5kQbJ22bAfBu9oe65T5wI00?client_reference_id=dining-chairs-price-tracker,dining-chairs-price-tracker.pdf
DLX-0378,dining-chairs-comparison-worksheet,Dining Chairs Comparison Worksheet,Dining,Fillable PDF,Side-by-side worksheet to compare up to four Dining Chairs options with a weighted scoring section.,1,5.99,https://buy.stripe.com/5kQbJ22bAfBu9oe65T5wI00?client_reference_id=dining-chairs-comparison-worksheet,dining-chairs-comparison-worksheet.pdf
DLX-0379,dining-chairs-budget-planner,Dining Chairs Budget Planner,Dining,Fillable PDF,"Set a spending cap for Dining Chairs, split must-haves from nice-to-haves and log what you actually spend.",1,5.99,https://buy.stripe.com/5kQbJ22bAfBu9oe65T5wI00?client_reference_id=dining-chairs-budget-planner,dining-chairs-budget-planner.pdf
DLX-0380,dining-chairs-is-this-a-real-deal-infographic,Dining Chairs: Is This a Real Deal? Infographic,Dining,Infographic,One-page visual decision guide for judging whether a discount on Dining Chairs is genuine.,1,5.99,https://buy.stripe.com/5kQbJ22bAfBu9oe65T5wI00?client_reference_id=dining-chairs-is-this-a-real-deal-infographic,dining-chairs-is-this-a-real-deal-infographic.pdf
DLX-0381,dining-chairs-return-warranty-tracker,Dining Chairs Return & Warranty Tracker,Dining,Fillable PDF,"Fillable log for Dining Chairs: purchase date, return-by date, warranty end date, proof saved and claim status, plus a protect-your-purchase checklist.",2,5.99,https://buy.stripe.com/5kQbJ22bAfBu9oe65T5wI00?client_reference_id=dining-chairs-return-warranty-tracker,dining-chairs-return-warranty-tracker.pdf
DLX-0382,dining-chairs-sale-timing-planner,Dining Chairs Sale Timing Planner,Dining,Fillable PDF,"Plan when to buy Dining Chairs: set a target price, log prices over time, note sale events and alerts, and choose a buy-by date.",2,5.99,https://buy.stripe.com/5kQbJ22bAfBu9oe65T5wI00?client_reference_id=dining-chairs-sale-timing-planner,dining-chairs-sale-timing-planner.pdf
DLX-0383,cookware-sets-buying-checklist,Cookware Sets Buying Checklist,Dining,Checklist,"Printable checklist of what to check before buying Cookware Sets: specs or fit, total cost, return policy, warranty and red flags. Fillable budget and notes fields.",2,5.99,https://buy.stripe.com/5kQbJ22bAfBu9oe65T5wI00?client_reference_id=cookware-sets-buying-checklist,cookware-sets-buying-checklist.pdf
DLX-0384,cookware-sets-price-tracker,Cookware Sets Price Tracker,Dining,Fillable PDF,"Fillable tracker to log Cookware Sets prices by retailer and date, with shipping, coupon and target-price columns so you can tell a real deal.",1,5.99,https://buy.stripe.com/5kQbJ22bAfBu9oe65T5wI00?client_reference_id=cookware-sets-price-tracker,cookware-sets-price-tracker.pdf
DLX-0385,cookware-sets-comparison-worksheet,Cookware Sets Comparison Worksheet,Dining,Fillable PDF,Side-by-side worksheet to compare up to four Cookware Sets options with a weighted scoring section.,1,5.99,https://buy.stripe.com/5kQbJ22bAfBu9oe65T5wI00?client_reference_id=cookware-sets-comparison-worksheet,cookware-sets-comparison-worksheet.pdf
DLX-0386,cookware-sets-budget-planner,Cookware Sets Budget Planner,Dining,Fillable PDF,"Set a spending cap for Cookware Sets, split must-haves from nice-to-haves and log what you actually spend.",1,5.99,https://buy.stripe.com/5kQbJ22bAfBu9oe65T5wI00?client_reference_id=cookware-sets-budget-planner,cookware-sets-budget-planner.pdf
DLX-0387,cookware-sets-is-this-a-real-deal-infographic,Cookware Sets: Is This a Real Deal? Infographic,Dining,Infographic,One-page visual decision guide for judging whether a discount on Cookware Sets is genuine.,1,5.99,https://buy.stripe.com/5kQbJ22bAfBu9oe65T5wI00?client_reference_id=cookware-sets-is-this-a-real-deal-infographic,cookware-sets-is-this-a-real-deal-infographic.pdf
DLX-0388,cookware-sets-return-warranty-tracker,Cookware Sets Return & Warranty Tracker,Dining,Fillable PDF,"Fillable log for Cookware Sets: purchase date, return-by date, warranty end date, proof saved and claim status, plus a protect-your-purchase checklist.",2,5.99,https://buy.stripe.com/5kQbJ22bAfBu9oe65T5wI00?client_reference_id=cookware-sets-return-warranty-tracker,cookware-sets-return-warranty-tracker.pdf
DLX-0389,cookware-sets-sale-timing-planner,Cookware Sets Sale Timing Planner,Dining,Fillable PDF,"Plan when to buy Cookware Sets: set a target price, log prices over time, note sale events and alerts, and choose a buy-by date.",2,5.99,https://buy.stripe.com/5kQbJ22bAfBu9oe65T5wI00?client_reference_id=cookware-sets-sale-timing-planner,cookware-sets-sale-timing-planner.pdf
DLX-0390,dinnerware-sets-buying-checklist,Dinnerware Sets Buying Checklist,Dining,Checklist,"Printable checklist of what to check before buying Dinnerware Sets: specs or fit, total cost, return policy, warranty and red flags. Fillable budget and notes fields.",2,5.99,https://buy.stripe.com/5kQbJ22bAfBu9oe65T5wI00?client_reference_id=dinnerware-sets-buying-checklist,dinnerware-sets-buying-checklist.pdf
DLX-0391,dinnerware-sets-price-tracker,Dinnerware Sets Price Tracker,Dining,Fillable PDF,"Fillable tracker to log Dinnerware Sets prices by retailer and date, with shipping, coupon and target-price columns so you can tell a real deal.",1,5.99,https://buy.stripe.com/5kQbJ22bAfBu9oe65T5wI00?client_reference_id=dinnerware-sets-price-tracker,dinnerware-sets-price-tracker.pdf
DLX-0392,dinnerware-sets-comparison-worksheet,Dinnerware Sets Comparison Worksheet,Dining,Fillable PDF,Side-by-side worksheet to compare up to four Dinnerware Sets options with a weighted scoring section.,1,5.99,https://buy.stripe.com/5kQbJ22bAfBu9oe65T5wI00?client_reference_id=dinnerware-sets-comparison-worksheet,dinnerware-sets-comparison-worksheet.pdf
DLX-0393,dinnerware-sets-budget-planner,Dinnerware Sets Budget Planner,Dining,Fillable PDF,"Set a spending cap for Dinnerware Sets, split must-haves from nice-to-haves and log what you actually spend.",1,5.99,https://buy.stripe.com/5kQbJ22bAfBu9oe65T5wI00?client_reference_id=dinnerware-sets-budget-planner,dinnerware-sets-budget-planner.pdf
DLX-0394,dinnerware-sets-is-this-a-real-deal-infographic,Dinnerware Sets: Is This a Real Deal? Infographic,Dining,Infographic,One-page visual decision guide for judging whether a discount on Dinnerware Sets is genuine.,1,5.99,https://buy.stripe.com/5kQbJ22bAfBu9oe65T5wI00?client_reference_id=dinnerware-sets-is-this-a-real-deal-infographic,dinnerware-sets-is-this-a-real-deal-infographic.pdf
DLX-0395,dinnerware-sets-return-warranty-tracker,Dinnerware Sets Return & Warranty Tracker,Dining,Fillable PDF,"Fillable log for Dinnerware Sets: purchase date, return-by date, warranty end date, proof saved and claim status, plus a protect-your-purchase checklist.",2,5.99,https://buy.stripe.com/5kQbJ22bAfBu9oe65T5wI00?client_reference_id=dinnerware-sets-return-warranty-tracker,dinnerware-sets-return-warranty-tracker.pdf
DLX-0396,dinnerware-sets-sale-timing-planner,Dinnerware Sets Sale Timing Planner,Dining,Fillable PDF,"Plan when to buy Dinnerware Sets: set a target price, log prices over time, note sale events and alerts, and choose a buy-by date.",2,5.99,https://buy.stripe.com/5kQbJ22bAfBu9oe65T5wI00?client_reference_id=dinnerware-sets-sale-timing-planner,dinnerware-sets-sale-timing-planner.pdf
DLX-0397,small-kitchen-appliances-buying-checklist,Small Kitchen Appliances Buying Checklist,Dining,Checklist,"Printable checklist of what to check before buying Small Kitchen Appliances: specs or fit, total cost, return policy, warranty and red flags. Fillable budget and notes fields.",2,5.99,https://buy.stripe.com/5kQbJ22bAfBu9oe65T5wI00?client_reference_id=small-kitchen-appliances-buying-checklist,small-kitchen-appliances-buying-checklist.pdf
DLX-0398,small-kitchen-appliances-price-tracker,Small Kitchen Appliances Price Tracker,Dining,Fillable PDF,"Fillable tracker to log Small Kitchen Appliances prices by retailer and date, with shipping, coupon and target-price columns so you can tell a real deal.",1,5.99,https://buy.stripe.com/5kQbJ22bAfBu9oe65T5wI00?client_reference_id=small-kitchen-appliances-price-tracker,small-kitchen-appliances-price-tracker.pdf
DLX-0399,small-kitchen-appliances-comparison-worksheet,Small Kitchen Appliances Comparison Worksheet,Dining,Fillable PDF,Side-by-side worksheet to compare up to four Small Kitchen Appliances options with a weighted scoring section.,1,5.99,https://buy.stripe.com/5kQbJ22bAfBu9oe65T5wI00?client_reference_id=small-kitchen-appliances-comparison-worksheet,small-kitchen-appliances-comparison-worksheet.pdf
DLX-0400,small-kitchen-appliances-budget-planner,Small Kitchen Appliances Budget Planner,Dining,Fillable PDF,"Set a spending cap for Small Kitchen Appliances, split must-haves from nice-to-haves and log what you actually spend.",1,5.99,https://buy.stripe.com/5kQbJ22bAfBu9oe65T5wI00?client_reference_id=small-kitchen-appliances-budget-planner,small-kitchen-appliances-budget-planner.pdf
DLX-0401,small-kitchen-appliances-is-this-a-real-deal-infographic,Small Kitchen Appliances: Is This a Real Deal? Infographic,Dining,Infographic,One-page visual decision guide for judging whether a discount on Small Kitchen Appliances is genuine.,1,5.99,https://buy.stripe.com/5kQbJ22bAfBu9oe65T5wI00?client_reference_id=small-kitchen-appliances-is-this-a-real-deal-infographic,small-kitchen-appliances-is-this-a-real-deal-infographic.pdf
DLX-0402,small-kitchen-appliances-return-warranty-tracker,Small Kitchen Appliances Return & Warranty Tracker,Dining,Fillable PDF,"Fillable log for Small Kitchen Appliances: purchase date, return-by date, warranty end date, proof saved and claim status, plus a protect-your-purchase checklist.",2,5.99,https://buy.stripe.com/5kQbJ22bAfBu9oe65T5wI00?client_reference_id=small-kitchen-appliances-return-warranty-tracker,small-kitchen-appliances-return-warranty-tracker.pdf
DLX-0403,small-kitchen-appliances-sale-timing-planner,Small Kitchen Appliances Sale Timing Planner,Dining,Fillable PDF,"Plan when to buy Small Kitchen Appliances: set a target price, log prices over time, note sale events and alerts, and choose a buy-by date.",2,5.99,https://buy.stripe.com/5kQbJ22bAfBu9oe65T5wI00?client_reference_id=small-kitchen-appliances-sale-timing-planner,small-kitchen-appliances-sale-timing-planner.pdf
DLX-0404,bar-stools-buying-checklist,Bar Stools Buying Checklist,Dining,Checklist,"Printable checklist of what to check before buying Bar Stools: specs or fit, total cost, return policy, warranty and red flags. Fillable budget and notes fields.",2,5.99,https://buy.stripe.com/5kQbJ22bAfBu9oe65T5wI00?client_reference_id=bar-stools-buying-checklist,bar-stools-buying-checklist.pdf
DLX-0405,bar-stools-price-tracker,Bar Stools Price Tracker,Dining,Fillable PDF,"Fillable tracker to log Bar Stools prices by retailer and date, with shipping, coupon and target-price columns so you can tell a real deal.",1,5.99,https://buy.stripe.com/5kQbJ22bAfBu9oe65T5wI00?client_reference_id=bar-stools-price-tracker,bar-stools-price-tracker.pdf
DLX-0406,bar-stools-comparison-worksheet,Bar Stools Comparison Worksheet,Dining,Fillable PDF,Side-by-side worksheet to compare up to four Bar Stools options with a weighted scoring section.,1,5.99,https://buy.stripe.com/5kQbJ22bAfBu9oe65T5wI00?client_reference_id=bar-stools-comparison-worksheet,bar-stools-comparison-worksheet.pdf
DLX-0407,bar-stools-budget-planner,Bar Stools Budget Planner,Dining,Fillable PDF,"Set a spending cap for Bar Stools, split must-haves from nice-to-haves and log what you actually spend.",1,5.99,https://buy.stripe.com/5kQbJ22bAfBu9oe65T5wI00?client_reference_id=bar-stools-budget-planner,bar-stools-budget-planner.pdf
DLX-0408,bar-stools-is-this-a-real-deal-infographic,Bar Stools: Is This a Real Deal? Infographic,Dining,Infographic,One-page visual decision guide for judging whether a discount on Bar Stools is genuine.,1,5.99,https://buy.stripe.com/5kQbJ22bAfBu9oe65T5wI00?client_reference_id=bar-stools-is-this-a-real-deal-infographic,bar-stools-is-this-a-real-deal-infographic.pdf
DLX-0409,bar-stools-return-warranty-tracker,Bar Stools Return & Warranty Tracker,Dining,Fillable PDF,"Fillable log for Bar Stools: purchase date, return-by date, warranty end date, proof saved and claim status, plus a protect-your-purchase checklist.",2,5.99,https://buy.stripe.com/5kQbJ22bAfBu9oe65T5wI00?client_reference_id=bar-stools-return-warranty-tracker,bar-stools-return-warranty-tracker.pdf
DLX-0410,bar-stools-sale-timing-planner,Bar Stools Sale Timing Planner,Dining,Fillable PDF,"Plan when to buy Bar Stools: set a target price, log prices over time, note sale events and alerts, and choose a buy-by date.",2,5.99,https://buy.stripe.com/5kQbJ22bAfBu9oe65T5wI00?client_reference_id=bar-stools-sale-timing-planner,bar-stools-sale-timing-planner.pdf
DLX-0411,flatware-glassware-buying-checklist,Flatware & Glassware Buying Checklist,Dining,Checklist,"Printable checklist of what to check before buying Flatware & Glassware: specs or fit, total cost, return policy, warranty and red flags. Fillable budget and notes fields.",2,5.99,https://buy.stripe.com/5kQbJ22bAfBu9oe65T5wI00?client_reference_id=flatware-glassware-buying-checklist,flatware-glassware-buying-checklist.pdf
DLX-0412,flatware-glassware-price-tracker,Flatware & Glassware Price Tracker,Dining,Fillable PDF,"Fillable tracker to log Flatware & Glassware prices by retailer and date, with shipping, coupon and target-price columns so you can tell a real deal.",1,5.99,https://buy.stripe.com/5kQbJ22bAfBu9oe65T5wI00?client_reference_id=flatware-glassware-price-tracker,flatware-glassware-price-tracker.pdf
DLX-0413,flatware-glassware-comparison-worksheet,Flatware & Glassware Comparison Worksheet,Dining,Fillable PDF,Side-by-side worksheet to compare up to four Flatware & Glassware options with a weighted scoring section.,1,5.99,https://buy.stripe.com/5kQbJ22bAfBu9oe65T5wI00?client_reference_id=flatware-glassware-comparison-worksheet,flatware-glassware-comparison-worksheet.pdf
DLX-0414,flatware-glassware-budget-planner,Flatware & Glassware Budget Planner,Dining,Fillable PDF,"Set a spending cap for Flatware & Glassware, split must-haves from nice-to-haves and log what you actually spend.",1,5.99,https://buy.stripe.com/5kQbJ22bAfBu9oe65T5wI00?client_reference_id=flatware-glassware-budget-planner,flatware-glassware-budget-planner.pdf
DLX-0415,flatware-glassware-is-this-a-real-deal-infographic,Flatware & Glassware: Is This a Real Deal? Infographic,Dining,Infographic,One-page visual decision guide for judging whether a discount on Flatware & Glassware is genuine.,1,5.99,https://buy.stripe.com/5kQbJ22bAfBu9oe65T5wI00?client_reference_id=flatware-glassware-is-this-a-real-deal-infographic,flatware-glassware-is-this-a-real-deal-infographic.pdf
DLX-0416,flatware-glassware-return-warranty-tracker,Flatware & Glassware Return & Warranty Tracker,Dining,Fillable PDF,"Fillable log for Flatware & Glassware: purchase date, return-by date, warranty end date, proof saved and claim status, plus a protect-your-purchase checklist.",2,5.99,https://buy.stripe.com/5kQbJ22bAfBu9oe65T5wI00?client_reference_id=flatware-glassware-return-warranty-tracker,flatware-glassware-return-warranty-tracker.pdf
DLX-0417,flatware-glassware-sale-timing-planner,Flatware & Glassware Sale Timing Planner,Dining,Fillable PDF,"Plan when to buy Flatware & Glassware: set a target price, log prices over time, note sale events and alerts, and choose a buy-by date.",2,5.99,https://buy.stripe.com/5kQbJ22bAfBu9oe65T5wI00?client_reference_id=flatware-glassware-sale-timing-planner,flatware-glassware-sale-timing-planner.pdf
DLX-0418,blenders-buying-checklist,Blenders Buying Checklist,Dining,Checklist,"Printable checklist of what to check before buying Blenders: specs or fit, total cost, return policy, warranty and red flags. Fillable budget and notes fields.",2,5.99,https://buy.stripe.com/5kQbJ22bAfBu9oe65T5wI00?client_reference_id=blenders-buying-checklist,blenders-buying-checklist.pdf
DLX-0419,blenders-price-tracker,Blenders Price Tracker,Dining,Fillable PDF,"Fillable tracker to log Blenders prices by retailer and date, with shipping, coupon and target-price columns so you can tell a real deal.",1,5.99,https://buy.stripe.com/5kQbJ22bAfBu9oe65T5wI00?client_reference_id=blenders-price-tracker,blenders-price-tracker.pdf
DLX-0420,blenders-comparison-worksheet,Blenders Comparison Worksheet,Dining,Fillable PDF,Side-by-side worksheet to compare up to four Blenders options with a weighted scoring section.,1,5.99,https://buy.stripe.com/5kQbJ22bAfBu9oe65T5wI00?client_reference_id=blenders-comparison-worksheet,blenders-comparison-worksheet.pdf
DLX-0421,blenders-budget-planner,Blenders Budget Planner,Dining,Fillable PDF,"Set a spending cap for Blenders, split must-haves from nice-to-haves and log what you actually spend.",1,5.99,https://buy.stripe.com/5kQbJ22bAfBu9oe65T5wI00?client_reference_id=blenders-budget-planner,blenders-budget-planner.pdf
DLX-0422,blenders-is-this-a-real-deal-infographic,Blenders: Is This a Real Deal? Infographic,Dining,Infographic,One-page visual decision guide for judging whether a discount on Blenders is genuine.,1,5.99,https://buy.stripe.com/5kQbJ22bAfBu9oe65T5wI00?client_reference_id=blenders-is-this-a-real-deal-infographic,blenders-is-this-a-real-deal-infographic.pdf
DLX-0423,blenders-return-warranty-tracker,Blenders Return & Warranty Tracker,Dining,Fillable PDF,"Fillable log for Blenders: purchase date, return-by date, warranty end date, proof saved and claim status, plus a protect-your-purchase checklist.",2,5.99,https://buy.stripe.com/5kQbJ22bAfBu9oe65T5wI00?client_reference_id=blenders-return-warranty-tracker,blenders-return-warranty-tracker.pdf
DLX-0424,blenders-sale-timing-planner,Blenders Sale Timing Planner,Dining,Fillable PDF,"Plan when to buy Blenders: set a target price, log prices over time, note sale events and alerts, and choose a buy-by date.",2,5.99,https://buy.stripe.com/5kQbJ22bAfBu9oe65T5wI00?client_reference_id=blenders-sale-timing-planner,blenders-sale-timing-planner.pdf
DLX-0425,wall-art-buying-checklist,Wall Art Buying Checklist,Home Décor,Checklist,"Printable checklist of what to check before buying Wall Art: specs or fit, total cost, return policy, warranty and red flags. Fillable budget and notes fields.",2,5.99,https://buy.stripe.com/5kQbJ22bAfBu9oe65T5wI00?client_reference_id=wall-art-buying-checklist,wall-art-buying-checklist.pdf
DLX-0426,wall-art-price-tracker,Wall Art Price Tracker,Home Décor,Fillable PDF,"Fillable tracker to log Wall Art prices by retailer and date, with shipping, coupon and target-price columns so you can tell a real deal.",1,5.99,https://buy.stripe.com/5kQbJ22bAfBu9oe65T5wI00?client_reference_id=wall-art-price-tracker,wall-art-price-tracker.pdf
DLX-0427,wall-art-comparison-worksheet,Wall Art Comparison Worksheet,Home Décor,Fillable PDF,Side-by-side worksheet to compare up to four Wall Art options with a weighted scoring section.,1,5.99,https://buy.stripe.com/5kQbJ22bAfBu9oe65T5wI00?client_reference_id=wall-art-comparison-worksheet,wall-art-comparison-worksheet.pdf
DLX-0428,wall-art-budget-planner,Wall Art Budget Planner,Home Décor,Fillable PDF,"Set a spending cap for Wall Art, split must-haves from nice-to-haves and log what you actually spend.",1,5.99,https://buy.stripe.com/5kQbJ22bAfBu9oe65T5wI00?client_reference_id=wall-art-budget-planner,wall-art-budget-planner.pdf
DLX-0429,wall-art-is-this-a-real-deal-infographic,Wall Art: Is This a Real Deal? Infographic,Home Décor,Infographic,One-page visual decision guide for judging whether a discount on Wall Art is genuine.,1,5.99,https://buy.stripe.com/5kQbJ22bAfBu9oe65T5wI00?client_reference_id=wall-art-is-this-a-real-deal-infographic,wall-art-is-this-a-real-deal-infographic.pdf
DLX-0430,wall-art-return-warranty-tracker,Wall Art Return & Warranty Tracker,Home Décor,Fillable PDF,"Fillable log for Wall Art: purchase date, return-by date, warranty end date, proof saved and claim status, plus a protect-your-purchase checklist.",2,5.99,https://buy.stripe.com/5kQbJ22bAfBu9oe65T5wI00?client_reference_id=wall-art-return-warranty-tracker,wall-art-return-warranty-tracker.pdf
DLX-0431,wall-art-sale-timing-planner,Wall Art Sale Timing Planner,Home Décor,Fillable PDF,"Plan when to buy Wall Art: set a target price, log prices over time, note sale events and alerts, and choose a buy-by date.",2,5.99,https://buy.stripe.com/5kQbJ22bAfBu9oe65T5wI00?client_reference_id=wall-art-sale-timing-planner,wall-art-sale-timing-planner.pdf
DLX-0432,mirrors-buying-checklist,Mirrors Buying Checklist,Home Décor,Checklist,"Printable checklist of what to check before buying Mirrors: specs or fit, total cost, return policy, warranty and red flags. Fillable budget and notes fields.",2,5.99,https://buy.stripe.com/5kQbJ22bAfBu9oe65T5wI00?client_reference_id=mirrors-buying-checklist,mirrors-buying-checklist.pdf
DLX-0433,mirrors-price-tracker,Mirrors Price Tracker,Home Décor,Fillable PDF,"Fillable tracker to log Mirrors prices by retailer and date, with shipping, coupon and target-price columns so you can tell a real deal.",1,5.99,https://buy.stripe.com/5kQbJ22bAfBu9oe65T5wI00?client_reference_id=mirrors-price-tracker,mirrors-price-tracker.pdf
DLX-0434,mirrors-comparison-worksheet,Mirrors Comparison Worksheet,Home Décor,Fillable PDF,Side-by-side worksheet to compare up to four Mirrors options with a weighted scoring section.,1,5.99,https://buy.stripe.com/5kQbJ22bAfBu9oe65T5wI00?client_reference_id=mirrors-comparison-worksheet,mirrors-comparison-worksheet.pdf
DLX-0435,mirrors-budget-planner,Mirrors Budget Planner,Home Décor,Fillable PDF,"Set a spending cap for Mirrors, split must-haves from nice-to-haves and log what you actually spend.",1,5.99,https://buy.stripe.com/5kQbJ22bAfBu9oe65T5wI00?client_reference_id=mirrors-budget-planner,mirrors-budget-planner.pdf
DLX-0436,mirrors-is-this-a-real-deal-infographic,Mirrors: Is This a Real Deal? Infographic,Home Décor,Infographic,One-page visual decision guide for judging whether a discount on Mirrors is genuine.,1,5.99,https://buy.stripe.com/5kQbJ22bAfBu9oe65T5wI00?client_reference_id=mirrors-is-this-a-real-deal-infographic,mirrors-is-this-a-real-deal-infographic.pdf
DLX-0437,mirrors-return-warranty-tracker,Mirrors Return & Warranty Tracker,Home Décor,Fillable PDF,"Fillable log for Mirrors: purchase date, return-by date, warranty end date, proof saved and claim status, plus a protect-your-purchase checklist.",2,5.99,https://buy.stripe.com/5kQbJ22bAfBu9oe65T5wI00?client_reference_id=mirrors-return-warranty-tracker,mirrors-return-warranty-tracker.pdf
DLX-0438,mirrors-sale-timing-planner,Mirrors Sale Timing Planner,Home Décor,Fillable PDF,"Plan when to buy Mirrors: set a target price, log prices over time, note sale events and alerts, and choose a buy-by date.",2,5.99,https://buy.stripe.com/5kQbJ22bAfBu9oe65T5wI00?client_reference_id=mirrors-sale-timing-planner,mirrors-sale-timing-planner.pdf
DLX-0439,decorative-pillows-buying-checklist,Decorative Pillows Buying Checklist,Home Décor,Checklist,"Printable checklist of what to check before buying Decorative Pillows: specs or fit, total cost, return policy, warranty and red flags. Fillable budget and notes fields.",2,5.99,https://buy.stripe.com/5kQbJ22bAfBu9oe65T5wI00?client_reference_id=decorative-pillows-buying-checklist,decorative-pillows-buying-checklist.pdf
DLX-0440,decorative-pillows-price-tracker,Decorative Pillows Price Tracker,Home Décor,Fillable PDF,"Fillable tracker to log Decorative Pillows prices by retailer and date, with shipping, coupon and target-price columns so you can tell a real deal.",1,5.99,https://buy.stripe.com/5kQbJ22bAfBu9oe65T5wI00?client_reference_id=decorative-pillows-price-tracker,decorative-pillows-price-tracker.pdf
DLX-0441,decorative-pillows-comparison-worksheet,Decorative Pillows Comparison Worksheet,Home Décor,Fillable PDF,Side-by-side worksheet to compare up to four Decorative Pillows options with a weighted scoring section.,1,5.99,https://buy.stripe.com/5kQbJ22bAfBu9oe65T5wI00?client_reference_id=decorative-pillows-comparison-worksheet,decorative-pillows-comparison-worksheet.pdf
DLX-0442,decorative-pillows-budget-planner,Decorative Pillows Budget Planner,Home Décor,Fillable PDF,"Set a spending cap for Decorative Pillows, split must-haves from nice-to-haves and log what you actually spend.",1,5.99,https://buy.stripe.com/5kQbJ22bAfBu9oe65T5wI00?client_reference_id=decorative-pillows-budget-planner,decorative-pillows-budget-planner.pdf
DLX-0443,decorative-pillows-is-this-a-real-deal-infographic,Decorative Pillows: Is This a Real Deal? Infographic,Home Décor,Infographic,One-page visual decision guide for judging whether a discount on Decorative Pillows is genuine.,1,5.99,https://buy.stripe.com/5kQbJ22bAfBu9oe65T5wI00?client_reference_id=decorative-pillows-is-this-a-real-deal-infographic,decorative-pillows-is-this-a-real-deal-infographic.pdf
DLX-0444,decorative-pillows-return-warranty-tracker,Decorative Pillows Return & Warranty Tracker,Home Décor,Fillable PDF,"Fillable log for Decorative Pillows: purchase date, return-by date, warranty end date, proof saved and claim status, plus a protect-your-purchase checklist.",2,5.99,https://buy.stripe.com/5kQbJ22bAfBu9oe65T5wI00?client_reference_id=decorative-pillows-return-warranty-tracker,decorative-pillows-return-warranty-tracker.pdf
DLX-0445,decorative-pillows-sale-timing-planner,Decorative Pillows Sale Timing Planner,Home Décor,Fillable PDF,"Plan when to buy Decorative Pillows: set a target price, log prices over time, note sale events and alerts, and choose a buy-by date.",2,5.99,https://buy.stripe.com/5kQbJ22bAfBu9oe65T5wI00?client_reference_id=decorative-pillows-sale-timing-planner,decorative-pillows-sale-timing-planner.pdf
DLX-0446,candles-home-fragrance-buying-checklist,Candles & Home Fragrance Buying Checklist,Home Décor,Checklist,"Printable checklist of what to check before buying Candles & Home Fragrance: specs or fit, total cost, return policy, warranty and red flags. Fillable budget and notes fields.",2,5.99,https://buy.stripe.com/5kQbJ22bAfBu9oe65T5wI00?client_reference_id=candles-home-fragrance-buying-checklist,candles-home-fragrance-buying-checklist.pdf
DLX-0447,candles-home-fragrance-price-tracker,Candles & Home Fragrance Price Tracker,Home Décor,Fillable PDF,"Fillable tracker to log Candles & Home Fragrance prices by retailer and date, with shipping, coupon and target-price columns so you can tell a real deal.",1,5.99,https://buy.stripe.com/5kQbJ22bAfBu9oe65T5wI00?client_reference_id=candles-home-fragrance-price-tracker,candles-home-fragrance-price-tracker.pdf
DLX-0448,candles-home-fragrance-comparison-worksheet,Candles & Home Fragrance Comparison Worksheet,Home Décor,Fillable PDF,Side-by-side worksheet to compare up to four Candles & Home Fragrance options with a weighted scoring section.,1,5.99,https://buy.stripe.com/5kQbJ22bAfBu9oe65T5wI00?client_reference_id=candles-home-fragrance-comparison-worksheet,candles-home-fragrance-comparison-worksheet.pdf
DLX-0449,candles-home-fragrance-budget-planner,Candles & Home Fragrance Budget Planner,Home Décor,Fillable PDF,"Set a spending cap for Candles & Home Fragrance, split must-haves from nice-to-haves and log what you actually spend.",1,5.99,https://buy.stripe.com/5kQbJ22bAfBu9oe65T5wI00?client_reference_id=candles-home-fragrance-budget-planner,candles-home-fragrance-budget-planner.pdf
DLX-0450,candles-home-fragrance-is-this-a-real-deal-infographic,Candles & Home Fragrance: Is This a Real Deal? Infographic,Home Décor,Infographic,One-page visual decision guide for judging whether a discount on Candles & Home Fragrance is genuine.,1,5.99,https://buy.stripe.com/5kQbJ22bAfBu9oe65T5wI00?client_reference_id=candles-home-fragrance-is-this-a-real-deal-infographic,candles-home-fragrance-is-this-a-real-deal-infographic.pdf
DLX-0451,candles-home-fragrance-return-warranty-tracker,Candles & Home Fragrance Return & Warranty Tracker,Home Décor,Fillable PDF,"Fillable log for Candles & Home Fragrance: purchase date, return-by date, warranty end date, proof saved and claim status, plus a protect-your-purchase checklist.",2,5.99,https://buy.stripe.com/5kQbJ22bAfBu9oe65T5wI00?client_reference_id=candles-home-fragrance-return-warranty-tracker,candles-home-fragrance-return-warranty-tracker.pdf
DLX-0452,candles-home-fragrance-sale-timing-planner,Candles & Home Fragrance Sale Timing Planner,Home Décor,Fillable PDF,"Plan when to buy Candles & Home Fragrance: set a target price, log prices over time, note sale events and alerts, and choose a buy-by date.",2,5.99,https://buy.stripe.com/5kQbJ22bAfBu9oe65T5wI00?client_reference_id=candles-home-fragrance-sale-timing-planner,candles-home-fragrance-sale-timing-planner.pdf
DLX-0453,vases-planters-buying-checklist,Vases & Planters Buying Checklist,Home Décor,Checklist,"Printable checklist of what to check before buying Vases & Planters: specs or fit, total cost, return policy, warranty and red flags. Fillable budget and notes fields.",2,5.99,https://buy.stripe.com/5kQbJ22bAfBu9oe65T5wI00?client_reference_id=vases-planters-buying-checklist,vases-planters-buying-checklist.pdf
DLX-0454,vases-planters-price-tracker,Vases & Planters Price Tracker,Home Décor,Fillable PDF,"Fillable tracker to log Vases & Planters prices by retailer and date, with shipping, coupon and target-price columns so you can tell a real deal.",1,5.99,https://buy.stripe.com/5kQbJ22bAfBu9oe65T5wI00?client_reference_id=vases-planters-price-tracker,vases-planters-price-tracker.pdf
DLX-0455,vases-planters-comparison-worksheet,Vases & Planters Comparison Worksheet,Home Décor,Fillable PDF,Side-by-side worksheet to compare up to four Vases & Planters options with a weighted scoring section.,1,5.99,https://buy.stripe.com/5kQbJ22bAfBu9oe65T5wI00?client_reference_id=vases-planters-comparison-worksheet,vases-planters-comparison-worksheet.pdf
DLX-0456,vases-planters-budget-planner,Vases & Planters Budget Planner,Home Décor,Fillable PDF,"Set a spending cap for Vases & Planters, split must-haves from nice-to-haves and log what you actually spend.",1,5.99,https://buy.stripe.com/5kQbJ22bAfBu9oe65T5wI00?client_reference_id=vases-planters-budget-planner,vases-planters-budget-planner.pdf
DLX-0457,vases-planters-is-this-a-real-deal-infographic,Vases & Planters: Is This a Real Deal? Infographic,Home Décor,Infographic,One-page visual decision guide for judging whether a discount on Vases & Planters is genuine.,1,5.99,https://buy.stripe.com/5kQbJ22bAfBu9oe65T5wI00?client_reference_id=vases-planters-is-this-a-real-deal-infographic,vases-planters-is-this-a-real-deal-infographic.pdf
DLX-0458,vases-planters-return-warranty-tracker,Vases & Planters Return & Warranty Tracker,Home Décor,Fillable PDF,"Fillable log for Vases & Planters: purchase date, return-by date, warranty end date, proof saved and claim status, plus a protect-your-purchase checklist.",2,5.99,https://buy.stripe.com/5kQbJ22bAfBu9oe65T5wI00?client_reference_id=vases-planters-return-warranty-tracker,vases-planters-return-warranty-tracker.pdf
DLX-0459,vases-planters-sale-timing-planner,Vases & Planters Sale Timing Planner,Home Décor,Fillable PDF,"Plan when to buy Vases & Planters: set a target price, log prices over time, note sale events and alerts, and choose a buy-by date.",2,5.99,https://buy.stripe.com/5kQbJ22bAfBu9oe65T5wI00?client_reference_id=vases-planters-sale-timing-planner,vases-planters-sale-timing-planner.pdf
DLX-0460,throw-blankets-buying-checklist,Throw Blankets Buying Checklist,Home Décor,Checklist,"Printable checklist of what to check before buying Throw Blankets: specs or fit, total cost, return policy, warranty and red flags. Fillable budget and notes fields.",2,5.99,https://buy.stripe.com/5kQbJ22bAfBu9oe65T5wI00?client_reference_id=throw-blankets-buying-checklist,throw-blankets-buying-checklist.pdf
DLX-0461,throw-blankets-price-tracker,Throw Blankets Price Tracker,Home Décor,Fillable PDF,"Fillable tracker to log Throw Blankets prices by retailer and date, with shipping, coupon and target-price columns so you can tell a real deal.",1,5.99,https://buy.stripe.com/5kQbJ22bAfBu9oe65T5wI00?client_reference_id=throw-blankets-price-tracker,throw-blankets-price-tracker.pdf
DLX-0462,throw-blankets-comparison-worksheet,Throw Blankets Comparison Worksheet,Home Décor,Fillable PDF,Side-by-side worksheet to compare up to four Throw Blankets options with a weighted scoring section.,1,5.99,https://buy.stripe.com/5kQbJ22bAfBu9oe65T5wI00?client_reference_id=throw-blankets-comparison-worksheet,throw-blankets-comparison-worksheet.pdf
DLX-0463,throw-blankets-budget-planner,Throw Blankets Budget Planner,Home Décor,Fillable PDF,"Set a spending cap for Throw Blankets, split must-haves from nice-to-haves and log what you actually spend.",1,5.99,https://buy.stripe.com/5kQbJ22bAfBu9oe65T5wI00?client_reference_id=throw-blankets-budget-planner,throw-blankets-budget-planner.pdf
DLX-0464,throw-blankets-is-this-a-real-deal-infographic,Throw Blankets: Is This a Real Deal? Infographic,Home Décor,Infographic,One-page visual decision guide for judging whether a discount on Throw Blankets is genuine.,1,5.99,https://buy.stripe.com/5kQbJ22bAfBu9oe65T5wI00?client_reference_id=throw-blankets-is-this-a-real-deal-infographic,throw-blankets-is-this-a-real-deal-infographic.pdf
DLX-0465,throw-blankets-return-warranty-tracker,Throw Blankets Return & Warranty Tracker,Home Décor,Fillable PDF,"Fillable log for Throw Blankets: purchase date, return-by date, warranty end date, proof saved and claim status, plus a protect-your-purchase checklist.",2,5.99,https://buy.stripe.com/5kQbJ22bAfBu9oe65T5wI00?client_reference_id=throw-blankets-return-warranty-tracker,throw-blankets-return-warranty-tracker.pdf
DLX-0466,throw-blankets-sale-timing-planner,Throw Blankets Sale Timing Planner,Home Décor,Fillable PDF,"Plan when to buy Throw Blankets: set a target price, log prices over time, note sale events and alerts, and choose a buy-by date.",2,5.99,https://buy.stripe.com/5kQbJ22bAfBu9oe65T5wI00?client_reference_id=throw-blankets-sale-timing-planner,throw-blankets-sale-timing-planner.pdf
DLX-0467,clocks-buying-checklist,Clocks Buying Checklist,Home Décor,Checklist,"Printable checklist of what to check before buying Clocks: specs or fit, total cost, return policy, warranty and red flags. Fillable budget and notes fields.",2,5.99,https://buy.stripe.com/5kQbJ22bAfBu9oe65T5wI00?client_reference_id=clocks-buying-checklist,clocks-buying-checklist.pdf
DLX-0468,clocks-price-tracker,Clocks Price Tracker,Home Décor,Fillable PDF,"Fillable tracker to log Clocks prices by retailer and date, with shipping, coupon and target-price columns so you can tell a real deal.",1,5.99,https://buy.stripe.com/5kQbJ22bAfBu9oe65T5wI00?client_reference_id=clocks-price-tracker,clocks-price-tracker.pdf
DLX-0469,clocks-comparison-worksheet,Clocks Comparison Worksheet,Home Décor,Fillable PDF,Side-by-side worksheet to compare up to four Clocks options with a weighted scoring section.,1,5.99,https://buy.stripe.com/5kQbJ22bAfBu9oe65T5wI00?client_reference_id=clocks-comparison-worksheet,clocks-comparison-worksheet.pdf
DLX-0470,clocks-budget-planner,Clocks Budget Planner,Home Décor,Fillable PDF,"Set a spending cap for Clocks, split must-haves from nice-to-haves and log what you actually spend.",1,5.99,https://buy.stripe.com/5kQbJ22bAfBu9oe65T5wI00?client_reference_id=clocks-budget-planner,clocks-budget-planner.pdf
DLX-0471,clocks-is-this-a-real-deal-infographic,Clocks: Is This a Real Deal? Infographic,Home Décor,Infographic,One-page visual decision guide for judging whether a discount on Clocks is genuine.,1,5.99,https://buy.stripe.com/5kQbJ22bAfBu9oe65T5wI00?client_reference_id=clocks-is-this-a-real-deal-infographic,clocks-is-this-a-real-deal-infographic.pdf
DLX-0472,clocks-return-warranty-tracker,Clocks Return & Warranty Tracker,Home Décor,Fillable PDF,"Fillable log for Clocks: purchase date, return-by date, warranty end date, proof saved and claim status, plus a protect-your-purchase checklist.",2,5.99,https://buy.stripe.com/5kQbJ22bAfBu9oe65T5wI00?client_reference_id=clocks-return-warranty-tracker,clocks-return-warranty-tracker.pdf
DLX-0473,clocks-sale-timing-planner,Clocks Sale Timing Planner,Home Décor,Fillable PDF,"Plan when to buy Clocks: set a target price, log prices over time, note sale events and alerts, and choose a buy-by date.",2,5.99,https://buy.stripe.com/5kQbJ22bAfBu9oe65T5wI00?client_reference_id=clocks-sale-timing-planner,clocks-sale-timing-planner.pdf
DLX-0474,office-chairs-buying-checklist,Office Chairs Buying Checklist,Home Office,Checklist,"Printable checklist of what to check before buying Office Chairs: specs or fit, total cost, return policy, warranty and red flags. Fillable budget and notes fields.",2,5.99,https://buy.stripe.com/5kQbJ22bAfBu9oe65T5wI00?client_reference_id=office-chairs-buying-checklist,office-chairs-buying-checklist.pdf
DLX-0475,office-chairs-price-tracker,Office Chairs Price Tracker,Home Office,Fillable PDF,"Fillable tracker to log Office Chairs prices by retailer and date, with shipping, coupon and target-price columns so you can tell a real deal.",1,5.99,https://buy.stripe.com/5kQbJ22bAfBu9oe65T5wI00?client_reference_id=office-chairs-price-tracker,office-chairs-price-tracker.pdf
DLX-0476,office-chairs-comparison-worksheet,Office Chairs Comparison Worksheet,Home Office,Fillable PDF,Side-by-side worksheet to compare up to four Office Chairs options with a weighted scoring section.,1,5.99,https://buy.stripe.com/5kQbJ22bAfBu9oe65T5wI00?client_reference_id=office-chairs-comparison-worksheet,office-chairs-comparison-worksheet.pdf
DLX-0477,office-chairs-budget-planner,Office Chairs Budget Planner,Home Office,Fillable PDF,"Set a spending cap for Office Chairs, split must-haves from nice-to-haves and log what you actually spend.",1,5.99,https://buy.stripe.com/5kQbJ22bAfBu9oe65T5wI00?client_reference_id=office-chairs-budget-planner,office-chairs-budget-planner.pdf
DLX-0478,office-chairs-is-this-a-real-deal-infographic,Office Chairs: Is This a Real Deal? Infographic,Home Office,Infographic,One-page visual decision guide for judging whether a discount on Office Chairs is genuine.,1,5.99,https://buy.stripe.com/5kQbJ22bAfBu9oe65T5wI00?client_reference_id=office-chairs-is-this-a-real-deal-infographic,office-chairs-is-this-a-real-deal-infographic.pdf
DLX-0479,office-chairs-return-warranty-tracker,Office Chairs Return & Warranty Tracker,Home Office,Fillable PDF,"Fillable log for Office Chairs: purchase date, return-by date, warranty end date, proof saved and claim status, plus a protect-your-purchase checklist.",2,5.99,https://buy.stripe.com/5kQbJ22bAfBu9oe65T5wI00?client_reference_id=office-chairs-return-warranty-tracker,office-chairs-return-warranty-tracker.pdf
DLX-0480,office-chairs-sale-timing-planner,Office Chairs Sale Timing Planner,Home Office,Fillable PDF,"Plan when to buy Office Chairs: set a target price, log prices over time, note sale events and alerts, and choose a buy-by date.",2,5.99,https://buy.stripe.com/5kQbJ22bAfBu9oe65T5wI00?client_reference_id=office-chairs-sale-timing-planner,office-chairs-sale-timing-planner.pdf
DLX-0481,standing-desks-buying-checklist,Standing Desks Buying Checklist,Home Office,Checklist,"Printable checklist of what to check before buying Standing Desks: specs or fit, total cost, return policy, warranty and red flags. Fillable budget and notes fields.",2,5.99,https://buy.stripe.com/5kQbJ22bAfBu9oe65T5wI00?client_reference_id=standing-desks-buying-checklist,standing-desks-buying-checklist.pdf
DLX-0482,standing-desks-price-tracker,Standing Desks Price Tracker,Home Office,Fillable PDF,"Fillable tracker to log Standing Desks prices by retailer and date, with shipping, coupon and target-price columns so you can tell a real deal.",1,5.99,https://buy.stripe.com/5kQbJ22bAfBu9oe65T5wI00?client_reference_id=standing-desks-price-tracker,standing-desks-price-tracker.pdf
DLX-0483,standing-desks-comparison-worksheet,Standing Desks Comparison Worksheet,Home Office,Fillable PDF,Side-by-side worksheet to compare up to four Standing Desks options with a weighted scoring section.,1,5.99,https://buy.stripe.com/5kQbJ22bAfBu9oe65T5wI00?client_reference_id=standing-desks-comparison-worksheet,standing-desks-comparison-worksheet.pdf
DLX-0484,standing-desks-budget-planner,Standing Desks Budget Planner,Home Office,Fillable PDF,"Set a spending cap for Standing Desks, split must-haves from nice-to-haves and log what you actually spend.",1,5.99,https://buy.stripe.com/5kQbJ22bAfBu9oe65T5wI00?client_reference_id=standing-desks-budget-planner,standing-desks-budget-planner.pdf
DLX-0485,standing-desks-is-this-a-real-deal-infographic,Standing Desks: Is This a Real Deal? Infographic,Home Office,Infographic,One-page visual decision guide for judging whether a discount on Standing Desks is genuine.,1,5.99,https://buy.stripe.com/5kQbJ22bAfBu9oe65T5wI00?client_reference_id=standing-desks-is-this-a-real-deal-infographic,standing-desks-is-this-a-real-deal-infographic.pdf
DLX-0486,standing-desks-return-warranty-tracker,Standing Desks Return & Warranty Tracker,Home Office,Fillable PDF,"Fillable log for Standing Desks: purchase date, return-by date, warranty end date, proof saved and claim status, plus a protect-your-purchase checklist.",2,5.99,https://buy.stripe.com/5kQbJ22bAfBu9oe65T5wI00?client_reference_id=standing-desks-return-warranty-tracker,standing-desks-return-warranty-tracker.pdf
DLX-0487,standing-desks-sale-timing-planner,Standing Desks Sale Timing Planner,Home Office,Fillable PDF,"Plan when to buy Standing Desks: set a target price, log prices over time, note sale events and alerts, and choose a buy-by date.",2,5.99,https://buy.stripe.com/5kQbJ22bAfBu9oe65T5wI00?client_reference_id=standing-desks-sale-timing-planner,standing-desks-sale-timing-planner.pdf
DLX-0488,monitors-buying-checklist,Monitors Buying Checklist,Home Office,Checklist,"Printable checklist of what to check before buying Monitors: specs or fit, total cost, return policy, warranty and red flags. Fillable budget and notes fields.",2,5.99,https://buy.stripe.com/5kQbJ22bAfBu9oe65T5wI00?client_reference_id=monitors-buying-checklist,monitors-buying-checklist.pdf
DLX-0489,monitors-price-tracker,Monitors Price Tracker,Home Office,Fillable PDF,"Fillable tracker to log Monitors prices by retailer and date, with shipping, coupon and target-price columns so you can tell a real deal.",1,5.99,https://buy.stripe.com/5kQbJ22bAfBu9oe65T5wI00?client_reference_id=monitors-price-tracker,monitors-price-tracker.pdf
DLX-0490,monitors-comparison-worksheet,Monitors Comparison Worksheet,Home Office,Fillable PDF,Side-by-side worksheet to compare up to four Monitors options with a weighted scoring section.,1,5.99,https://buy.stripe.com/5kQbJ22bAfBu9oe65T5wI00?client_reference_id=monitors-comparison-worksheet,monitors-comparison-worksheet.pdf
DLX-0491,monitors-budget-planner,Monitors Budget Planner,Home Office,Fillable PDF,"Set a spending cap for Monitors, split must-haves from nice-to-haves and log what you actually spend.",1,5.99,https://buy.stripe.com/5kQbJ22bAfBu9oe65T5wI00?client_reference_id=monitors-budget-planner,monitors-budget-planner.pdf
DLX-0492,monitors-is-this-a-real-deal-infographic,Monitors: Is This a Real Deal? Infographic,Home Office,Infographic,One-page visual decision guide for judging whether a discount on Monitors is genuine.,1,5.99,https://buy.stripe.com/5kQbJ22bAfBu9oe65T5wI00?client_reference_id=monitors-is-this-a-real-deal-infographic,monitors-is-this-a-real-deal-infographic.pdf
DLX-0493,monitors-return-warranty-tracker,Monitors Return & Warranty Tracker,Home Office,Fillable PDF,"Fillable log for Monitors: purchase date, return-by date, warranty end date, proof saved and claim status, plus a protect-your-purchase checklist.",2,5.99,https://buy.stripe.com/5kQbJ22bAfBu9oe65T5wI00?client_reference_id=monitors-return-warranty-tracker,monitors-return-warranty-tracker.pdf
DLX-0494,monitors-sale-timing-planner,Monitors Sale Timing Planner,Home Office,Fillable PDF,"Plan when to buy Monitors: set a target price, log prices over time, note sale events and alerts, and choose a buy-by date.",2,5.99,https://buy.stripe.com/5kQbJ22bAfBu9oe65T5wI00?client_reference_id=monitors-sale-timing-planner,monitors-sale-timing-planner.pdf
DLX-0495,desk-lamps-buying-checklist,Desk Lamps Buying Checklist,Home Office,Checklist,"Printable checklist of what to check before buying Desk Lamps: specs or fit, total cost, return policy, warranty and red flags. Fillable budget and notes fields.",2,5.99,https://buy.stripe.com/5kQbJ22bAfBu9oe65T5wI00?client_reference_id=desk-lamps-buying-checklist,desk-lamps-buying-checklist.pdf
DLX-0496,desk-lamps-price-tracker,Desk Lamps Price Tracker,Home Office,Fillable PDF,"Fillable tracker to log Desk Lamps prices by retailer and date, with shipping, coupon and target-price columns so you can tell a real deal.",1,5.99,https://buy.stripe.com/5kQbJ22bAfBu9oe65T5wI00?client_reference_id=desk-lamps-price-tracker,desk-lamps-price-tracker.pdf
DLX-0497,desk-lamps-comparison-worksheet,Desk Lamps Comparison Worksheet,Home Office,Fillable PDF,Side-by-side worksheet to compare up to four Desk Lamps options with a weighted scoring section.,1,5.99,https://buy.stripe.com/5kQbJ22bAfBu9oe65T5wI00?client_reference_id=desk-lamps-comparison-worksheet,desk-lamps-comparison-worksheet.pdf
DLX-0498,desk-lamps-budget-planner,Desk Lamps Budget Planner,Home Office,Fillable PDF,"Set a spending cap for Desk Lamps, split must-haves from nice-to-haves and log what you actually spend.",1,5.99,https://buy.stripe.com/5kQbJ22bAfBu9oe65T5wI00?client_reference_id=desk-lamps-budget-planner,desk-lamps-budget-planner.pdf
DLX-0499,desk-lamps-is-this-a-real-deal-infographic,Desk Lamps: Is This a Real Deal? Infographic,Home Office,Infographic,One-page visual decision guide for judging whether a discount on Desk Lamps is genuine.,1,5.99,https://buy.stripe.com/5kQbJ22bAfBu9oe65T5wI00?client_reference_id=desk-lamps-is-this-a-real-deal-infographic,desk-lamps-is-this-a-real-deal-infographic.pdf
DLX-0500,desk-lamps-return-warranty-tracker,Desk Lamps Return & Warranty Tracker,Home Office,Fillable PDF,"Fillable log for Desk Lamps: purchase date, return-by date, warranty end date, proof saved and claim status, plus a protect-your-purchase checklist.",2,5.99,https://buy.stripe.com/5kQbJ22bAfBu9oe65T5wI00?client_reference_id=desk-lamps-return-warranty-tracker,desk-lamps-return-warranty-tracker.pdf
DLX-0501,desk-lamps-sale-timing-planner,Desk Lamps Sale Timing Planner,Home Office,Fillable PDF,"Plan when to buy Desk Lamps: set a target price, log prices over time, note sale events and alerts, and choose a buy-by date.",2,5.99,https://buy.stripe.com/5kQbJ22bAfBu9oe65T5wI00?client_reference_id=desk-lamps-sale-timing-planner,desk-lamps-sale-timing-planner.pdf
DLX-0502,keyboards-mice-buying-checklist,Keyboards & Mice Buying Checklist,Home Office,Checklist,"Printable checklist of what to check before buying Keyboards & Mice: specs or fit, total cost, return policy, warranty and red flags. Fillable budget and notes fields.",2,5.99,https://buy.stripe.com/5kQbJ22bAfBu9oe65T5wI00?client_reference_id=keyboards-mice-buying-checklist,keyboards-mice-buying-checklist.pdf
DLX-0503,keyboards-mice-price-tracker,Keyboards & Mice Price Tracker,Home Office,Fillable PDF,"Fillable tracker to log Keyboards & Mice prices by retailer and date, with shipping, coupon and target-price columns so you can tell a real deal.",1,5.99,https://buy.stripe.com/5kQbJ22bAfBu9oe65T5wI00?client_reference_id=keyboards-mice-price-tracker,keyboards-mice-price-tracker.pdf
DLX-0504,keyboards-mice-comparison-worksheet,Keyboards & Mice Comparison Worksheet,Home Office,Fillable PDF,Side-by-side worksheet to compare up to four Keyboards & Mice options with a weighted scoring section.,1,5.99,https://buy.stripe.com/5kQbJ22bAfBu9oe65T5wI00?client_reference_id=keyboards-mice-comparison-worksheet,keyboards-mice-comparison-worksheet.pdf
DLX-0505,keyboards-mice-budget-planner,Keyboards & Mice Budget Planner,Home Office,Fillable PDF,"Set a spending cap for Keyboards & Mice, split must-haves from nice-to-haves and log what you actually spend.",1,5.99,https://buy.stripe.com/5kQbJ22bAfBu9oe65T5wI00?client_reference_id=keyboards-mice-budget-planner,keyboards-mice-budget-planner.pdf
DLX-0506,keyboards-mice-is-this-a-real-deal-infographic,Keyboards & Mice: Is This a Real Deal? Infographic,Home Office,Infographic,One-page visual decision guide for judging whether a discount on Keyboards & Mice is genuine.,1,5.99,https://buy.stripe.com/5kQbJ22bAfBu9oe65T5wI00?client_reference_id=keyboards-mice-is-this-a-real-deal-infographic,keyboards-mice-is-this-a-real-deal-infographic.pdf
DLX-0507,keyboards-mice-return-warranty-tracker,Keyboards & Mice Return & Warranty Tracker,Home Office,Fillable PDF,"Fillable log for Keyboards & Mice: purchase date, return-by date, warranty end date, proof saved and claim status, plus a protect-your-purchase checklist.",2,5.99,https://buy.stripe.com/5kQbJ22bAfBu9oe65T5wI00?client_reference_id=keyboards-mice-return-warranty-tracker,keyboards-mice-return-warranty-tracker.pdf
DLX-0508,keyboards-mice-sale-timing-planner,Keyboards & Mice Sale Timing Planner,Home Office,Fillable PDF,"Plan when to buy Keyboards & Mice: set a target price, log prices over time, note sale events and alerts, and choose a buy-by date.",2,5.99,https://buy.stripe.com/5kQbJ22bAfBu9oe65T5wI00?client_reference_id=keyboards-mice-sale-timing-planner,keyboards-mice-sale-timing-planner.pdf
DLX-0509,printers-buying-checklist,Printers Buying Checklist,Home Office,Checklist,"Printable checklist of what to check before buying Printers: specs or fit, total cost, return policy, warranty and red flags. Fillable budget and notes fields.",2,5.99,https://buy.stripe.com/5kQbJ22bAfBu9oe65T5wI00?client_reference_id=printers-buying-checklist,printers-buying-checklist.pdf
DLX-0510,printers-price-tracker,Printers Price Tracker,Home Office,Fillable PDF,"Fillable tracker to log Printers prices by retailer and date, with shipping, coupon and target-price columns so you can tell a real deal.",1,5.99,https://buy.stripe.com/5kQbJ22bAfBu9oe65T5wI00?client_reference_id=printers-price-tracker,printers-price-tracker.pdf
DLX-0511,printers-comparison-worksheet,Printers Comparison Worksheet,Home Office,Fillable PDF,Side-by-side worksheet to compare up to four Printers options with a weighted scoring section.,1,5.99,https://buy.stripe.com/5kQbJ22bAfBu9oe65T5wI00?client_reference_id=printers-comparison-worksheet,printers-comparison-worksheet.pdf
DLX-0512,printers-budget-planner,Printers Budget Planner,Home Office,Fillable PDF,"Set a spending cap for Printers, split must-haves from nice-to-haves and log what you actually spend.",1,5.99,https://buy.stripe.com/5kQbJ22bAfBu9oe65T5wI00?client_reference_id=printers-budget-planner,printers-budget-planner.pdf
DLX-0513,printers-is-this-a-real-deal-infographic,Printers: Is This a Real Deal? Infographic,Home Office,Infographic,One-page visual decision guide for judging whether a discount on Printers is genuine.,1,5.99,https://buy.stripe.com/5kQbJ22bAfBu9oe65T5wI00?client_reference_id=printers-is-this-a-real-deal-infographic,printers-is-this-a-real-deal-infographic.pdf
DLX-0514,printers-return-warranty-tracker,Printers Return & Warranty Tracker,Home Office,Fillable PDF,"Fillable log for Printers: purchase date, return-by date, warranty end date, proof saved and claim status, plus a protect-your-purchase checklist.",2,5.99,https://buy.stripe.com/5kQbJ22bAfBu9oe65T5wI00?client_reference_id=printers-return-warranty-tracker,printers-return-warranty-tracker.pdf
DLX-0515,printers-sale-timing-planner,Printers Sale Timing Planner,Home Office,Fillable PDF,"Plan when to buy Printers: set a target price, log prices over time, note sale events and alerts, and choose a buy-by date.",2,5.99,https://buy.stripe.com/5kQbJ22bAfBu9oe65T5wI00?client_reference_id=printers-sale-timing-planner,printers-sale-timing-planner.pdf
DLX-0516,webcams-headsets-buying-checklist,Webcams & Headsets Buying Checklist,Home Office,Checklist,"Printable checklist of what to check before buying Webcams & Headsets: specs or fit, total cost, return policy, warranty and red flags. Fillable budget and notes fields.",2,5.99,https://buy.stripe.com/5kQbJ22bAfBu9oe65T5wI00?client_reference_id=webcams-headsets-buying-checklist,webcams-headsets-buying-checklist.pdf
DLX-0517,webcams-headsets-price-tracker,Webcams & Headsets Price Tracker,Home Office,Fillable PDF,"Fillable tracker to log Webcams & Headsets prices by retailer and date, with shipping, coupon and target-price columns so you can tell a real deal.",1,5.99,https://buy.stripe.com/5kQbJ22bAfBu9oe65T5wI00?client_reference_id=webcams-headsets-price-tracker,webcams-headsets-price-tracker.pdf
DLX-0518,webcams-headsets-comparison-worksheet,Webcams & Headsets Comparison Worksheet,Home Office,Fillable PDF,Side-by-side worksheet to compare up to four Webcams & Headsets options with a weighted scoring section.,1,5.99,https://buy.stripe.com/5kQbJ22bAfBu9oe65T5wI00?client_reference_id=webcams-headsets-comparison-worksheet,webcams-headsets-comparison-worksheet.pdf
DLX-0519,webcams-headsets-budget-planner,Webcams & Headsets Budget Planner,Home Office,Fillable PDF,"Set a spending cap for Webcams & Headsets, split must-haves from nice-to-haves and log what you actually spend.",1,5.99,https://buy.stripe.com/5kQbJ22bAfBu9oe65T5wI00?client_reference_id=webcams-headsets-budget-planner,webcams-headsets-budget-planner.pdf
DLX-0520,webcams-headsets-is-this-a-real-deal-infographic,Webcams & Headsets: Is This a Real Deal? Infographic,Home Office,Infographic,One-page visual decision guide for judging whether a discount on Webcams & Headsets is genuine.,1,5.99,https://buy.stripe.com/5kQbJ22bAfBu9oe65T5wI00?client_reference_id=webcams-headsets-is-this-a-real-deal-infographic,webcams-headsets-is-this-a-real-deal-infographic.pdf
DLX-0521,webcams-headsets-return-warranty-tracker,Webcams & Headsets Return & Warranty Tracker,Home Office,Fillable PDF,"Fillable log for Webcams & Headsets: purchase date, return-by date, warranty end date, proof saved and claim status, plus a protect-your-purchase checklist.",2,5.99,https://buy.stripe.com/5kQbJ22bAfBu9oe65T5wI00?client_reference_id=webcams-headsets-return-warranty-tracker,webcams-headsets-return-warranty-tracker.pdf
DLX-0522,webcams-headsets-sale-timing-planner,Webcams & Headsets Sale Timing Planner,Home Office,Fillable PDF,"Plan when to buy Webcams & Headsets: set a target price, log prices over time, note sale events and alerts, and choose a buy-by date.",2,5.99,https://buy.stripe.com/5kQbJ22bAfBu9oe65T5wI00?client_reference_id=webcams-headsets-sale-timing-planner,webcams-headsets-sale-timing-planner.pdf
DLX-0523,laptop-stands-buying-checklist,Laptop Stands Buying Checklist,Home Office,Checklist,"Printable checklist of what to check before buying Laptop Stands: specs or fit, total cost, return policy, warranty and red flags. Fillable budget and notes fields.",2,5.99,https://buy.stripe.com/5kQbJ22bAfBu9oe65T5wI00?client_reference_id=laptop-stands-buying-checklist,laptop-stands-buying-checklist.pdf
DLX-0524,laptop-stands-price-tracker,Laptop Stands Price Tracker,Home Office,Fillable PDF,"Fillable tracker to log Laptop Stands prices by retailer and date, with shipping, coupon and target-price columns so you can tell a real deal.",1,5.99,https://buy.stripe.com/5kQbJ22bAfBu9oe65T5wI00?client_reference_id=laptop-stands-price-tracker,laptop-stands-price-tracker.pdf
DLX-0525,laptop-stands-comparison-worksheet,Laptop Stands Comparison Worksheet,Home Office,Fillable PDF,Side-by-side worksheet to compare up to four Laptop Stands options with a weighted scoring section.,1,5.99,https://buy.stripe.com/5kQbJ22bAfBu9oe65T5wI00?client_reference_id=laptop-stands-comparison-worksheet,laptop-stands-comparison-worksheet.pdf
DLX-0526,laptop-stands-budget-planner,Laptop Stands Budget Planner,Home Office,Fillable PDF,"Set a spending cap for Laptop Stands, split must-haves from nice-to-haves and log what you actually spend.",1,5.99,https://buy.stripe.com/5kQbJ22bAfBu9oe65T5wI00?client_reference_id=laptop-stands-budget-planner,laptop-stands-budget-planner.pdf
DLX-0527,laptop-stands-is-this-a-real-deal-infographic,Laptop Stands: Is This a Real Deal? Infographic,Home Office,Infographic,One-page visual decision guide for judging whether a discount on Laptop Stands is genuine.,1,5.99,https://buy.stripe.com/5kQbJ22bAfBu9oe65T5wI00?client_reference_id=laptop-stands-is-this-a-real-deal-infographic,laptop-stands-is-this-a-real-deal-infographic.pdf
DLX-0528,laptop-stands-return-warranty-tracker,Laptop Stands Return & Warranty Tracker,Home Office,Fillable PDF,"Fillable log for Laptop Stands: purchase date, return-by date, warranty end date, proof saved and claim status, plus a protect-your-purchase checklist.",2,5.99,https://buy.stripe.com/5kQbJ22bAfBu9oe65T5wI00?client_reference_id=laptop-stands-return-warranty-tracker,laptop-stands-return-warranty-tracker.pdf
DLX-0529,laptop-stands-sale-timing-planner,Laptop Stands Sale Timing Planner,Home Office,Fillable PDF,"Plan when to buy Laptop Stands: set a target price, log prices over time, note sale events and alerts, and choose a buy-by date.",2,5.99,https://buy.stripe.com/5kQbJ22bAfBu9oe65T5wI00?client_reference_id=laptop-stands-sale-timing-planner,laptop-stands-sale-timing-planner.pdf
DLX-0530,patio-furniture-buying-checklist,Patio Furniture Buying Checklist,Outdoor & Garden,Checklist,"Printable checklist of what to check before buying Patio Furniture: specs or fit, total cost, return policy, warranty and red flags. Fillable budget and notes fields.",2,5.99,https://buy.stripe.com/5kQbJ22bAfBu9oe65T5wI00?client_reference_id=patio-furniture-buying-checklist,patio-furniture-buying-checklist.pdf
DLX-0531,patio-furniture-price-tracker,Patio Furniture Price Tracker,Outdoor & Garden,Fillable PDF,"Fillable tracker to log Patio Furniture prices by retailer and date, with shipping, coupon and target-price columns so you can tell a real deal.",1,5.99,https://buy.stripe.com/5kQbJ22bAfBu9oe65T5wI00?client_reference_id=patio-furniture-price-tracker,patio-furniture-price-tracker.pdf
DLX-0532,patio-furniture-comparison-worksheet,Patio Furniture Comparison Worksheet,Outdoor & Garden,Fillable PDF,Side-by-side worksheet to compare up to four Patio Furniture options with a weighted scoring section.,1,5.99,https://buy.stripe.com/5kQbJ22bAfBu9oe65T5wI00?client_reference_id=patio-furniture-comparison-worksheet,patio-furniture-comparison-worksheet.pdf
DLX-0533,patio-furniture-budget-planner,Patio Furniture Budget Planner,Outdoor & Garden,Fillable PDF,"Set a spending cap for Patio Furniture, split must-haves from nice-to-haves and log what you actually spend.",1,5.99,https://buy.stripe.com/5kQbJ22bAfBu9oe65T5wI00?client_reference_id=patio-furniture-budget-planner,patio-furniture-budget-planner.pdf
DLX-0534,patio-furniture-is-this-a-real-deal-infographic,Patio Furniture: Is This a Real Deal? Infographic,Outdoor & Garden,Infographic,One-page visual decision guide for judging whether a discount on Patio Furniture is genuine.,1,5.99,https://buy.stripe.com/5kQbJ22bAfBu9oe65T5wI00?client_reference_id=patio-furniture-is-this-a-real-deal-infographic,patio-furniture-is-this-a-real-deal-infographic.pdf
DLX-0535,patio-furniture-return-warranty-tracker,Patio Furniture Return & Warranty Tracker,Outdoor & Garden,Fillable PDF,"Fillable log for Patio Furniture: purchase date, return-by date, warranty end date, proof saved and claim status, plus a protect-your-purchase checklist.",2,5.99,https://buy.stripe.com/5kQbJ22bAfBu9oe65T5wI00?client_reference_id=patio-furniture-return-warranty-tracker,patio-furniture-return-warranty-tracker.pdf
DLX-0536,patio-furniture-sale-timing-planner,Patio Furniture Sale Timing Planner,Outdoor & Garden,Fillable PDF,"Plan when to buy Patio Furniture: set a target price, log prices over time, note sale events and alerts, and choose a buy-by date.",2,5.99,https://buy.stripe.com/5kQbJ22bAfBu9oe65T5wI00?client_reference_id=patio-furniture-sale-timing-planner,patio-furniture-sale-timing-planner.pdf
DLX-0537,grills-buying-checklist,Grills Buying Checklist,Outdoor & Garden,Checklist,"Printable checklist of what to check before buying Grills: specs or fit, total cost, return policy, warranty and red flags. Fillable budget and notes fields.",2,5.99,https://buy.stripe.com/5kQbJ22bAfBu9oe65T5wI00?client_reference_id=grills-buying-checklist,grills-buying-checklist.pdf
DLX-0538,grills-price-tracker,Grills Price Tracker,Outdoor & Garden,Fillable PDF,"Fillable tracker to log Grills prices by retailer and date, with shipping, coupon and target-price columns so you can tell a real deal.",1,5.99,https://buy.stripe.com/5kQbJ22bAfBu9oe65T5wI00?client_reference_id=grills-price-tracker,grills-price-tracker.pdf
DLX-0539,grills-comparison-worksheet,Grills Comparison Worksheet,Outdoor & Garden,Fillable PDF,Side-by-side worksheet to compare up to four Grills options with a weighted scoring section.,1,5.99,https://buy.stripe.com/5kQbJ22bAfBu9oe65T5wI00?client_reference_id=grills-comparison-worksheet,grills-comparison-worksheet.pdf
DLX-0540,grills-budget-planner,Grills Budget Planner,Outdoor & Garden,Fillable PDF,"Set a spending cap for Grills, split must-haves from nice-to-haves and log what you actually spend.",1,5.99,https://buy.stripe.com/5kQbJ22bAfBu9oe65T5wI00?client_reference_id=grills-budget-planner,grills-budget-planner.pdf
DLX-0541,grills-is-this-a-real-deal-infographic,Grills: Is This a Real Deal? Infographic,Outdoor & Garden,Infographic,One-page visual decision guide for judging whether a discount on Grills is genuine.,1,5.99,https://buy.stripe.com/5kQbJ22bAfBu9oe65T5wI00?client_reference_id=grills-is-this-a-real-deal-infographic,grills-is-this-a-real-deal-infographic.pdf
DLX-0542,grills-return-warranty-tracker,Grills Return & Warranty Tracker,Outdoor & Garden,Fillable PDF,"Fillable log for Grills: purchase date, return-by date, warranty end date, proof saved and claim status, plus a protect-your-purchase checklist.",2,5.99,https://buy.stripe.com/5kQbJ22bAfBu9oe65T5wI00?client_reference_id=grills-return-warranty-tracker,grills-return-warranty-tracker.pdf
DLX-0543,grills-sale-timing-planner,Grills Sale Timing Planner,Outdoor & Garden,Fillable PDF,"Plan when to buy Grills: set a target price, log prices over time, note sale events and alerts, and choose a buy-by date.",2,5.99,https://buy.stripe.com/5kQbJ22bAfBu9oe65T5wI00?client_reference_id=grills-sale-timing-planner,grills-sale-timing-planner.pdf
DLX-0544,fire-pits-buying-checklist,Fire Pits Buying Checklist,Outdoor & Garden,Checklist,"Printable checklist of what to check before buying Fire Pits: specs or fit, total cost, return policy, warranty and red flags. Fillable budget and notes fields.",2,5.99,https://buy.stripe.com/5kQbJ22bAfBu9oe65T5wI00?client_reference_id=fire-pits-buying-checklist,fire-pits-buying-checklist.pdf
DLX-0545,fire-pits-price-tracker,Fire Pits Price Tracker,Outdoor & Garden,Fillable PDF,"Fillable tracker to log Fire Pits prices by retailer and date, with shipping, coupon and target-price columns so you can tell a real deal.",1,5.99,https://buy.stripe.com/5kQbJ22bAfBu9oe65T5wI00?client_reference_id=fire-pits-price-tracker,fire-pits-price-tracker.pdf
DLX-0546,fire-pits-comparison-worksheet,Fire Pits Comparison Worksheet,Outdoor & Garden,Fillable PDF,Side-by-side worksheet to compare up to four Fire Pits options with a weighted scoring section.,1,5.99,https://buy.stripe.com/5kQbJ22bAfBu9oe65T5wI00?client_reference_id=fire-pits-comparison-worksheet,fire-pits-comparison-worksheet.pdf
DLX-0547,fire-pits-budget-planner,Fire Pits Budget Planner,Outdoor & Garden,Fillable PDF,"Set a spending cap for Fire Pits, split must-haves from nice-to-haves and log what you actually spend.",1,5.99,https://buy.stripe.com/5kQbJ22bAfBu9oe65T5wI00?client_reference_id=fire-pits-budget-planner,fire-pits-budget-planner.pdf
DLX-0548,fire-pits-is-this-a-real-deal-infographic,Fire Pits: Is This a Real Deal? Infographic,Outdoor & Garden,Infographic,One-page visual decision guide for judging whether a discount on Fire Pits is genuine.,1,5.99,https://buy.stripe.com/5kQbJ22bAfBu9oe65T5wI00?client_reference_id=fire-pits-is-this-a-real-deal-infographic,fire-pits-is-this-a-real-deal-infographic.pdf
DLX-0549,fire-pits-return-warranty-tracker,Fire Pits Return & Warranty Tracker,Outdoor & Garden,Fillable PDF,"Fillable log for Fire Pits: purchase date, return-by date, warranty end date, proof saved and claim status, plus a protect-your-purchase checklist.",2,5.99,https://buy.stripe.com/5kQbJ22bAfBu9oe65T5wI00?client_reference_id=fire-pits-return-warranty-tracker,fire-pits-return-warranty-tracker.pdf
DLX-0550,fire-pits-sale-timing-planner,Fire Pits Sale Timing Planner,Outdoor & Garden,Fillable PDF,"Plan when to buy Fire Pits: set a target price, log prices over time, note sale events and alerts, and choose a buy-by date.",2,5.99,https://buy.stripe.com/5kQbJ22bAfBu9oe65T5wI00?client_reference_id=fire-pits-sale-timing-planner,fire-pits-sale-timing-planner.pdf
DLX-0551,garden-tools-buying-checklist,Garden Tools Buying Checklist,Outdoor & Garden,Checklist,"Printable checklist of what to check before buying Garden Tools: specs or fit, total cost, return policy, warranty and red flags. Fillable budget and notes fields.",2,5.99,https://buy.stripe.com/5kQbJ22bAfBu9oe65T5wI00?client_reference_id=garden-tools-buying-checklist,garden-tools-buying-checklist.pdf
DLX-0552,garden-tools-price-tracker,Garden Tools Price Tracker,Outdoor & Garden,Fillable PDF,"Fillable tracker to log Garden Tools prices by retailer and date, with shipping, coupon and target-price columns so you can tell a real deal.",1,5.99,https://buy.stripe.com/5kQbJ22bAfBu9oe65T5wI00?client_reference_id=garden-tools-price-tracker,garden-tools-price-tracker.pdf
DLX-0553,garden-tools-comparison-worksheet,Garden Tools Comparison Worksheet,Outdoor & Garden,Fillable PDF,Side-by-side worksheet to compare up to four Garden Tools options with a weighted scoring section.,1,5.99,https://buy.stripe.com/5kQbJ22bAfBu9oe65T5wI00?client_reference_id=garden-tools-comparison-worksheet,garden-tools-comparison-worksheet.pdf
DLX-0554,garden-tools-budget-planner,Garden Tools Budget Planner,Outdoor & Garden,Fillable PDF,"Set a spending cap for Garden Tools, split must-haves from nice-to-haves and log what you actually spend.",1,5.99,https://buy.stripe.com/5kQbJ22bAfBu9oe65T5wI00?client_reference_id=garden-tools-budget-planner,garden-tools-budget-planner.pdf
DLX-0555,garden-tools-is-this-a-real-deal-infographic,Garden Tools: Is This a Real Deal? Infographic,Outdoor & Garden,Infographic,One-page visual decision guide for judging whether a discount on Garden Tools is genuine.,1,5.99,https://buy.stripe.com/5kQbJ22bAfBu9oe65T5wI00?client_reference_id=garden-tools-is-this-a-real-deal-infographic,garden-tools-is-this-a-real-deal-infographic.pdf
DLX-0556,garden-tools-return-warranty-tracker,Garden Tools Return & Warranty Tracker,Outdoor & Garden,Fillable PDF,"Fillable log for Garden Tools: purchase date, return-by date, warranty end date, proof saved and claim status, plus a protect-your-purchase checklist.",2,5.99,https://buy.stripe.com/5kQbJ22bAfBu9oe65T5wI00?client_reference_id=garden-tools-return-warranty-tracker,garden-tools-return-warranty-tracker.pdf
DLX-0557,garden-tools-sale-timing-planner,Garden Tools Sale Timing Planner,Outdoor & Garden,Fillable PDF,"Plan when to buy Garden Tools: set a target price, log prices over time, note sale events and alerts, and choose a buy-by date.",2,5.99,https://buy.stripe.com/5kQbJ22bAfBu9oe65T5wI00?client_reference_id=garden-tools-sale-timing-planner,garden-tools-sale-timing-planner.pdf
DLX-0558,planters-raised-beds-buying-checklist,Planters & Raised Beds Buying Checklist,Outdoor & Garden,Checklist,"Printable checklist of what to check before buying Planters & Raised Beds: specs or fit, total cost, return policy, warranty and red flags. Fillable budget and notes fields.",2,5.99,https://buy.stripe.com/5kQbJ22bAfBu9oe65T5wI00?client_reference_id=planters-raised-beds-buying-checklist,planters-raised-beds-buying-checklist.pdf
DLX-0559,planters-raised-beds-price-tracker,Planters & Raised Beds Price Tracker,Outdoor & Garden,Fillable PDF,"Fillable tracker to log Planters & Raised Beds prices by retailer and date, with shipping, coupon and target-price columns so you can tell a real deal.",1,5.99,https://buy.stripe.com/5kQbJ22bAfBu9oe65T5wI00?client_reference_id=planters-raised-beds-price-tracker,planters-raised-beds-price-tracker.pdf
DLX-0560,planters-raised-beds-comparison-worksheet,Planters & Raised Beds Comparison Worksheet,Outdoor & Garden,Fillable PDF,Side-by-side worksheet to compare up to four Planters & Raised Beds options with a weighted scoring section.,1,5.99,https://buy.stripe.com/5kQbJ22bAfBu9oe65T5wI00?client_reference_id=planters-raised-beds-comparison-worksheet,planters-raised-beds-comparison-worksheet.pdf
DLX-0561,planters-raised-beds-budget-planner,Planters & Raised Beds Budget Planner,Outdoor & Garden,Fillable PDF,"Set a spending cap for Planters & Raised Beds, split must-haves from nice-to-haves and log what you actually spend.",1,5.99,https://buy.stripe.com/5kQbJ22bAfBu9oe65T5wI00?client_reference_id=planters-raised-beds-budget-planner,planters-raised-beds-budget-planner.pdf
DLX-0562,planters-raised-beds-is-this-a-real-deal-infographic,Planters & Raised Beds: Is This a Real Deal? Infographic,Outdoor & Garden,Infographic,One-page visual decision guide for judging whether a discount on Planters & Raised Beds is genuine.,1,5.99,https://buy.stripe.com/5kQbJ22bAfBu9oe65T5wI00?client_reference_id=planters-raised-beds-is-this-a-real-deal-infographic,planters-raised-beds-is-this-a-real-deal-infographic.pdf
DLX-0563,planters-raised-beds-return-warranty-tracker,Planters & Raised Beds Return & Warranty Tracker,Outdoor & Garden,Fillable PDF,"Fillable log for Planters & Raised Beds: purchase date, return-by date, warranty end date, proof saved and claim status, plus a protect-your-purchase checklist.",2,5.99,https://buy.stripe.com/5kQbJ22bAfBu9oe65T5wI00?client_reference_id=planters-raised-beds-return-warranty-tracker,planters-raised-beds-return-warranty-tracker.pdf
DLX-0564,planters-raised-beds-sale-timing-planner,Planters & Raised Beds Sale Timing Planner,Outdoor & Garden,Fillable PDF,"Plan when to buy Planters & Raised Beds: set a target price, log prices over time, note sale events and alerts, and choose a buy-by date.",2,5.99,https://buy.stripe.com/5kQbJ22bAfBu9oe65T5wI00?client_reference_id=planters-raised-beds-sale-timing-planner,planters-raised-beds-sale-timing-planner.pdf
DLX-0565,outdoor-lighting-buying-checklist,Outdoor Lighting Buying Checklist,Outdoor & Garden,Checklist,"Printable checklist of what to check before buying Outdoor Lighting: specs or fit, total cost, return policy, warranty and red flags. Fillable budget and notes fields.",2,5.99,https://buy.stripe.com/5kQbJ22bAfBu9oe65T5wI00?client_reference_id=outdoor-lighting-buying-checklist,outdoor-lighting-buying-checklist.pdf
DLX-0566,outdoor-lighting-price-tracker,Outdoor Lighting Price Tracker,Outdoor & Garden,Fillable PDF,"Fillable tracker to log Outdoor Lighting prices by retailer and date, with shipping, coupon and target-price columns so you can tell a real deal.",1,5.99,https://buy.stripe.com/5kQbJ22bAfBu9oe65T5wI00?client_reference_id=outdoor-lighting-price-tracker,outdoor-lighting-price-tracker.pdf
DLX-0567,outdoor-lighting-comparison-worksheet,Outdoor Lighting Comparison Worksheet,Outdoor & Garden,Fillable PDF,Side-by-side worksheet to compare up to four Outdoor Lighting options with a weighted scoring section.,1,5.99,https://buy.stripe.com/5kQbJ22bAfBu9oe65T5wI00?client_reference_id=outdoor-lighting-comparison-worksheet,outdoor-lighting-comparison-worksheet.pdf
DLX-0568,outdoor-lighting-budget-planner,Outdoor Lighting Budget Planner,Outdoor & Garden,Fillable PDF,"Set a spending cap for Outdoor Lighting, split must-haves from nice-to-haves and log what you actually spend.",1,5.99,https://buy.stripe.com/5kQbJ22bAfBu9oe65T5wI00?client_reference_id=outdoor-lighting-budget-planner,outdoor-lighting-budget-planner.pdf
DLX-0569,outdoor-lighting-is-this-a-real-deal-infographic,Outdoor Lighting: Is This a Real Deal? Infographic,Outdoor & Garden,Infographic,One-page visual decision guide for judging whether a discount on Outdoor Lighting is genuine.,1,5.99,https://buy.stripe.com/5kQbJ22bAfBu9oe65T5wI00?client_reference_id=outdoor-lighting-is-this-a-real-deal-infographic,outdoor-lighting-is-this-a-real-deal-infographic.pdf
DLX-0570,outdoor-lighting-return-warranty-tracker,Outdoor Lighting Return & Warranty Tracker,Outdoor & Garden,Fillable PDF,"Fillable log for Outdoor Lighting: purchase date, return-by date, warranty end date, proof saved and claim status, plus a protect-your-purchase checklist.",2,5.99,https://buy.stripe.com/5kQbJ22bAfBu9oe65T5wI00?client_reference_id=outdoor-lighting-return-warranty-tracker,outdoor-lighting-return-warranty-tracker.pdf
DLX-0571,outdoor-lighting-sale-timing-planner,Outdoor Lighting Sale Timing Planner,Outdoor & Garden,Fillable PDF,"Plan when to buy Outdoor Lighting: set a target price, log prices over time, note sale events and alerts, and choose a buy-by date.",2,5.99,https://buy.stripe.com/5kQbJ22bAfBu9oe65T5wI00?client_reference_id=outdoor-lighting-sale-timing-planner,outdoor-lighting-sale-timing-planner.pdf
DLX-0572,hammocks-buying-checklist,Hammocks Buying Checklist,Outdoor & Garden,Checklist,"Printable checklist of what to check before buying Hammocks: specs or fit, total cost, return policy, warranty and red flags. Fillable budget and notes fields.",2,5.99,https://buy.stripe.com/5kQbJ22bAfBu9oe65T5wI00?client_reference_id=hammocks-buying-checklist,hammocks-buying-checklist.pdf
DLX-0573,hammocks-price-tracker,Hammocks Price Tracker,Outdoor & Garden,Fillable PDF,"Fillable tracker to log Hammocks prices by retailer and date, with shipping, coupon and target-price columns so you can tell a real deal.",1,5.99,https://buy.stripe.com/5kQbJ22bAfBu9oe65T5wI00?client_reference_id=hammocks-price-tracker,hammocks-price-tracker.pdf
DLX-0574,hammocks-comparison-worksheet,Hammocks Comparison Worksheet,Outdoor & Garden,Fillable PDF,Side-by-side worksheet to compare up to four Hammocks options with a weighted scoring section.,1,5.99,https://buy.stripe.com/5kQbJ22bAfBu9oe65T5wI00?client_reference_id=hammocks-comparison-worksheet,hammocks-comparison-worksheet.pdf
DLX-0575,hammocks-budget-planner,Hammocks Budget Planner,Outdoor & Garden,Fillable PDF,"Set a spending cap for Hammocks, split must-haves from nice-to-haves and log what you actually spend.",1,5.99,https://buy.stripe.com/5kQbJ22bAfBu9oe65T5wI00?client_reference_id=hammocks-budget-planner,hammocks-budget-planner.pdf
DLX-0576,hammocks-is-this-a-real-deal-infographic,Hammocks: Is This a Real Deal? Infographic,Outdoor & Garden,Infographic,One-page visual decision guide for judging whether a discount on Hammocks is genuine.,1,5.99,https://buy.stripe.com/5kQbJ22bAfBu9oe65T5wI00?client_reference_id=hammocks-is-this-a-real-deal-infographic,hammocks-is-this-a-real-deal-infographic.pdf
DLX-0577,hammocks-return-warranty-tracker,Hammocks Return & Warranty Tracker,Outdoor & Garden,Fillable PDF,"Fillable log for Hammocks: purchase date, return-by date, warranty end date, proof saved and claim status, plus a protect-your-purchase checklist.",2,5.99,https://buy.stripe.com/5kQbJ22bAfBu9oe65T5wI00?client_reference_id=hammocks-return-warranty-tracker,hammocks-return-warranty-tracker.pdf
DLX-0578,hammocks-sale-timing-planner,Hammocks Sale Timing Planner,Outdoor & Garden,Fillable PDF,"Plan when to buy Hammocks: set a target price, log prices over time, note sale events and alerts, and choose a buy-by date.",2,5.99,https://buy.stripe.com/5kQbJ22bAfBu9oe65T5wI00?client_reference_id=hammocks-sale-timing-planner,hammocks-sale-timing-planner.pdf
DLX-0579,pressure-washers-buying-checklist,Pressure Washers Buying Checklist,Outdoor & Garden,Checklist,"Printable checklist of what to check before buying Pressure Washers: specs or fit, total cost, return policy, warranty and red flags. Fillable budget and notes fields.",2,5.99,https://buy.stripe.com/5kQbJ22bAfBu9oe65T5wI00?client_reference_id=pressure-washers-buying-checklist,pressure-washers-buying-checklist.pdf
DLX-0580,pressure-washers-price-tracker,Pressure Washers Price Tracker,Outdoor & Garden,Fillable PDF,"Fillable tracker to log Pressure Washers prices by retailer and date, with shipping, coupon and target-price columns so you can tell a real deal.",1,5.99,https://buy.stripe.com/5kQbJ22bAfBu9oe65T5wI00?client_reference_id=pressure-washers-price-tracker,pressure-washers-price-tracker.pdf
DLX-0581,pressure-washers-comparison-worksheet,Pressure Washers Comparison Worksheet,Outdoor & Garden,Fillable PDF,Side-by-side worksheet to compare up to four Pressure Washers options with a weighted scoring section.,1,5.99,https://buy.stripe.com/5kQbJ22bAfBu9oe65T5wI00?client_reference_id=pressure-washers-comparison-worksheet,pressure-washers-comparison-worksheet.pdf
DLX-0582,pressure-washers-budget-planner,Pressure Washers Budget Planner,Outdoor & Garden,Fillable PDF,"Set a spending cap for Pressure Washers, split must-haves from nice-to-haves and log what you actually spend.",1,5.99,https://buy.stripe.com/5kQbJ22bAfBu9oe65T5wI00?client_reference_id=pressure-washers-budget-planner,pressure-washers-budget-planner.pdf
DLX-0583,pressure-washers-is-this-a-real-deal-infographic,Pressure Washers: Is This a Real Deal? Infographic,Outdoor & Garden,Infographic,One-page visual decision guide for judging whether a discount on Pressure Washers is genuine.,1,5.99,https://buy.stripe.com/5kQbJ22bAfBu9oe65T5wI00?client_reference_id=pressure-washers-is-this-a-real-deal-infographic,pressure-washers-is-this-a-real-deal-infographic.pdf
DLX-0584,pressure-washers-return-warranty-tracker,Pressure Washers Return & Warranty Tracker,Outdoor & Garden,Fillable PDF,"Fillable log for Pressure Washers: purchase date, return-by date, warranty end date, proof saved and claim status, plus a protect-your-purchase checklist.",2,5.99,https://buy.stripe.com/5kQbJ22bAfBu9oe65T5wI00?client_reference_id=pressure-washers-return-warranty-tracker,pressure-washers-return-warranty-tracker.pdf
DLX-0585,pressure-washers-sale-timing-planner,Pressure Washers Sale Timing Planner,Outdoor & Garden,Fillable PDF,"Plan when to buy Pressure Washers: set a target price, log prices over time, note sale events and alerts, and choose a buy-by date.",2,5.99,https://buy.stripe.com/5kQbJ22bAfBu9oe65T5wI00?client_reference_id=pressure-washers-sale-timing-planner,pressure-washers-sale-timing-planner.pdf
DLX-0586,laptops-buying-checklist,Laptops Buying Checklist,Electronics,Checklist,"Printable checklist of what to check before buying Laptops: specs or fit, total cost, return policy, warranty and red flags. Fillable budget and notes fields.",2,5.99,https://buy.stripe.com/5kQbJ22bAfBu9oe65T5wI00?client_reference_id=laptops-buying-checklist,laptops-buying-checklist.pdf
DLX-0587,laptops-price-tracker,Laptops Price Tracker,Electronics,Fillable PDF,"Fillable tracker to log Laptops prices by retailer and date, with shipping, coupon and target-price columns so you can tell a real deal.",1,5.99,https://buy.stripe.com/5kQbJ22bAfBu9oe65T5wI00?client_reference_id=laptops-price-tracker,laptops-price-tracker.pdf
DLX-0588,laptops-comparison-worksheet,Laptops Comparison Worksheet,Electronics,Fillable PDF,Side-by-side worksheet to compare up to four Laptops options with a weighted scoring section.,1,5.99,https://buy.stripe.com/5kQbJ22bAfBu9oe65T5wI00?client_reference_id=laptops-comparison-worksheet,laptops-comparison-worksheet.pdf
DLX-0589,laptops-budget-planner,Laptops Budget Planner,Electronics,Fillable PDF,"Set a spending cap for Laptops, split must-haves from nice-to-haves and log what you actually spend.",1,5.99,https://buy.stripe.com/5kQbJ22bAfBu9oe65T5wI00?client_reference_id=laptops-budget-planner,laptops-budget-planner.pdf
DLX-0590,laptops-is-this-a-real-deal-infographic,Laptops: Is This a Real Deal? Infographic,Electronics,Infographic,One-page visual decision guide for judging whether a discount on Laptops is genuine.,1,5.99,https://buy.stripe.com/5kQbJ22bAfBu9oe65T5wI00?client_reference_id=laptops-is-this-a-real-deal-infographic,laptops-is-this-a-real-deal-infographic.pdf
DLX-0591,laptops-return-warranty-tracker,Laptops Return & Warranty Tracker,Electronics,Fillable PDF,"Fillable log for Laptops: purchase date, return-by date, warranty end date, proof saved and claim status, plus a protect-your-purchase checklist.",2,5.99,https://buy.stripe.com/5kQbJ22bAfBu9oe65T5wI00?client_reference_id=laptops-return-warranty-tracker,laptops-return-warranty-tracker.pdf
DLX-0592,laptops-sale-timing-planner,Laptops Sale Timing Planner,Electronics,Fillable PDF,"Plan when to buy Laptops: set a target price, log prices over time, note sale events and alerts, and choose a buy-by date.",2,5.99,https://buy.stripe.com/5kQbJ22bAfBu9oe65T5wI00?client_reference_id=laptops-sale-timing-planner,laptops-sale-timing-planner.pdf
DLX-0593,tablets-buying-checklist,Tablets Buying Checklist,Electronics,Checklist,"Printable checklist of what to check before buying Tablets: specs or fit, total cost, return policy, warranty and red flags. Fillable budget and notes fields.",2,5.99,https://buy.stripe.com/5kQbJ22bAfBu9oe65T5wI00?client_reference_id=tablets-buying-checklist,tablets-buying-checklist.pdf
DLX-0594,tablets-price-tracker,Tablets Price Tracker,Electronics,Fillable PDF,"Fillable tracker to log Tablets prices by retailer and date, with shipping, coupon and target-price columns so you can tell a real deal.",1,5.99,https://buy.stripe.com/5kQbJ22bAfBu9oe65T5wI00?client_reference_id=tablets-price-tracker,tablets-price-tracker.pdf
DLX-0595,tablets-comparison-worksheet,Tablets Comparison Worksheet,Electronics,Fillable PDF,Side-by-side worksheet to compare up to four Tablets options with a weighted scoring section.,1,5.99,https://buy.stripe.com/5kQbJ22bAfBu9oe65T5wI00?client_reference_id=tablets-comparison-worksheet,tablets-comparison-worksheet.pdf
DLX-0596,tablets-budget-planner,Tablets Budget Planner,Electronics,Fillable PDF,"Set a spending cap for Tablets, split must-haves from nice-to-haves and log what you actually spend.",1,5.99,https://buy.stripe.com/5kQbJ22bAfBu9oe65T5wI00?client_reference_id=tablets-budget-planner,tablets-budget-planner.pdf
DLX-0597,tablets-is-this-a-real-deal-infographic,Tablets: Is This a Real Deal? Infographic,Electronics,Infographic,One-page visual decision guide for judging whether a discount on Tablets is genuine.,1,5.99,https://buy.stripe.com/5kQbJ22bAfBu9oe65T5wI00?client_reference_id=tablets-is-this-a-real-deal-infographic,tablets-is-this-a-real-deal-infographic.pdf
DLX-0598,tablets-return-warranty-tracker,Tablets Return & Warranty Tracker,Electronics,Fillable PDF,"Fillable log for Tablets: purchase date, return-by date, warranty end date, proof saved and claim status, plus a protect-your-purchase checklist.",2,5.99,https://buy.stripe.com/5kQbJ22bAfBu9oe65T5wI00?client_reference_id=tablets-return-warranty-tracker,tablets-return-warranty-tracker.pdf
DLX-0599,tablets-sale-timing-planner,Tablets Sale Timing Planner,Electronics,Fillable PDF,"Plan when to buy Tablets: set a target price, log prices over time, note sale events and alerts, and choose a buy-by date.",2,5.99,https://buy.stripe.com/5kQbJ22bAfBu9oe65T5wI00?client_reference_id=tablets-sale-timing-planner,tablets-sale-timing-planner.pdf
DLX-0600,smartphones-buying-checklist,Smartphones Buying Checklist,Electronics,Checklist,"Printable checklist of what to check before buying Smartphones: specs or fit, total cost, return policy, warranty and red flags. Fillable budget and notes fields.",2,5.99,https://buy.stripe.com/5kQbJ22bAfBu9oe65T5wI00?client_reference_id=smartphones-buying-checklist,smartphones-buying-checklist.pdf
DLX-0601,smartphones-price-tracker,Smartphones Price Tracker,Electronics,Fillable PDF,"Fillable tracker to log Smartphones prices by retailer and date, with shipping, coupon and target-price columns so you can tell a real deal.",1,5.99,https://buy.stripe.com/5kQbJ22bAfBu9oe65T5wI00?client_reference_id=smartphones-price-tracker,smartphones-price-tracker.pdf
DLX-0602,smartphones-comparison-worksheet,Smartphones Comparison Worksheet,Electronics,Fillable PDF,Side-by-side worksheet to compare up to four Smartphones options with a weighted scoring section.,1,5.99,https://buy.stripe.com/5kQbJ22bAfBu9oe65T5wI00?client_reference_id=smartphones-comparison-worksheet,smartphones-comparison-worksheet.pdf
DLX-0603,smartphones-budget-planner,Smartphones Budget Planner,Electronics,Fillable PDF,"Set a spending cap for Smartphones, split must-haves from nice-to-haves and log what you actually spend.",1,5.99,https://buy.stripe.com/5kQbJ22bAfBu9oe65T5wI00?client_reference_id=smartphones-budget-planner,smartphones-budget-planner.pdf
DLX-0604,smartphones-is-this-a-real-deal-infographic,Smartphones: Is This a Real Deal? Infographic,Electronics,Infographic,One-page visual decision guide for judging whether a discount on Smartphones is genuine.,1,5.99,https://buy.stripe.com/5kQbJ22bAfBu9oe65T5wI00?client_reference_id=smartphones-is-this-a-real-deal-infographic,smartphones-is-this-a-real-deal-infographic.pdf
DLX-0605,smartphones-return-warranty-tracker,Smartphones Return & Warranty Tracker,Electronics,Fillable PDF,"Fillable log for Smartphones: purchase date, return-by date, warranty end date, proof saved and claim status, plus a protect-your-purchase checklist.",2,5.99,https://buy.stripe.com/5kQbJ22bAfBu9oe65T5wI00?client_reference_id=smartphones-return-warranty-tracker,smartphones-return-warranty-tracker.pdf
DLX-0606,smartphones-sale-timing-planner,Smartphones Sale Timing Planner,Electronics,Fillable PDF,"Plan when to buy Smartphones: set a target price, log prices over time, note sale events and alerts, and choose a buy-by date.",2,5.99,https://buy.stripe.com/5kQbJ22bAfBu9oe65T5wI00?client_reference_id=smartphones-sale-timing-planner,smartphones-sale-timing-planner.pdf
DLX-0607,noise-cancelling-headphones-buying-checklist,Noise-Cancelling Headphones Buying Checklist,Electronics,Checklist,"Printable checklist of what to check before buying Noise-Cancelling Headphones: specs or fit, total cost, return policy, warranty and red flags. Fillable budget and notes fields.",2,5.99,https://buy.stripe.com/5kQbJ22bAfBu9oe65T5wI00?client_reference_id=noise-cancelling-headphones-buying-checklist,noise-cancelling-headphones-buying-checklist.pdf
DLX-0608,noise-cancelling-headphones-price-tracker,Noise-Cancelling Headphones Price Tracker,Electronics,Fillable PDF,"Fillable tracker to log Noise-Cancelling Headphones prices by retailer and date, with shipping, coupon and target-price columns so you can tell a real deal.",1,5.99,https://buy.stripe.com/5kQbJ22bAfBu9oe65T5wI00?client_reference_id=noise-cancelling-headphones-price-tracker,noise-cancelling-headphones-price-tracker.pdf
DLX-0609,noise-cancelling-headphones-comparison-worksheet,Noise-Cancelling Headphones Comparison Worksheet,Electronics,Fillable PDF,Side-by-side worksheet to compare up to four Noise-Cancelling Headphones options with a weighted scoring section.,1,5.99,https://buy.stripe.com/5kQbJ22bAfBu9oe65T5wI00?client_reference_id=noise-cancelling-headphones-comparison-worksheet,noise-cancelling-headphones-comparison-worksheet.pdf
DLX-0610,noise-cancelling-headphones-budget-planner,Noise-Cancelling Headphones Budget Planner,Electronics,Fillable PDF,"Set a spending cap for Noise-Cancelling Headphones, split must-haves from nice-to-haves and log what you actually spend.",1,5.99,https://buy.stripe.com/5kQbJ22bAfBu9oe65T5wI00?client_reference_id=noise-cancelling-headphones-budget-planner,noise-cancelling-headphones-budget-planner.pdf
DLX-0611,noise-cancelling-headphones-is-this-a-real-deal-infographic,Noise-Cancelling Headphones: Is This a Real Deal? Infographic,Electronics,Infographic,One-page visual decision guide for judging whether a discount on Noise-Cancelling Headphones is genuine.,1,5.99,https://buy.stripe.com/5kQbJ22bAfBu9oe65T5wI00?client_reference_id=noise-cancelling-headphones-is-this-a-real-deal-infographic,noise-cancelling-headphones-is-this-a-real-deal-infographic.pdf
DLX-0612,noise-cancelling-headphones-return-warranty-tracker,Noise-Cancelling Headphones Return & Warranty Tracker,Electronics,Fillable PDF,"Fillable log for Noise-Cancelling Headphones: purchase date, return-by date, warranty end date, proof saved and claim status, plus a protect-your-purchase checklist.",2,5.99,https://buy.stripe.com/5kQbJ22bAfBu9oe65T5wI00?client_reference_id=noise-cancelling-headphones-return-warranty-tracker,noise-cancelling-headphones-return-warranty-tracker.pdf
DLX-0613,noise-cancelling-headphones-sale-timing-planner,Noise-Cancelling Headphones Sale Timing Planner,Electronics,Fillable PDF,"Plan when to buy Noise-Cancelling Headphones: set a target price, log prices over time, note sale events and alerts, and choose a buy-by date.",2,5.99,https://buy.stripe.com/5kQbJ22bAfBu9oe65T5wI00?client_reference_id=noise-cancelling-headphones-sale-timing-planner,noise-cancelling-headphones-sale-timing-planner.pdf
DLX-0614,bluetooth-speakers-buying-checklist,Bluetooth Speakers Buying Checklist,Electronics,Checklist,"Printable checklist of what to check before buying Bluetooth Speakers: specs or fit, total cost, return policy, warranty and red flags. Fillable budget and notes fields.",2,5.99,https://buy.stripe.com/5kQbJ22bAfBu9oe65T5wI00?client_reference_id=bluetooth-speakers-buying-checklist,bluetooth-speakers-buying-checklist.pdf
DLX-0615,bluetooth-speakers-price-tracker,Bluetooth Speakers Price Tracker,Electronics,Fillable PDF,"Fillable tracker to log Bluetooth Speakers prices by retailer and date, with shipping, coupon and target-price columns so you can tell a real deal.",1,5.99,https://buy.stripe.com/5kQbJ22bAfBu9oe65T5wI00?client_reference_id=bluetooth-speakers-price-tracker,bluetooth-speakers-price-tracker.pdf
DLX-0616,bluetooth-speakers-comparison-worksheet,Bluetooth Speakers Comparison Worksheet,Electronics,Fillable PDF,Side-by-side worksheet to compare up to four Bluetooth Speakers options with a weighted scoring section.,1,5.99,https://buy.stripe.com/5kQbJ22bAfBu9oe65T5wI00?client_reference_id=bluetooth-speakers-comparison-worksheet,bluetooth-speakers-comparison-worksheet.pdf
DLX-0617,bluetooth-speakers-budget-planner,Bluetooth Speakers Budget Planner,Electronics,Fillable PDF,"Set a spending cap for Bluetooth Speakers, split must-haves from nice-to-haves and log what you actually spend.",1,5.99,https://buy.stripe.com/5kQbJ22bAfBu9oe65T5wI00?client_reference_id=bluetooth-speakers-budget-planner,bluetooth-speakers-budget-planner.pdf
DLX-0618,bluetooth-speakers-is-this-a-real-deal-infographic,Bluetooth Speakers: Is This a Real Deal? Infographic,Electronics,Infographic,One-page visual decision guide for judging whether a discount on Bluetooth Speakers is genuine.,1,5.99,https://buy.stripe.com/5kQbJ22bAfBu9oe65T5wI00?client_reference_id=bluetooth-speakers-is-this-a-real-deal-infographic,bluetooth-speakers-is-this-a-real-deal-infographic.pdf
DLX-0619,bluetooth-speakers-return-warranty-tracker,Bluetooth Speakers Return & Warranty Tracker,Electronics,Fillable PDF,"Fillable log for Bluetooth Speakers: purchase date, return-by date, warranty end date, proof saved and claim status, plus a protect-your-purchase checklist.",2,5.99,https://buy.stripe.com/5kQbJ22bAfBu9oe65T5wI00?client_reference_id=bluetooth-speakers-return-warranty-tracker,bluetooth-speakers-return-warranty-tracker.pdf
DLX-0620,bluetooth-speakers-sale-timing-planner,Bluetooth Speakers Sale Timing Planner,Electronics,Fillable PDF,"Plan when to buy Bluetooth Speakers: set a target price, log prices over time, note sale events and alerts, and choose a buy-by date.",2,5.99,https://buy.stripe.com/5kQbJ22bAfBu9oe65T5wI00?client_reference_id=bluetooth-speakers-sale-timing-planner,bluetooth-speakers-sale-timing-planner.pdf
DLX-0621,smart-home-devices-buying-checklist,Smart Home Devices Buying Checklist,Electronics,Checklist,"Printable checklist of what to check before buying Smart Home Devices: specs or fit, total cost, return policy, warranty and red flags. Fillable budget and notes fields.",2,5.99,https://buy.stripe.com/5kQbJ22bAfBu9oe65T5wI00?client_reference_id=smart-home-devices-buying-checklist,smart-home-devices-buying-checklist.pdf
DLX-0622,smart-home-devices-price-tracker,Smart Home Devices Price Tracker,Electronics,Fillable PDF,"Fillable tracker to log Smart Home Devices prices by retailer and date, with shipping, coupon and target-price columns so you can tell a real deal.",1,5.99,https://buy.stripe.com/5kQbJ22bAfBu9oe65T5wI00?client_reference_id=smart-home-devices-price-tracker,smart-home-devices-price-tracker.pdf
DLX-0623,smart-home-devices-comparison-worksheet,Smart Home Devices Comparison Worksheet,Electronics,Fillable PDF,Side-by-side worksheet to compare up to four Smart Home Devices options with a weighted scoring section.,1,5.99,https://buy.stripe.com/5kQbJ22bAfBu9oe65T5wI00?client_reference_id=smart-home-devices-comparison-worksheet,smart-home-devices-comparison-worksheet.pdf
DLX-0624,smart-home-devices-budget-planner,Smart Home Devices Budget Planner,Electronics,Fillable PDF,"Set a spending cap for Smart Home Devices, split must-haves from nice-to-haves and log what you actually spend.",1,5.99,https://buy.stripe.com/5kQbJ22bAfBu9oe65T5wI00?client_reference_id=smart-home-devices-budget-planner,smart-home-devices-budget-planner.pdf
DLX-0625,smart-home-devices-is-this-a-real-deal-infographic,Smart Home Devices: Is This a Real Deal? Infographic,Electronics,Infographic,One-page visual decision guide for judging whether a discount on Smart Home Devices is genuine.,1,5.99,https://buy.stripe.com/5kQbJ22bAfBu9oe65T5wI00?client_reference_id=smart-home-devices-is-this-a-real-deal-infographic,smart-home-devices-is-this-a-real-deal-infographic.pdf
DLX-0626,smart-home-devices-return-warranty-tracker,Smart Home Devices Return & Warranty Tracker,Electronics,Fillable PDF,"Fillable log for Smart Home Devices: purchase date, return-by date, warranty end date, proof saved and claim status, plus a protect-your-purchase checklist.",2,5.99,https://buy.stripe.com/5kQbJ22bAfBu9oe65T5wI00?client_reference_id=smart-home-devices-return-warranty-tracker,smart-home-devices-return-warranty-tracker.pdf
DLX-0627,smart-home-devices-sale-timing-planner,Smart Home Devices Sale Timing Planner,Electronics,Fillable PDF,"Plan when to buy Smart Home Devices: set a target price, log prices over time, note sale events and alerts, and choose a buy-by date.",2,5.99,https://buy.stripe.com/5kQbJ22bAfBu9oe65T5wI00?client_reference_id=smart-home-devices-sale-timing-planner,smart-home-devices-sale-timing-planner.pdf
DLX-0628,tvs-buying-checklist,TVs Buying Checklist,Electronics,Checklist,"Printable checklist of what to check before buying TVs: specs or fit, total cost, return policy, warranty and red flags. Fillable budget and notes fields.",2,5.99,https://buy.stripe.com/5kQbJ22bAfBu9oe65T5wI00?client_reference_id=tvs-buying-checklist,tvs-buying-checklist.pdf
DLX-0629,tvs-price-tracker,TVs Price Tracker,Electronics,Fillable PDF,"Fillable tracker to log TVs prices by retailer and date, with shipping, coupon and target-price columns so you can tell a real deal.",1,5.99,https://buy.stripe.com/5kQbJ22bAfBu9oe65T5wI00?client_reference_id=tvs-price-tracker,tvs-price-tracker.pdf
DLX-0630,tvs-comparison-worksheet,TVs Comparison Worksheet,Electronics,Fillable PDF,Side-by-side worksheet to compare up to four TVs options with a weighted scoring section.,1,5.99,https://buy.stripe.com/5kQbJ22bAfBu9oe65T5wI00?client_reference_id=tvs-comparison-worksheet,tvs-comparison-worksheet.pdf
DLX-0631,tvs-budget-planner,TVs Budget Planner,Electronics,Fillable PDF,"Set a spending cap for TVs, split must-haves from nice-to-haves and log what you actually spend.",1,5.99,https://buy.stripe.com/5kQbJ22bAfBu9oe65T5wI00?client_reference_id=tvs-budget-planner,tvs-budget-planner.pdf
DLX-0632,tvs-is-this-a-real-deal-infographic,TVs: Is This a Real Deal? Infographic,Electronics,Infographic,One-page visual decision guide for judging whether a discount on TVs is genuine.,1,5.99,https://buy.stripe.com/5kQbJ22bAfBu9oe65T5wI00?client_reference_id=tvs-is-this-a-real-deal-infographic,tvs-is-this-a-real-deal-infographic.pdf
DLX-0633,tvs-return-warranty-tracker,TVs Return & Warranty Tracker,Electronics,Fillable PDF,"Fillable log for TVs: purchase date, return-by date, warranty end date, proof saved and claim status, plus a protect-your-purchase checklist.",2,5.99,https://buy.stripe.com/5kQbJ22bAfBu9oe65T5wI00?client_reference_id=tvs-return-warranty-tracker,tvs-return-warranty-tracker.pdf
DLX-0634,tvs-sale-timing-planner,TVs Sale Timing Planner,Electronics,Fillable PDF,"Plan when to buy TVs: set a target price, log prices over time, note sale events and alerts, and choose a buy-by date.",2,5.99,https://buy.stripe.com/5kQbJ22bAfBu9oe65T5wI00?client_reference_id=tvs-sale-timing-planner,tvs-sale-timing-planner.pdf
DLX-0635,smartwatches-buying-checklist,Smartwatches Buying Checklist,Electronics,Checklist,"Printable checklist of what to check before buying Smartwatches: specs or fit, total cost, return policy, warranty and red flags. Fillable budget and notes fields.",2,5.99,https://buy.stripe.com/5kQbJ22bAfBu9oe65T5wI00?client_reference_id=smartwatches-buying-checklist,smartwatches-buying-checklist.pdf
DLX-0636,smartwatches-price-tracker,Smartwatches Price Tracker,Electronics,Fillable PDF,"Fillable tracker to log Smartwatches prices by retailer and date, with shipping, coupon and target-price columns so you can tell a real deal.",1,5.99,https://buy.stripe.com/5kQbJ22bAfBu9oe65T5wI00?client_reference_id=smartwatches-price-tracker,smartwatches-price-tracker.pdf
DLX-0637,smartwatches-comparison-worksheet,Smartwatches Comparison Worksheet,Electronics,Fillable PDF,Side-by-side worksheet to compare up to four Smartwatches options with a weighted scoring section.,1,5.99,https://buy.stripe.com/5kQbJ22bAfBu9oe65T5wI00?client_reference_id=smartwatches-comparison-worksheet,smartwatches-comparison-worksheet.pdf
DLX-0638,smartwatches-budget-planner,Smartwatches Budget Planner,Electronics,Fillable PDF,"Set a spending cap for Smartwatches, split must-haves from nice-to-haves and log what you actually spend.",1,5.99,https://buy.stripe.com/5kQbJ22bAfBu9oe65T5wI00?client_reference_id=smartwatches-budget-planner,smartwatches-budget-planner.pdf
DLX-0639,smartwatches-is-this-a-real-deal-infographic,Smartwatches: Is This a Real Deal? Infographic,Electronics,Infographic,One-page visual decision guide for judging whether a discount on Smartwatches is genuine.,1,5.99,https://buy.stripe.com/5kQbJ22bAfBu9oe65T5wI00?client_reference_id=smartwatches-is-this-a-real-deal-infographic,smartwatches-is-this-a-real-deal-infographic.pdf
DLX-0640,smartwatches-return-warranty-tracker,Smartwatches Return & Warranty Tracker,Electronics,Fillable PDF,"Fillable log for Smartwatches: purchase date, return-by date, warranty end date, proof saved and claim status, plus a protect-your-purchase checklist.",2,5.99,https://buy.stripe.com/5kQbJ22bAfBu9oe65T5wI00?client_reference_id=smartwatches-return-warranty-tracker,smartwatches-return-warranty-tracker.pdf
DLX-0641,smartwatches-sale-timing-planner,Smartwatches Sale Timing Planner,Electronics,Fillable PDF,"Plan when to buy Smartwatches: set a target price, log prices over time, note sale events and alerts, and choose a buy-by date.",2,5.99,https://buy.stripe.com/5kQbJ22bAfBu9oe65T5wI00?client_reference_id=smartwatches-sale-timing-planner,smartwatches-sale-timing-planner.pdf
DLX-0642,refrigerators-buying-checklist,Refrigerators Buying Checklist,Appliances,Checklist,"Printable checklist of what to check before buying Refrigerators: specs or fit, total cost, return policy, warranty and red flags. Fillable budget and notes fields.",2,5.99,https://buy.stripe.com/5kQbJ22bAfBu9oe65T5wI00?client_reference_id=refrigerators-buying-checklist,refrigerators-buying-checklist.pdf
DLX-0643,refrigerators-price-tracker,Refrigerators Price Tracker,Appliances,Fillable PDF,"Fillable tracker to log Refrigerators prices by retailer and date, with shipping, coupon and target-price columns so you can tell a real deal.",1,5.99,https://buy.stripe.com/5kQbJ22bAfBu9oe65T5wI00?client_reference_id=refrigerators-price-tracker,refrigerators-price-tracker.pdf
DLX-0644,refrigerators-comparison-worksheet,Refrigerators Comparison Worksheet,Appliances,Fillable PDF,Side-by-side worksheet to compare up to four Refrigerators options with a weighted scoring section.,1,5.99,https://buy.stripe.com/5kQbJ22bAfBu9oe65T5wI00?client_reference_id=refrigerators-comparison-worksheet,refrigerators-comparison-worksheet.pdf
DLX-0645,refrigerators-budget-planner,Refrigerators Budget Planner,Appliances,Fillable PDF,"Set a spending cap for Refrigerators, split must-haves from nice-to-haves and log what you actually spend.",1,5.99,https://buy.stripe.com/5kQbJ22bAfBu9oe65T5wI00?client_reference_id=refrigerators-budget-planner,refrigerators-budget-planner.pdf
DLX-0646,refrigerators-is-this-a-real-deal-infographic,Refrigerators: Is This a Real Deal? Infographic,Appliances,Infographic,One-page visual decision guide for judging whether a discount on Refrigerators is genuine.,1,5.99,https://buy.stripe.com/5kQbJ22bAfBu9oe65T5wI00?client_reference_id=refrigerators-is-this-a-real-deal-infographic,refrigerators-is-this-a-real-deal-infographic.pdf
DLX-0647,refrigerators-return-warranty-tracker,Refrigerators Return & Warranty Tracker,Appliances,Fillable PDF,"Fillable log for Refrigerators: purchase date, return-by date, warranty end date, proof saved and claim status, plus a protect-your-purchase checklist.",2,5.99,https://buy.stripe.com/5kQbJ22bAfBu9oe65T5wI00?client_reference_id=refrigerators-return-warranty-tracker,refrigerators-return-warranty-tracker.pdf
DLX-0648,refrigerators-sale-timing-planner,Refrigerators Sale Timing Planner,Appliances,Fillable PDF,"Plan when to buy Refrigerators: set a target price, log prices over time, note sale events and alerts, and choose a buy-by date.",2,5.99,https://buy.stripe.com/5kQbJ22bAfBu9oe65T5wI00?client_reference_id=refrigerators-sale-timing-planner,refrigerators-sale-timing-planner.pdf
DLX-0649,washers-dryers-buying-checklist,Washers & Dryers Buying Checklist,Appliances,Checklist,"Printable checklist of what to check before buying Washers & Dryers: specs or fit, total cost, return policy, warranty and red flags. Fillable budget and notes fields.",2,5.99,https://buy.stripe.com/5kQbJ22bAfBu9oe65T5wI00?client_reference_id=washers-dryers-buying-checklist,washers-dryers-buying-checklist.pdf
DLX-0650,washers-dryers-price-tracker,Washers & Dryers Price Tracker,Appliances,Fillable PDF,"Fillable tracker to log Washers & Dryers prices by retailer and date, with shipping, coupon and target-price columns so you can tell a real deal.",1,5.99,https://buy.stripe.com/5kQbJ22bAfBu9oe65T5wI00?client_reference_id=washers-dryers-price-tracker,washers-dryers-price-tracker.pdf
DLX-0651,washers-dryers-comparison-worksheet,Washers & Dryers Comparison Worksheet,Appliances,Fillable PDF,Side-by-side worksheet to compare up to four Washers & Dryers options with a weighted scoring section.,1,5.99,https://buy.stripe.com/5kQbJ22bAfBu9oe65T5wI00?client_reference_id=washers-dryers-comparison-worksheet,washers-dryers-comparison-worksheet.pdf
DLX-0652,washers-dryers-budget-planner,Washers & Dryers Budget Planner,Appliances,Fillable PDF,"Set a spending cap for Washers & Dryers, split must-haves from nice-to-haves and log what you actually spend.",1,5.99,https://buy.stripe.com/5kQbJ22bAfBu9oe65T5wI00?client_reference_id=washers-dryers-budget-planner,washers-dryers-budget-planner.pdf
DLX-0653,washers-dryers-is-this-a-real-deal-infographic,Washers & Dryers: Is This a Real Deal? Infographic,Appliances,Infographic,One-page visual decision guide for judging whether a discount on Washers & Dryers is genuine.,1,5.99,https://buy.stripe.com/5kQbJ22bAfBu9oe65T5wI00?client_reference_id=washers-dryers-is-this-a-real-deal-infographic,washers-dryers-is-this-a-real-deal-infographic.pdf
DLX-0654,washers-dryers-return-warranty-tracker,Washers & Dryers Return & Warranty Tracker,Appliances,Fillable PDF,"Fillable log for Washers & Dryers: purchase date, return-by date, warranty end date, proof saved and claim status, plus a protect-your-purchase checklist.",2,5.99,https://buy.stripe.com/5kQbJ22bAfBu9oe65T5wI00?client_reference_id=washers-dryers-return-warranty-tracker,washers-dryers-return-warranty-tracker.pdf
DLX-0655,washers-dryers-sale-timing-planner,Washers & Dryers Sale Timing Planner,Appliances,Fillable PDF,"Plan when to buy Washers & Dryers: set a target price, log prices over time, note sale events and alerts, and choose a buy-by date.",2,5.99,https://buy.stripe.com/5kQbJ22bAfBu9oe65T5wI00?client_reference_id=washers-dryers-sale-timing-planner,washers-dryers-sale-timing-planner.pdf
DLX-0656,vacuums-buying-checklist,Vacuums Buying Checklist,Appliances,Checklist,"Printable checklist of what to check before buying Vacuums: specs or fit, total cost, return policy, warranty and red flags. Fillable budget and notes fields.",2,5.99,https://buy.stripe.com/5kQbJ22bAfBu9oe65T5wI00?client_reference_id=vacuums-buying-checklist,vacuums-buying-checklist.pdf
DLX-0657,vacuums-price-tracker,Vacuums Price Tracker,Appliances,Fillable PDF,"Fillable tracker to log Vacuums prices by retailer and date, with shipping, coupon and target-price columns so you can tell a real deal.",1,5.99,https://buy.stripe.com/5kQbJ22bAfBu9oe65T5wI00?client_reference_id=vacuums-price-tracker,vacuums-price-tracker.pdf
DLX-0658,vacuums-comparison-worksheet,Vacuums Comparison Worksheet,Appliances,Fillable PDF,Side-by-side worksheet to compare up to four Vacuums options with a weighted scoring section.,1,5.99,https://buy.stripe.com/5kQbJ22bAfBu9oe65T5wI00?client_reference_id=vacuums-comparison-worksheet,vacuums-comparison-worksheet.pdf
DLX-0659,vacuums-budget-planner,Vacuums Budget Planner,Appliances,Fillable PDF,"Set a spending cap for Vacuums, split must-haves from nice-to-haves and log what you actually spend.",1,5.99,https://buy.stripe.com/5kQbJ22bAfBu9oe65T5wI00?client_reference_id=vacuums-budget-planner,vacuums-budget-planner.pdf
DLX-0660,vacuums-is-this-a-real-deal-infographic,Vacuums: Is This a Real Deal? Infographic,Appliances,Infographic,One-page visual decision guide for judging whether a discount on Vacuums is genuine.,1,5.99,https://buy.stripe.com/5kQbJ22bAfBu9oe65T5wI00?client_reference_id=vacuums-is-this-a-real-deal-infographic,vacuums-is-this-a-real-deal-infographic.pdf
DLX-0661,vacuums-return-warranty-tracker,Vacuums Return & Warranty Tracker,Appliances,Fillable PDF,"Fillable log for Vacuums: purchase date, return-by date, warranty end date, proof saved and claim status, plus a protect-your-purchase checklist.",2,5.99,https://buy.stripe.com/5kQbJ22bAfBu9oe65T5wI00?client_reference_id=vacuums-return-warranty-tracker,vacuums-return-warranty-tracker.pdf
DLX-0662,vacuums-sale-timing-planner,Vacuums Sale Timing Planner,Appliances,Fillable PDF,"Plan when to buy Vacuums: set a target price, log prices over time, note sale events and alerts, and choose a buy-by date.",2,5.99,https://buy.stripe.com/5kQbJ22bAfBu9oe65T5wI00?client_reference_id=vacuums-sale-timing-planner,vacuums-sale-timing-planner.pdf
DLX-0663,air-fryers-buying-checklist,Air Fryers Buying Checklist,Appliances,Checklist,"Printable checklist of what to check before buying Air Fryers: specs or fit, total cost, return policy, warranty and red flags. Fillable budget and notes fields.",2,5.99,https://buy.stripe.com/5kQbJ22bAfBu9oe65T5wI00?client_reference_id=air-fryers-buying-checklist,air-fryers-buying-checklist.pdf
DLX-0664,air-fryers-price-tracker,Air Fryers Price Tracker,Appliances,Fillable PDF,"Fillable tracker to log Air Fryers prices by retailer and date, with shipping, coupon and target-price columns so you can tell a real deal.",1,5.99,https://buy.stripe.com/5kQbJ22bAfBu9oe65T5wI00?client_reference_id=air-fryers-price-tracker,air-fryers-price-tracker.pdf
DLX-0665,air-fryers-comparison-worksheet,Air Fryers Comparison Worksheet,Appliances,Fillable PDF,Side-by-side worksheet to compare up to four Air Fryers options with a weighted scoring section.,1,5.99,https://buy.stripe.com/5kQbJ22bAfBu9oe65T5wI00?client_reference_id=air-fryers-comparison-worksheet,air-fryers-comparison-worksheet.pdf
DLX-0666,air-fryers-budget-planner,Air Fryers Budget Planner,Appliances,Fillable PDF,"Set a spending cap for Air Fryers, split must-haves from nice-to-haves and log what you actually spend.",1,5.99,https://buy.stripe.com/5kQbJ22bAfBu9oe65T5wI00?client_reference_id=air-fryers-budget-planner,air-fryers-budget-planner.pdf
DLX-0667,air-fryers-is-this-a-real-deal-infographic,Air Fryers: Is This a Real Deal? Infographic,Appliances,Infographic,One-page visual decision guide for judging whether a discount on Air Fryers is genuine.,1,5.99,https://buy.stripe.com/5kQbJ22bAfBu9oe65T5wI00?client_reference_id=air-fryers-is-this-a-real-deal-infographic,air-fryers-is-this-a-real-deal-infographic.pdf
DLX-0668,air-fryers-return-warranty-tracker,Air Fryers Return & Warranty Tracker,Appliances,Fillable PDF,"Fillable log for Air Fryers: purchase date, return-by date, warranty end date, proof saved and claim status, plus a protect-your-purchase checklist.",2,5.99,https://buy.stripe.com/5kQbJ22bAfBu9oe65T5wI00?client_reference_id=air-fryers-return-warranty-tracker,air-fryers-return-warranty-tracker.pdf
DLX-0669,air-fryers-sale-timing-planner,Air Fryers Sale Timing Planner,Appliances,Fillable PDF,"Plan when to buy Air Fryers: set a target price, log prices over time, note sale events and alerts, and choose a buy-by date.",2,5.99,https://buy.stripe.com/5kQbJ22bAfBu9oe65T5wI00?client_reference_id=air-fryers-sale-timing-planner,air-fryers-sale-timing-planner.pdf
DLX-0670,coffee-makers-buying-checklist,Coffee Makers Buying Checklist,Appliances,Checklist,"Printable checklist of what to check before buying Coffee Makers: specs or fit, total cost, return policy, warranty and red flags. Fillable budget and notes fields.",2,5.99,https://buy.stripe.com/5kQbJ22bAfBu9oe65T5wI00?client_reference_id=coffee-makers-buying-checklist,coffee-makers-buying-checklist.pdf
DLX-0671,coffee-makers-price-tracker,Coffee Makers Price Tracker,Appliances,Fillable PDF,"Fillable tracker to log Coffee Makers prices by retailer and date, with shipping, coupon and target-price columns so you can tell a real deal.",1,5.99,https://buy.stripe.com/5kQbJ22bAfBu9oe65T5wI00?client_reference_id=coffee-makers-price-tracker,coffee-makers-price-tracker.pdf
DLX-0672,coffee-makers-comparison-worksheet,Coffee Makers Comparison Worksheet,Appliances,Fillable PDF,Side-by-side worksheet to compare up to four Coffee Makers options with a weighted scoring section.,1,5.99,https://buy.stripe.com/5kQbJ22bAfBu9oe65T5wI00?client_reference_id=coffee-makers-comparison-worksheet,coffee-makers-comparison-worksheet.pdf
DLX-0673,coffee-makers-budget-planner,Coffee Makers Budget Planner,Appliances,Fillable PDF,"Set a spending cap for Coffee Makers, split must-haves from nice-to-haves and log what you actually spend.",1,5.99,https://buy.stripe.com/5kQbJ22bAfBu9oe65T5wI00?client_reference_id=coffee-makers-budget-planner,coffee-makers-budget-planner.pdf
DLX-0674,coffee-makers-is-this-a-real-deal-infographic,Coffee Makers: Is This a Real Deal? Infographic,Appliances,Infographic,One-page visual decision guide for judging whether a discount on Coffee Makers is genuine.,1,5.99,https://buy.stripe.com/5kQbJ22bAfBu9oe65T5wI00?client_reference_id=coffee-makers-is-this-a-real-deal-infographic,coffee-makers-is-this-a-real-deal-infographic.pdf
DLX-0675,coffee-makers-return-warranty-tracker,Coffee Makers Return & Warranty Tracker,Appliances,Fillable PDF,"Fillable log for Coffee Makers: purchase date, return-by date, warranty end date, proof saved and claim status, plus a protect-your-purchase checklist.",2,5.99,https://buy.stripe.com/5kQbJ22bAfBu9oe65T5wI00?client_reference_id=coffee-makers-return-warranty-tracker,coffee-makers-return-warranty-tracker.pdf
DLX-0676,coffee-makers-sale-timing-planner,Coffee Makers Sale Timing Planner,Appliances,Fillable PDF,"Plan when to buy Coffee Makers: set a target price, log prices over time, note sale events and alerts, and choose a buy-by date.",2,5.99,https://buy.stripe.com/5kQbJ22bAfBu9oe65T5wI00?client_reference_id=coffee-makers-sale-timing-planner,coffee-makers-sale-timing-planner.pdf
DLX-0677,dishwashers-buying-checklist,Dishwashers Buying Checklist,Appliances,Checklist,"Printable checklist of what to check before buying Dishwashers: specs or fit, total cost, return policy, warranty and red flags. Fillable budget and notes fields.",2,5.99,https://buy.stripe.com/5kQbJ22bAfBu9oe65T5wI00?client_reference_id=dishwashers-buying-checklist,dishwashers-buying-checklist.pdf
DLX-0678,dishwashers-price-tracker,Dishwashers Price Tracker,Appliances,Fillable PDF,"Fillable tracker to log Dishwashers prices by retailer and date, with shipping, coupon and target-price columns so you can tell a real deal.",1,5.99,https://buy.stripe.com/5kQbJ22bAfBu9oe65T5wI00?client_reference_id=dishwashers-price-tracker,dishwashers-price-tracker.pdf
DLX-0679,dishwashers-comparison-worksheet,Dishwashers Comparison Worksheet,Appliances,Fillable PDF,Side-by-side worksheet to compare up to four Dishwashers options with a weighted scoring section.,1,5.99,https://buy.stripe.com/5kQbJ22bAfBu9oe65T5wI00?client_reference_id=dishwashers-comparison-worksheet,dishwashers-comparison-worksheet.pdf
DLX-0680,dishwashers-budget-planner,Dishwashers Budget Planner,Appliances,Fillable PDF,"Set a spending cap for Dishwashers, split must-haves from nice-to-haves and log what you actually spend.",1,5.99,https://buy.stripe.com/5kQbJ22bAfBu9oe65T5wI00?client_reference_id=dishwashers-budget-planner,dishwashers-budget-planner.pdf
DLX-0681,dishwashers-is-this-a-real-deal-infographic,Dishwashers: Is This a Real Deal? Infographic,Appliances,Infographic,One-page visual decision guide for judging whether a discount on Dishwashers is genuine.,1,5.99,https://buy.stripe.com/5kQbJ22bAfBu9oe65T5wI00?client_reference_id=dishwashers-is-this-a-real-deal-infographic,dishwashers-is-this-a-real-deal-infographic.pdf
DLX-0682,dishwashers-return-warranty-tracker,Dishwashers Return & Warranty Tracker,Appliances,Fillable PDF,"Fillable log for Dishwashers: purchase date, return-by date, warranty end date, proof saved and claim status, plus a protect-your-purchase checklist.",2,5.99,https://buy.stripe.com/5kQbJ22bAfBu9oe65T5wI00?client_reference_id=dishwashers-return-warranty-tracker,dishwashers-return-warranty-tracker.pdf
DLX-0683,dishwashers-sale-timing-planner,Dishwashers Sale Timing Planner,Appliances,Fillable PDF,"Plan when to buy Dishwashers: set a target price, log prices over time, note sale events and alerts, and choose a buy-by date.",2,5.99,https://buy.stripe.com/5kQbJ22bAfBu9oe65T5wI00?client_reference_id=dishwashers-sale-timing-planner,dishwashers-sale-timing-planner.pdf
DLX-0684,air-purifiers-buying-checklist,Air Purifiers Buying Checklist,Appliances,Checklist,"Printable checklist of what to check before buying Air Purifiers: specs or fit, total cost, return policy, warranty and red flags. Fillable budget and notes fields.",2,5.99,https://buy.stripe.com/5kQbJ22bAfBu9oe65T5wI00?client_reference_id=air-purifiers-buying-checklist,air-purifiers-buying-checklist.pdf
DLX-0685,air-purifiers-price-tracker,Air Purifiers Price Tracker,Appliances,Fillable PDF,"Fillable tracker to log Air Purifiers prices by retailer and date, with shipping, coupon and target-price columns so you can tell a real deal.",1,5.99,https://buy.stripe.com/5kQbJ22bAfBu9oe65T5wI00?client_reference_id=air-purifiers-price-tracker,air-purifiers-price-tracker.pdf
DLX-0686,air-purifiers-comparison-worksheet,Air Purifiers Comparison Worksheet,Appliances,Fillable PDF,Side-by-side worksheet to compare up to four Air Purifiers options with a weighted scoring section.,1,5.99,https://buy.stripe.com/5kQbJ22bAfBu9oe65T5wI00?client_reference_id=air-purifiers-comparison-worksheet,air-purifiers-comparison-worksheet.pdf
DLX-0687,air-purifiers-budget-planner,Air Purifiers Budget Planner,Appliances,Fillable PDF,"Set a spending cap for Air Purifiers, split must-haves from nice-to-haves and log what you actually spend.",1,5.99,https://buy.stripe.com/5kQbJ22bAfBu9oe65T5wI00?client_reference_id=air-purifiers-budget-planner,air-purifiers-budget-planner.pdf
DLX-0688,air-purifiers-is-this-a-real-deal-infographic,Air Purifiers: Is This a Real Deal? Infographic,Appliances,Infographic,One-page visual decision guide for judging whether a discount on Air Purifiers is genuine.,1,5.99,https://buy.stripe.com/5kQbJ22bAfBu9oe65T5wI00?client_reference_id=air-purifiers-is-this-a-real-deal-infographic,air-purifiers-is-this-a-real-deal-infographic.pdf
DLX-0689,air-purifiers-return-warranty-tracker,Air Purifiers Return & Warranty Tracker,Appliances,Fillable PDF,"Fillable log for Air Purifiers: purchase date, return-by date, warranty end date, proof saved and claim status, plus a protect-your-purchase checklist.",2,5.99,https://buy.stripe.com/5kQbJ22bAfBu9oe65T5wI00?client_reference_id=air-purifiers-return-warranty-tracker,air-purifiers-return-warranty-tracker.pdf
DLX-0690,air-purifiers-sale-timing-planner,Air Purifiers Sale Timing Planner,Appliances,Fillable PDF,"Plan when to buy Air Purifiers: set a target price, log prices over time, note sale events and alerts, and choose a buy-by date.",2,5.99,https://buy.stripe.com/5kQbJ22bAfBu9oe65T5wI00?client_reference_id=air-purifiers-sale-timing-planner,air-purifiers-sale-timing-planner.pdf
DLX-0691,microwaves-buying-checklist,Microwaves Buying Checklist,Appliances,Checklist,"Printable checklist of what to check before buying Microwaves: specs or fit, total cost, return policy, warranty and red flags. Fillable budget and notes fields.",2,5.99,https://buy.stripe.com/5kQbJ22bAfBu9oe65T5wI00?client_reference_id=microwaves-buying-checklist,microwaves-buying-checklist.pdf
DLX-0692,microwaves-price-tracker,Microwaves Price Tracker,Appliances,Fillable PDF,"Fillable tracker to log Microwaves prices by retailer and date, with shipping, coupon and target-price columns so you can tell a real deal.",1,5.99,https://buy.stripe.com/5kQbJ22bAfBu9oe65T5wI00?client_reference_id=microwaves-price-tracker,microwaves-price-tracker.pdf
DLX-0693,microwaves-comparison-worksheet,Microwaves Comparison Worksheet,Appliances,Fillable PDF,Side-by-side worksheet to compare up to four Microwaves options with a weighted scoring section.,1,5.99,https://buy.stripe.com/5kQbJ22bAfBu9oe65T5wI00?client_reference_id=microwaves-comparison-worksheet,microwaves-comparison-worksheet.pdf
DLX-0694,microwaves-budget-planner,Microwaves Budget Planner,Appliances,Fillable PDF,"Set a spending cap for Microwaves, split must-haves from nice-to-haves and log what you actually spend.",1,5.99,https://buy.stripe.com/5kQbJ22bAfBu9oe65T5wI00?client_reference_id=microwaves-budget-planner,microwaves-budget-planner.pdf
DLX-0695,microwaves-is-this-a-real-deal-infographic,Microwaves: Is This a Real Deal? Infographic,Appliances,Infographic,One-page visual decision guide for judging whether a discount on Microwaves is genuine.,1,5.99,https://buy.stripe.com/5kQbJ22bAfBu9oe65T5wI00?client_reference_id=microwaves-is-this-a-real-deal-infographic,microwaves-is-this-a-real-deal-infographic.pdf
DLX-0696,microwaves-return-warranty-tracker,Microwaves Return & Warranty Tracker,Appliances,Fillable PDF,"Fillable log for Microwaves: purchase date, return-by date, warranty end date, proof saved and claim status, plus a protect-your-purchase checklist.",2,5.99,https://buy.stripe.com/5kQbJ22bAfBu9oe65T5wI00?client_reference_id=microwaves-return-warranty-tracker,microwaves-return-warranty-tracker.pdf
DLX-0697,microwaves-sale-timing-planner,Microwaves Sale Timing Planner,Appliances,Fillable PDF,"Plan when to buy Microwaves: set a target price, log prices over time, note sale events and alerts, and choose a buy-by date.",2,5.99,https://buy.stripe.com/5kQbJ22bAfBu9oe65T5wI00?client_reference_id=microwaves-sale-timing-planner,microwaves-sale-timing-planner.pdf
DLX-0698,massage-guns-buying-checklist,Massage Guns Buying Checklist,Wellness & Massage,Checklist,"Printable checklist of what to check before buying Massage Guns: specs or fit, total cost, return policy, warranty and red flags. Fillable budget and notes fields.",2,5.99,https://buy.stripe.com/5kQbJ22bAfBu9oe65T5wI00?client_reference_id=massage-guns-buying-checklist,massage-guns-buying-checklist.pdf
DLX-0699,massage-guns-price-tracker,Massage Guns Price Tracker,Wellness & Massage,Fillable PDF,"Fillable tracker to log Massage Guns prices by retailer and date, with shipping, coupon and target-price columns so you can tell a real deal.",1,5.99,https://buy.stripe.com/5kQbJ22bAfBu9oe65T5wI00?client_reference_id=massage-guns-price-tracker,massage-guns-price-tracker.pdf
DLX-0700,massage-guns-comparison-worksheet,Massage Guns Comparison Worksheet,Wellness & Massage,Fillable PDF,Side-by-side worksheet to compare up to four Massage Guns options with a weighted scoring section.,1,5.99,https://buy.stripe.com/5kQbJ22bAfBu9oe65T5wI00?client_reference_id=massage-guns-comparison-worksheet,massage-guns-comparison-worksheet.pdf
DLX-0701,massage-guns-budget-planner,Massage Guns Budget Planner,Wellness & Massage,Fillable PDF,"Set a spending cap for Massage Guns, split must-haves from nice-to-haves and log what you actually spend.",1,5.99,https://buy.stripe.com/5kQbJ22bAfBu9oe65T5wI00?client_reference_id=massage-guns-budget-planner,massage-guns-budget-planner.pdf
DLX-0702,massage-guns-is-this-a-real-deal-infographic,Massage Guns: Is This a Real Deal? Infographic,Wellness & Massage,Infographic,One-page visual decision guide for judging whether a discount on Massage Guns is genuine.,1,5.99,https://buy.stripe.com/5kQbJ22bAfBu9oe65T5wI00?client_reference_id=massage-guns-is-this-a-real-deal-infographic,massage-guns-is-this-a-real-deal-infographic.pdf
DLX-0703,massage-guns-return-warranty-tracker,Massage Guns Return & Warranty Tracker,Wellness & Massage,Fillable PDF,"Fillable log for Massage Guns: purchase date, return-by date, warranty end date, proof saved and claim status, plus a protect-your-purchase checklist.",2,5.99,https://buy.stripe.com/5kQbJ22bAfBu9oe65T5wI00?client_reference_id=massage-guns-return-warranty-tracker,massage-guns-return-warranty-tracker.pdf
DLX-0704,massage-guns-sale-timing-planner,Massage Guns Sale Timing Planner,Wellness & Massage,Fillable PDF,"Plan when to buy Massage Guns: set a target price, log prices over time, note sale events and alerts, and choose a buy-by date.",2,5.99,https://buy.stripe.com/5kQbJ22bAfBu9oe65T5wI00?client_reference_id=massage-guns-sale-timing-planner,massage-guns-sale-timing-planner.pdf
DLX-0705,massage-chairs-buying-checklist,Massage Chairs Buying Checklist,Wellness & Massage,Checklist,"Printable checklist of what to check before buying Massage Chairs: specs or fit, total cost, return policy, warranty and red flags. Fillable budget and notes fields.",2,5.99,https://buy.stripe.com/5kQbJ22bAfBu9oe65T5wI00?client_reference_id=massage-chairs-buying-checklist,massage-chairs-buying-checklist.pdf
DLX-0706,massage-chairs-price-tracker,Massage Chairs Price Tracker,Wellness & Massage,Fillable PDF,"Fillable tracker to log Massage Chairs prices by retailer and date, with shipping, coupon and target-price columns so you can tell a real deal.",1,5.99,https://buy.stripe.com/5kQbJ22bAfBu9oe65T5wI00?client_reference_id=massage-chairs-price-tracker,massage-chairs-price-tracker.pdf
DLX-0707,massage-chairs-comparison-worksheet,Massage Chairs Comparison Worksheet,Wellness & Massage,Fillable PDF,Side-by-side worksheet to compare up to four Massage Chairs options with a weighted scoring section.,1,5.99,https://buy.stripe.com/5kQbJ22bAfBu9oe65T5wI00?client_reference_id=massage-chairs-comparison-worksheet,massage-chairs-comparison-worksheet.pdf
DLX-0708,massage-chairs-budget-planner,Massage Chairs Budget Planner,Wellness & Massage,Fillable PDF,"Set a spending cap for Massage Chairs, split must-haves from nice-to-haves and log what you actually spend.",1,5.99,https://buy.stripe.com/5kQbJ22bAfBu9oe65T5wI00?client_reference_id=massage-chairs-budget-planner,massage-chairs-budget-planner.pdf
DLX-0709,massage-chairs-is-this-a-real-deal-infographic,Massage Chairs: Is This a Real Deal? Infographic,Wellness & Massage,Infographic,One-page visual decision guide for judging whether a discount on Massage Chairs is genuine.,1,5.99,https://buy.stripe.com/5kQbJ22bAfBu9oe65T5wI00?client_reference_id=massage-chairs-is-this-a-real-deal-infographic,massage-chairs-is-this-a-real-deal-infographic.pdf
DLX-0710,massage-chairs-return-warranty-tracker,Massage Chairs Return & Warranty Tracker,Wellness & Massage,Fillable PDF,"Fillable log for Massage Chairs: purchase date, return-by date, warranty end date, proof saved and claim status, plus a protect-your-purchase checklist.",2,5.99,https://buy.stripe.com/5kQbJ22bAfBu9oe65T5wI00?client_reference_id=massage-chairs-return-warranty-tracker,massage-chairs-return-warranty-tracker.pdf
DLX-0711,massage-chairs-sale-timing-planner,Massage Chairs Sale Timing Planner,Wellness & Massage,Fillable PDF,"Plan when to buy Massage Chairs: set a target price, log prices over time, note sale events and alerts, and choose a buy-by date.",2,5.99,https://buy.stripe.com/5kQbJ22bAfBu9oe65T5wI00?client_reference_id=massage-chairs-sale-timing-planner,massage-chairs-sale-timing-planner.pdf
DLX-0712,heating-pads-buying-checklist,Heating Pads Buying Checklist,Wellness & Massage,Checklist,"Printable checklist of what to check before buying Heating Pads: specs or fit, total cost, return policy, warranty and red flags. Fillable budget and notes fields.",2,5.99,https://buy.stripe.com/5kQbJ22bAfBu9oe65T5wI00?client_reference_id=heating-pads-buying-checklist,heating-pads-buying-checklist.pdf
DLX-0713,heating-pads-price-tracker,Heating Pads Price Tracker,Wellness & Massage,Fillable PDF,"Fillable tracker to log Heating Pads prices by retailer and date, with shipping, coupon and target-price columns so you can tell a real deal.",1,5.99,https://buy.stripe.com/5kQbJ22bAfBu9oe65T5wI00?client_reference_id=heating-pads-price-tracker,heating-pads-price-tracker.pdf
DLX-0714,heating-pads-comparison-worksheet,Heating Pads Comparison Worksheet,Wellness & Massage,Fillable PDF,Side-by-side worksheet to compare up to four Heating Pads options with a weighted scoring section.,1,5.99,https://buy.stripe.com/5kQbJ22bAfBu9oe65T5wI00?client_reference_id=heating-pads-comparison-worksheet,heating-pads-comparison-worksheet.pdf
DLX-0715,heating-pads-budget-planner,Heating Pads Budget Planner,Wellness & Massage,Fillable PDF,"Set a spending cap for Heating Pads, split must-haves from nice-to-haves and log what you actually spend.",1,5.99,https://buy.stripe.com/5kQbJ22bAfBu9oe65T5wI00?client_reference_id=heating-pads-budget-planner,heating-pads-budget-planner.pdf
DLX-0716,heating-pads-is-this-a-real-deal-infographic,Heating Pads: Is This a Real Deal? Infographic,Wellness & Massage,Infographic,One-page visual decision guide for judging whether a discount on Heating Pads is genuine.,1,5.99,https://buy.stripe.com/5kQbJ22bAfBu9oe65T5wI00?client_reference_id=heating-pads-is-this-a-real-deal-infographic,heating-pads-is-this-a-real-deal-infographic.pdf
DLX-0717,heating-pads-return-warranty-tracker,Heating Pads Return & Warranty Tracker,Wellness & Massage,Fillable PDF,"Fillable log for Heating Pads: purchase date, return-by date, warranty end date, proof saved and claim status, plus a protect-your-purchase checklist.",2,5.99,https://buy.stripe.com/5kQbJ22bAfBu9oe65T5wI00?client_reference_id=heating-pads-return-warranty-tracker,heating-pads-return-warranty-tracker.pdf
DLX-0718,heating-pads-sale-timing-planner,Heating Pads Sale Timing Planner,Wellness & Massage,Fillable PDF,"Plan when to buy Heating Pads: set a target price, log prices over time, note sale events and alerts, and choose a buy-by date.",2,5.99,https://buy.stripe.com/5kQbJ22bAfBu9oe65T5wI00?client_reference_id=heating-pads-sale-timing-planner,heating-pads-sale-timing-planner.pdf
DLX-0719,yoga-mats-buying-checklist,Yoga Mats Buying Checklist,Wellness & Massage,Checklist,"Printable checklist of what to check before buying Yoga Mats: specs or fit, total cost, return policy, warranty and red flags. Fillable budget and notes fields.",2,5.99,https://buy.stripe.com/5kQbJ22bAfBu9oe65T5wI00?client_reference_id=yoga-mats-buying-checklist,yoga-mats-buying-checklist.pdf
DLX-0720,yoga-mats-price-tracker,Yoga Mats Price Tracker,Wellness & Massage,Fillable PDF,"Fillable tracker to log Yoga Mats prices by retailer and date, with shipping, coupon and target-price columns so you can tell a real deal.",1,5.99,https://buy.stripe.com/5kQbJ22bAfBu9oe65T5wI00?client_reference_id=yoga-mats-price-tracker,yoga-mats-price-tracker.pdf
DLX-0721,yoga-mats-comparison-worksheet,Yoga Mats Comparison Worksheet,Wellness & Massage,Fillable PDF,Side-by-side worksheet to compare up to four Yoga Mats options with a weighted scoring section.,1,5.99,https://buy.stripe.com/5kQbJ22bAfBu9oe65T5wI00?client_reference_id=yoga-mats-comparison-worksheet,yoga-mats-comparison-worksheet.pdf
DLX-0722,yoga-mats-budget-planner,Yoga Mats Budget Planner,Wellness & Massage,Fillable PDF,"Set a spending cap for Yoga Mats, split must-haves from nice-to-haves and log what you actually spend.",1,5.99,https://buy.stripe.com/5kQbJ22bAfBu9oe65T5wI00?client_reference_id=yoga-mats-budget-planner,yoga-mats-budget-planner.pdf
DLX-0723,yoga-mats-is-this-a-real-deal-infographic,Yoga Mats: Is This a Real Deal? Infographic,Wellness & Massage,Infographic,One-page visual decision guide for judging whether a discount on Yoga Mats is genuine.,1,5.99,https://buy.stripe.com/5kQbJ22bAfBu9oe65T5wI00?client_reference_id=yoga-mats-is-this-a-real-deal-infographic,yoga-mats-is-this-a-real-deal-infographic.pdf
DLX-0724,yoga-mats-return-warranty-tracker,Yoga Mats Return & Warranty Tracker,Wellness & Massage,Fillable PDF,"Fillable log for Yoga Mats: purchase date, return-by date, warranty end date, proof saved and claim status, plus a protect-your-purchase checklist.",2,5.99,https://buy.stripe.com/5kQbJ22bAfBu9oe65T5wI00?client_reference_id=yoga-mats-return-warranty-tracker,yoga-mats-return-warranty-tracker.pdf
DLX-0725,yoga-mats-sale-timing-planner,Yoga Mats Sale Timing Planner,Wellness & Massage,Fillable PDF,"Plan when to buy Yoga Mats: set a target price, log prices over time, note sale events and alerts, and choose a buy-by date.",2,5.99,https://buy.stripe.com/5kQbJ22bAfBu9oe65T5wI00?client_reference_id=yoga-mats-sale-timing-planner,yoga-mats-sale-timing-planner.pdf
DLX-0726,foam-rollers-buying-checklist,Foam Rollers Buying Checklist,Wellness & Massage,Checklist,"Printable checklist of what to check before buying Foam Rollers: specs or fit, total cost, return policy, warranty and red flags. Fillable budget and notes fields.",2,5.99,https://buy.stripe.com/5kQbJ22bAfBu9oe65T5wI00?client_reference_id=foam-rollers-buying-checklist,foam-rollers-buying-checklist.pdf
DLX-0727,foam-rollers-price-tracker,Foam Rollers Price Tracker,Wellness & Massage,Fillable PDF,"Fillable tracker to log Foam Rollers prices by retailer and date, with shipping, coupon and target-price columns so you can tell a real deal.",1,5.99,https://buy.stripe.com/5kQbJ22bAfBu9oe65T5wI00?client_reference_id=foam-rollers-price-tracker,foam-rollers-price-tracker.pdf
DLX-0728,foam-rollers-comparison-worksheet,Foam Rollers Comparison Worksheet,Wellness & Massage,Fillable PDF,Side-by-side worksheet to compare up to four Foam Rollers options with a weighted scoring section.,1,5.99,https://buy.stripe.com/5kQbJ22bAfBu9oe65T5wI00?client_reference_id=foam-rollers-comparison-worksheet,foam-rollers-comparison-worksheet.pdf
DLX-0729,foam-rollers-budget-planner,Foam Rollers Budget Planner,Wellness & Massage,Fillable PDF,"Set a spending cap for Foam Rollers, split must-haves from nice-to-haves and log what you actually spend.",1,5.99,https://buy.stripe.com/5kQbJ22bAfBu9oe65T5wI00?client_reference_id=foam-rollers-budget-planner,foam-rollers-budget-planner.pdf
DLX-0730,foam-rollers-is-this-a-real-deal-infographic,Foam Rollers: Is This a Real Deal? Infographic,Wellness & Massage,Infographic,One-page visual decision guide for judging whether a discount on Foam Rollers is genuine.,1,5.99,https://buy.stripe.com/5kQbJ22bAfBu9oe65T5wI00?client_reference_id=foam-rollers-is-this-a-real-deal-infographic,foam-rollers-is-this-a-real-deal-infographic.pdf
DLX-0731,foam-rollers-return-warranty-tracker,Foam Rollers Return & Warranty Tracker,Wellness & Massage,Fillable PDF,"Fillable log for Foam Rollers: purchase date, return-by date, warranty end date, proof saved and claim status, plus a protect-your-purchase checklist.",2,5.99,https://buy.stripe.com/5kQbJ22bAfBu9oe65T5wI00?client_reference_id=foam-rollers-return-warranty-tracker,foam-rollers-return-warranty-tracker.pdf
DLX-0732,foam-rollers-sale-timing-planner,Foam Rollers Sale Timing Planner,Wellness & Massage,Fillable PDF,"Plan when to buy Foam Rollers: set a target price, log prices over time, note sale events and alerts, and choose a buy-by date.",2,5.99,https://buy.stripe.com/5kQbJ22bAfBu9oe65T5wI00?client_reference_id=foam-rollers-sale-timing-planner,foam-rollers-sale-timing-planner.pdf
DLX-0733,sleep-aids-sound-machines-buying-checklist,Sleep Aids & Sound Machines Buying Checklist,Wellness & Massage,Checklist,"Printable checklist of what to check before buying Sleep Aids & Sound Machines: specs or fit, total cost, return policy, warranty and red flags. Fillable budget and notes fields.",2,5.99,https://buy.stripe.com/5kQbJ22bAfBu9oe65T5wI00?client_reference_id=sleep-aids-sound-machines-buying-checklist,sleep-aids-sound-machines-buying-checklist.pdf
DLX-0734,sleep-aids-sound-machines-price-tracker,Sleep Aids & Sound Machines Price Tracker,Wellness & Massage,Fillable PDF,"Fillable tracker to log Sleep Aids & Sound Machines prices by retailer and date, with shipping, coupon and target-price columns so you can tell a real deal.",1,5.99,https://buy.stripe.com/5kQbJ22bAfBu9oe65T5wI00?client_reference_id=sleep-aids-sound-machines-price-tracker,sleep-aids-sound-machines-price-tracker.pdf
DLX-0735,sleep-aids-sound-machines-comparison-worksheet,Sleep Aids & Sound Machines Comparison Worksheet,Wellness & Massage,Fillable PDF,Side-by-side worksheet to compare up to four Sleep Aids & Sound Machines options with a weighted scoring section.,1,5.99,https://buy.stripe.com/5kQbJ22bAfBu9oe65T5wI00?client_reference_id=sleep-aids-sound-machines-comparison-worksheet,sleep-aids-sound-machines-comparison-worksheet.pdf
DLX-0736,sleep-aids-sound-machines-budget-planner,Sleep Aids & Sound Machines Budget Planner,Wellness & Massage,Fillable PDF,"Set a spending cap for Sleep Aids & Sound Machines, split must-haves from nice-to-haves and log what you actually spend.",1,5.99,https://buy.stripe.com/5kQbJ22bAfBu9oe65T5wI00?client_reference_id=sleep-aids-sound-machines-budget-planner,sleep-aids-sound-machines-budget-planner.pdf
DLX-0737,sleep-aids-sound-machines-is-this-a-real-deal-infographic,Sleep Aids & Sound Machines: Is This a Real Deal? Infographic,Wellness & Massage,Infographic,One-page visual decision guide for judging whether a discount on Sleep Aids & Sound Machines is genuine.,1,5.99,https://buy.stripe.com/5kQbJ22bAfBu9oe65T5wI00?client_reference_id=sleep-aids-sound-machines-is-this-a-real-deal-infographic,sleep-aids-sound-machines-is-this-a-real-deal-infographic.pdf
DLX-0738,sleep-aids-sound-machines-return-warranty-tracker,Sleep Aids & Sound Machines Return & Warranty Tracker,Wellness & Massage,Fillable PDF,"Fillable log for Sleep Aids & Sound Machines: purchase date, return-by date, warranty end date, proof saved and claim status, plus a protect-your-purchase checklist.",2,5.99,https://buy.stripe.com/5kQbJ22bAfBu9oe65T5wI00?client_reference_id=sleep-aids-sound-machines-return-warranty-tracker,sleep-aids-sound-machines-return-warranty-tracker.pdf
DLX-0739,sleep-aids-sound-machines-sale-timing-planner,Sleep Aids & Sound Machines Sale Timing Planner,Wellness & Massage,Fillable PDF,"Plan when to buy Sleep Aids & Sound Machines: set a target price, log prices over time, note sale events and alerts, and choose a buy-by date.",2,5.99,https://buy.stripe.com/5kQbJ22bAfBu9oe65T5wI00?client_reference_id=sleep-aids-sound-machines-sale-timing-planner,sleep-aids-sound-machines-sale-timing-planner.pdf
DLX-0740,fitness-trackers-buying-checklist,Fitness Trackers Buying Checklist,Wellness & Massage,Checklist,"Printable checklist of what to check before buying Fitness Trackers: specs or fit, total cost, return policy, warranty and red flags. Fillable budget and notes fields.",2,5.99,https://buy.stripe.com/5kQbJ22bAfBu9oe65T5wI00?client_reference_id=fitness-trackers-buying-checklist,fitness-trackers-buying-checklist.pdf
DLX-0741,fitness-trackers-price-tracker,Fitness Trackers Price Tracker,Wellness & Massage,Fillable PDF,"Fillable tracker to log Fitness Trackers prices by retailer and date, with shipping, coupon and target-price columns so you can tell a real deal.",1,5.99,https://buy.stripe.com/5kQbJ22bAfBu9oe65T5wI00?client_reference_id=fitness-trackers-price-tracker,fitness-trackers-price-tracker.pdf
DLX-0742,fitness-trackers-comparison-worksheet,Fitness Trackers Comparison Worksheet,Wellness & Massage,Fillable PDF,Side-by-side worksheet to compare up to four Fitness Trackers options with a weighted scoring section.,1,5.99,https://buy.stripe.com/5kQbJ22bAfBu9oe65T5wI00?client_reference_id=fitness-trackers-comparison-worksheet,fitness-trackers-comparison-worksheet.pdf
DLX-0743,fitness-trackers-budget-planner,Fitness Trackers Budget Planner,Wellness & Massage,Fillable PDF,"Set a spending cap for Fitness Trackers, split must-haves from nice-to-haves and log what you actually spend.",1,5.99,https://buy.stripe.com/5kQbJ22bAfBu9oe65T5wI00?client_reference_id=fitness-trackers-budget-planner,fitness-trackers-budget-planner.pdf
DLX-0744,fitness-trackers-is-this-a-real-deal-infographic,Fitness Trackers: Is This a Real Deal? Infographic,Wellness & Massage,Infographic,One-page visual decision guide for judging whether a discount on Fitness Trackers is genuine.,1,5.99,https://buy.stripe.com/5kQbJ22bAfBu9oe65T5wI00?client_reference_id=fitness-trackers-is-this-a-real-deal-infographic,fitness-trackers-is-this-a-real-deal-infographic.pdf
DLX-0745,fitness-trackers-return-warranty-tracker,Fitness Trackers Return & Warranty Tracker,Wellness & Massage,Fillable PDF,"Fillable log for Fitness Trackers: purchase date, return-by date, warranty end date, proof saved and claim status, plus a protect-your-purchase checklist.",2,5.99,https://buy.stripe.com/5kQbJ22bAfBu9oe65T5wI00?client_reference_id=fitness-trackers-return-warranty-tracker,fitness-trackers-return-warranty-tracker.pdf
DLX-0746,fitness-trackers-sale-timing-planner,Fitness Trackers Sale Timing Planner,Wellness & Massage,Fillable PDF,"Plan when to buy Fitness Trackers: set a target price, log prices over time, note sale events and alerts, and choose a buy-by date.",2,5.99,https://buy.stripe.com/5kQbJ22bAfBu9oe65T5wI00?client_reference_id=fitness-trackers-sale-timing-planner,fitness-trackers-sale-timing-planner.pdf
DLX-0747,engagement-rings-buying-checklist,Engagement Rings Buying Checklist,Jewelry,Checklist,"Printable checklist of what to check before buying Engagement Rings: specs or fit, total cost, return policy, warranty and red flags. Fillable budget and notes fields.",2,5.99,https://buy.stripe.com/5kQbJ22bAfBu9oe65T5wI00?client_reference_id=engagement-rings-buying-checklist,engagement-rings-buying-checklist.pdf
DLX-0748,engagement-rings-price-tracker,Engagement Rings Price Tracker,Jewelry,Fillable PDF,"Fillable tracker to log Engagement Rings prices by retailer and date, with shipping, coupon and target-price columns so you can tell a real deal.",1,5.99,https://buy.stripe.com/5kQbJ22bAfBu9oe65T5wI00?client_reference_id=engagement-rings-price-tracker,engagement-rings-price-tracker.pdf
DLX-0749,engagement-rings-comparison-worksheet,Engagement Rings Comparison Worksheet,Jewelry,Fillable PDF,Side-by-side worksheet to compare up to four Engagement Rings options with a weighted scoring section.,1,5.99,https://buy.stripe.com/5kQbJ22bAfBu9oe65T5wI00?client_reference_id=engagement-rings-comparison-worksheet,engagement-rings-comparison-worksheet.pdf
DLX-0750,engagement-rings-budget-planner,Engagement Rings Budget Planner,Jewelry,Fillable PDF,"Set a spending cap for Engagement Rings, split must-haves from nice-to-haves and log what you actually spend.",1,5.99,https://buy.stripe.com/5kQbJ22bAfBu9oe65T5wI00?client_reference_id=engagement-rings-budget-planner,engagement-rings-budget-planner.pdf
DLX-0751,engagement-rings-is-this-a-real-deal-infographic,Engagement Rings: Is This a Real Deal? Infographic,Jewelry,Infographic,One-page visual decision guide for judging whether a discount on Engagement Rings is genuine.,1,5.99,https://buy.stripe.com/5kQbJ22bAfBu9oe65T5wI00?client_reference_id=engagement-rings-is-this-a-real-deal-infographic,engagement-rings-is-this-a-real-deal-infographic.pdf
DLX-0752,engagement-rings-return-warranty-tracker,Engagement Rings Return & Warranty Tracker,Jewelry,Fillable PDF,"Fillable log for Engagement Rings: purchase date, return-by date, warranty end date, proof saved and claim status, plus a protect-your-purchase checklist.",2,5.99,https://buy.stripe.com/5kQbJ22bAfBu9oe65T5wI00?client_reference_id=engagement-rings-return-warranty-tracker,engagement-rings-return-warranty-tracker.pdf
DLX-0753,engagement-rings-sale-timing-planner,Engagement Rings Sale Timing Planner,Jewelry,Fillable PDF,"Plan when to buy Engagement Rings: set a target price, log prices over time, note sale events and alerts, and choose a buy-by date.",2,5.99,https://buy.stripe.com/5kQbJ22bAfBu9oe65T5wI00?client_reference_id=engagement-rings-sale-timing-planner,engagement-rings-sale-timing-planner.pdf
DLX-0754,necklaces-buying-checklist,Necklaces Buying Checklist,Jewelry,Checklist,"Printable checklist of what to check before buying Necklaces: specs or fit, total cost, return policy, warranty and red flags. Fillable budget and notes fields.",2,5.99,https://buy.stripe.com/5kQbJ22bAfBu9oe65T5wI00?client_reference_id=necklaces-buying-checklist,necklaces-buying-checklist.pdf
DLX-0755,necklaces-price-tracker,Necklaces Price Tracker,Jewelry,Fillable PDF,"Fillable tracker to log Necklaces prices by retailer and date, with shipping, coupon and target-price columns so you can tell a real deal.",1,5.99,https://buy.stripe.com/5kQbJ22bAfBu9oe65T5wI00?client_reference_id=necklaces-price-tracker,necklaces-price-tracker.pdf
DLX-0756,necklaces-comparison-worksheet,Necklaces Comparison Worksheet,Jewelry,Fillable PDF,Side-by-side worksheet to compare up to four Necklaces options with a weighted scoring section.,1,5.99,https://buy.stripe.com/5kQbJ22bAfBu9oe65T5wI00?client_reference_id=necklaces-comparison-worksheet,necklaces-comparison-worksheet.pdf
DLX-0757,necklaces-budget-planner,Necklaces Budget Planner,Jewelry,Fillable PDF,"Set a spending cap for Necklaces, split must-haves from nice-to-haves and log what you actually spend.",1,5.99,https://buy.stripe.com/5kQbJ22bAfBu9oe65T5wI00?client_reference_id=necklaces-budget-planner,necklaces-budget-planner.pdf
DLX-0758,necklaces-is-this-a-real-deal-infographic,Necklaces: Is This a Real Deal? Infographic,Jewelry,Infographic,One-page visual decision guide for judging whether a discount on Necklaces is genuine.,1,5.99,https://buy.stripe.com/5kQbJ22bAfBu9oe65T5wI00?client_reference_id=necklaces-is-this-a-real-deal-infographic,necklaces-is-this-a-real-deal-infographic.pdf
DLX-0759,necklaces-return-warranty-tracker,Necklaces Return & Warranty Tracker,Jewelry,Fillable PDF,"Fillable log for Necklaces: purchase date, return-by date, warranty end date, proof saved and claim status, plus a protect-your-purchase checklist.",2,5.99,https://buy.stripe.com/5kQbJ22bAfBu9oe65T5wI00?client_reference_id=necklaces-return-warranty-tracker,necklaces-return-warranty-tracker.pdf
DLX-0760,necklaces-sale-timing-planner,Necklaces Sale Timing Planner,Jewelry,Fillable PDF,"Plan when to buy Necklaces: set a target price, log prices over time, note sale events and alerts, and choose a buy-by date.",2,5.99,https://buy.stripe.com/5kQbJ22bAfBu9oe65T5wI00?client_reference_id=necklaces-sale-timing-planner,necklaces-sale-timing-planner.pdf
DLX-0761,earrings-buying-checklist,Earrings Buying Checklist,Jewelry,Checklist,"Printable checklist of what to check before buying Earrings: specs or fit, total cost, return policy, warranty and red flags. Fillable budget and notes fields.",2,5.99,https://buy.stripe.com/5kQbJ22bAfBu9oe65T5wI00?client_reference_id=earrings-buying-checklist,earrings-buying-checklist.pdf
DLX-0762,earrings-price-tracker,Earrings Price Tracker,Jewelry,Fillable PDF,"Fillable tracker to log Earrings prices by retailer and date, with shipping, coupon and target-price columns so you can tell a real deal.",1,5.99,https://buy.stripe.com/5kQbJ22bAfBu9oe65T5wI00?client_reference_id=earrings-price-tracker,earrings-price-tracker.pdf
DLX-0763,earrings-comparison-worksheet,Earrings Comparison Worksheet,Jewelry,Fillable PDF,Side-by-side worksheet to compare up to four Earrings options with a weighted scoring section.,1,5.99,https://buy.stripe.com/5kQbJ22bAfBu9oe65T5wI00?client_reference_id=earrings-comparison-worksheet,earrings-comparison-worksheet.pdf
DLX-0764,earrings-budget-planner,Earrings Budget Planner,Jewelry,Fillable PDF,"Set a spending cap for Earrings, split must-haves from nice-to-haves and log what you actually spend.",1,5.99,https://buy.stripe.com/5kQbJ22bAfBu9oe65T5wI00?client_reference_id=earrings-budget-planner,earrings-budget-planner.pdf
DLX-0765,earrings-is-this-a-real-deal-infographic,Earrings: Is This a Real Deal? Infographic,Jewelry,Infographic,One-page visual decision guide for judging whether a discount on Earrings is genuine.,1,5.99,https://buy.stripe.com/5kQbJ22bAfBu9oe65T5wI00?client_reference_id=earrings-is-this-a-real-deal-infographic,earrings-is-this-a-real-deal-infographic.pdf
DLX-0766,earrings-return-warranty-tracker,Earrings Return & Warranty Tracker,Jewelry,Fillable PDF,"Fillable log for Earrings: purchase date, return-by date, warranty end date, proof saved and claim status, plus a protect-your-purchase checklist.",2,5.99,https://buy.stripe.com/5kQbJ22bAfBu9oe65T5wI00?client_reference_id=earrings-return-warranty-tracker,earrings-return-warranty-tracker.pdf
DLX-0767,earrings-sale-timing-planner,Earrings Sale Timing Planner,Jewelry,Fillable PDF,"Plan when to buy Earrings: set a target price, log prices over time, note sale events and alerts, and choose a buy-by date.",2,5.99,https://buy.stripe.com/5kQbJ22bAfBu9oe65T5wI00?client_reference_id=earrings-sale-timing-planner,earrings-sale-timing-planner.pdf
DLX-0768,watches-buying-checklist,Watches Buying Checklist,Jewelry,Checklist,"Printable checklist of what to check before buying Watches: specs or fit, total cost, return policy, warranty and red flags. Fillable budget and notes fields.",2,5.99,https://buy.stripe.com/5kQbJ22bAfBu9oe65T5wI00?client_reference_id=watches-buying-checklist,watches-buying-checklist.pdf
DLX-0769,watches-price-tracker,Watches Price Tracker,Jewelry,Fillable PDF,"Fillable tracker to log Watches prices by retailer and date, with shipping, coupon and target-price columns so you can tell a real deal.",1,5.99,https://buy.stripe.com/5kQbJ22bAfBu9oe65T5wI00?client_reference_id=watches-price-tracker,watches-price-tracker.pdf
DLX-0770,watches-comparison-worksheet,Watches Comparison Worksheet,Jewelry,Fillable PDF,Side-by-side worksheet to compare up to four Watches options with a weighted scoring section.,1,5.99,https://buy.stripe.com/5kQbJ22bAfBu9oe65T5wI00?client_reference_id=watches-comparison-worksheet,watches-comparison-worksheet.pdf
DLX-0771,watches-budget-planner,Watches Budget Planner,Jewelry,Fillable PDF,"Set a spending cap for Watches, split must-haves from nice-to-haves and log what you actually spend.",1,5.99,https://buy.stripe.com/5kQbJ22bAfBu9oe65T5wI00?client_reference_id=watches-budget-planner,watches-budget-planner.pdf
DLX-0772,watches-is-this-a-real-deal-infographic,Watches: Is This a Real Deal? Infographic,Jewelry,Infographic,One-page visual decision guide for judging whether a discount on Watches is genuine.,1,5.99,https://buy.stripe.com/5kQbJ22bAfBu9oe65T5wI00?client_reference_id=watches-is-this-a-real-deal-infographic,watches-is-this-a-real-deal-infographic.pdf
DLX-0773,watches-return-warranty-tracker,Watches Return & Warranty Tracker,Jewelry,Fillable PDF,"Fillable log for Watches: purchase date, return-by date, warranty end date, proof saved and claim status, plus a protect-your-purchase checklist.",2,5.99,https://buy.stripe.com/5kQbJ22bAfBu9oe65T5wI00?client_reference_id=watches-return-warranty-tracker,watches-return-warranty-tracker.pdf
DLX-0774,watches-sale-timing-planner,Watches Sale Timing Planner,Jewelry,Fillable PDF,"Plan when to buy Watches: set a target price, log prices over time, note sale events and alerts, and choose a buy-by date.",2,5.99,https://buy.stripe.com/5kQbJ22bAfBu9oe65T5wI00?client_reference_id=watches-sale-timing-planner,watches-sale-timing-planner.pdf
DLX-0775,bracelets-buying-checklist,Bracelets Buying Checklist,Jewelry,Checklist,"Printable checklist of what to check before buying Bracelets: specs or fit, total cost, return policy, warranty and red flags. Fillable budget and notes fields.",2,5.99,https://buy.stripe.com/5kQbJ22bAfBu9oe65T5wI00?client_reference_id=bracelets-buying-checklist,bracelets-buying-checklist.pdf
DLX-0776,bracelets-price-tracker,Bracelets Price Tracker,Jewelry,Fillable PDF,"Fillable tracker to log Bracelets prices by retailer and date, with shipping, coupon and target-price columns so you can tell a real deal.",1,5.99,https://buy.stripe.com/5kQbJ22bAfBu9oe65T5wI00?client_reference_id=bracelets-price-tracker,bracelets-price-tracker.pdf
DLX-0777,bracelets-comparison-worksheet,Bracelets Comparison Worksheet,Jewelry,Fillable PDF,Side-by-side worksheet to compare up to four Bracelets options with a weighted scoring section.,1,5.99,https://buy.stripe.com/5kQbJ22bAfBu9oe65T5wI00?client_reference_id=bracelets-comparison-worksheet,bracelets-comparison-worksheet.pdf
DLX-0778,bracelets-budget-planner,Bracelets Budget Planner,Jewelry,Fillable PDF,"Set a spending cap for Bracelets, split must-haves from nice-to-haves and log what you actually spend.",1,5.99,https://buy.stripe.com/5kQbJ22bAfBu9oe65T5wI00?client_reference_id=bracelets-budget-planner,bracelets-budget-planner.pdf
DLX-0779,bracelets-is-this-a-real-deal-infographic,Bracelets: Is This a Real Deal? Infographic,Jewelry,Infographic,One-page visual decision guide for judging whether a discount on Bracelets is genuine.,1,5.99,https://buy.stripe.com/5kQbJ22bAfBu9oe65T5wI00?client_reference_id=bracelets-is-this-a-real-deal-infographic,bracelets-is-this-a-real-deal-infographic.pdf
DLX-0780,bracelets-return-warranty-tracker,Bracelets Return & Warranty Tracker,Jewelry,Fillable PDF,"Fillable log for Bracelets: purchase date, return-by date, warranty end date, proof saved and claim status, plus a protect-your-purchase checklist.",2,5.99,https://buy.stripe.com/5kQbJ22bAfBu9oe65T5wI00?client_reference_id=bracelets-return-warranty-tracker,bracelets-return-warranty-tracker.pdf
DLX-0781,bracelets-sale-timing-planner,Bracelets Sale Timing Planner,Jewelry,Fillable PDF,"Plan when to buy Bracelets: set a target price, log prices over time, note sale events and alerts, and choose a buy-by date.",2,5.99,https://buy.stripe.com/5kQbJ22bAfBu9oe65T5wI00?client_reference_id=bracelets-sale-timing-planner,bracelets-sale-timing-planner.pdf
DLX-0782,wedding-bands-buying-checklist,Wedding Bands Buying Checklist,Jewelry,Checklist,"Printable checklist of what to check before buying Wedding Bands: specs or fit, total cost, return policy, warranty and red flags. Fillable budget and notes fields.",2,5.99,https://buy.stripe.com/5kQbJ22bAfBu9oe65T5wI00?client_reference_id=wedding-bands-buying-checklist,wedding-bands-buying-checklist.pdf
DLX-0783,wedding-bands-price-tracker,Wedding Bands Price Tracker,Jewelry,Fillable PDF,"Fillable tracker to log Wedding Bands prices by retailer and date, with shipping, coupon and target-price columns so you can tell a real deal.",1,5.99,https://buy.stripe.com/5kQbJ22bAfBu9oe65T5wI00?client_reference_id=wedding-bands-price-tracker,wedding-bands-price-tracker.pdf
DLX-0784,wedding-bands-comparison-worksheet,Wedding Bands Comparison Worksheet,Jewelry,Fillable PDF,Side-by-side worksheet to compare up to four Wedding Bands options with a weighted scoring section.,1,5.99,https://buy.stripe.com/5kQbJ22bAfBu9oe65T5wI00?client_reference_id=wedding-bands-comparison-worksheet,wedding-bands-comparison-worksheet.pdf
DLX-0785,wedding-bands-budget-planner,Wedding Bands Budget Planner,Jewelry,Fillable PDF,"Set a spending cap for Wedding Bands, split must-haves from nice-to-haves and log what you actually spend.",1,5.99,https://buy.stripe.com/5kQbJ22bAfBu9oe65T5wI00?client_reference_id=wedding-bands-budget-planner,wedding-bands-budget-planner.pdf
DLX-0786,wedding-bands-is-this-a-real-deal-infographic,Wedding Bands: Is This a Real Deal? Infographic,Jewelry,Infographic,One-page visual decision guide for judging whether a discount on Wedding Bands is genuine.,1,5.99,https://buy.stripe.com/5kQbJ22bAfBu9oe65T5wI00?client_reference_id=wedding-bands-is-this-a-real-deal-infographic,wedding-bands-is-this-a-real-deal-infographic.pdf
DLX-0787,wedding-bands-return-warranty-tracker,Wedding Bands Return & Warranty Tracker,Jewelry,Fillable PDF,"Fillable log for Wedding Bands: purchase date, return-by date, warranty end date, proof saved and claim status, plus a protect-your-purchase checklist.",2,5.99,https://buy.stripe.com/5kQbJ22bAfBu9oe65T5wI00?client_reference_id=wedding-bands-return-warranty-tracker,wedding-bands-return-warranty-tracker.pdf
DLX-0788,wedding-bands-sale-timing-planner,Wedding Bands Sale Timing Planner,Jewelry,Fillable PDF,"Plan when to buy Wedding Bands: set a target price, log prices over time, note sale events and alerts, and choose a buy-by date.",2,5.99,https://buy.stripe.com/5kQbJ22bAfBu9oe65T5wI00?client_reference_id=wedding-bands-sale-timing-planner,wedding-bands-sale-timing-planner.pdf
DLX-0789,gold-silver-jewelry-buying-checklist,Gold & Silver Jewelry Buying Checklist,Jewelry,Checklist,"Printable checklist of what to check before buying Gold & Silver Jewelry: specs or fit, total cost, return policy, warranty and red flags. Fillable budget and notes fields.",2,5.99,https://buy.stripe.com/5kQbJ22bAfBu9oe65T5wI00?client_reference_id=gold-silver-jewelry-buying-checklist,gold-silver-jewelry-buying-checklist.pdf
DLX-0790,gold-silver-jewelry-price-tracker,Gold & Silver Jewelry Price Tracker,Jewelry,Fillable PDF,"Fillable tracker to log Gold & Silver Jewelry prices by retailer and date, with shipping, coupon and target-price columns so you can tell a real deal.",1,5.99,https://buy.stripe.com/5kQbJ22bAfBu9oe65T5wI00?client_reference_id=gold-silver-jewelry-price-tracker,gold-silver-jewelry-price-tracker.pdf
DLX-0791,gold-silver-jewelry-comparison-worksheet,Gold & Silver Jewelry Comparison Worksheet,Jewelry,Fillable PDF,Side-by-side worksheet to compare up to four Gold & Silver Jewelry options with a weighted scoring section.,1,5.99,https://buy.stripe.com/5kQbJ22bAfBu9oe65T5wI00?client_reference_id=gold-silver-jewelry-comparison-worksheet,gold-silver-jewelry-comparison-worksheet.pdf
DLX-0792,gold-silver-jewelry-budget-planner,Gold & Silver Jewelry Budget Planner,Jewelry,Fillable PDF,"Set a spending cap for Gold & Silver Jewelry, split must-haves from nice-to-haves and log what you actually spend.",1,5.99,https://buy.stripe.com/5kQbJ22bAfBu9oe65T5wI00?client_reference_id=gold-silver-jewelry-budget-planner,gold-silver-jewelry-budget-planner.pdf
DLX-0793,gold-silver-jewelry-is-this-a-real-deal-infographic,Gold & Silver Jewelry: Is This a Real Deal? Infographic,Jewelry,Infographic,One-page visual decision guide for judging whether a discount on Gold & Silver Jewelry is genuine.,1,5.99,https://buy.stripe.com/5kQbJ22bAfBu9oe65T5wI00?client_reference_id=gold-silver-jewelry-is-this-a-real-deal-infographic,gold-silver-jewelry-is-this-a-real-deal-infographic.pdf
DLX-0794,gold-silver-jewelry-return-warranty-tracker,Gold & Silver Jewelry Return & Warranty Tracker,Jewelry,Fillable PDF,"Fillable log for Gold & Silver Jewelry: purchase date, return-by date, warranty end date, proof saved and claim status, plus a protect-your-purchase checklist.",2,5.99,https://buy.stripe.com/5kQbJ22bAfBu9oe65T5wI00?client_reference_id=gold-silver-jewelry-return-warranty-tracker,gold-silver-jewelry-return-warranty-tracker.pdf
DLX-0795,gold-silver-jewelry-sale-timing-planner,Gold & Silver Jewelry Sale Timing Planner,Jewelry,Fillable PDF,"Plan when to buy Gold & Silver Jewelry: set a target price, log prices over time, note sale events and alerts, and choose a buy-by date.",2,5.99,https://buy.stripe.com/5kQbJ22bAfBu9oe65T5wI00?client_reference_id=gold-silver-jewelry-sale-timing-planner,gold-silver-jewelry-sale-timing-planner.pdf
DLX-0796,winter-coats-buying-checklist,Winter Coats Buying Checklist,Clothing,Checklist,"Printable checklist of what to check before buying Winter Coats: specs or fit, total cost, return policy, warranty and red flags. Fillable budget and notes fields.",2,5.99,https://buy.stripe.com/5kQbJ22bAfBu9oe65T5wI00?client_reference_id=winter-coats-buying-checklist,winter-coats-buying-checklist.pdf
DLX-0797,winter-coats-price-tracker,Winter Coats Price Tracker,Clothing,Fillable PDF,"Fillable tracker to log Winter Coats prices by retailer and date, with shipping, coupon and target-price columns so you can tell a real deal.",1,5.99,https://buy.stripe.com/5kQbJ22bAfBu9oe65T5wI00?client_reference_id=winter-coats-price-tracker,winter-coats-price-tracker.pdf
DLX-0798,winter-coats-comparison-worksheet,Winter Coats Comparison Worksheet,Clothing,Fillable PDF,Side-by-side worksheet to compare up to four Winter Coats options with a weighted scoring section.,1,5.99,https://buy.stripe.com/5kQbJ22bAfBu9oe65T5wI00?client_reference_id=winter-coats-comparison-worksheet,winter-coats-comparison-worksheet.pdf
DLX-0799,winter-coats-budget-planner,Winter Coats Budget Planner,Clothing,Fillable PDF,"Set a spending cap for Winter Coats, split must-haves from nice-to-haves and log what you actually spend.",1,5.99,https://buy.stripe.com/5kQbJ22bAfBu9oe65T5wI00?client_reference_id=winter-coats-budget-planner,winter-coats-budget-planner.pdf
DLX-0800,winter-coats-is-this-a-real-deal-infographic,Winter Coats: Is This a Real Deal? Infographic,Clothing,Infographic,One-page visual decision guide for judging whether a discount on Winter Coats is genuine.,1,5.99,https://buy.stripe.com/5kQbJ22bAfBu9oe65T5wI00?client_reference_id=winter-coats-is-this-a-real-deal-infographic,winter-coats-is-this-a-real-deal-infographic.pdf
DLX-0801,winter-coats-return-warranty-tracker,Winter Coats Return & Warranty Tracker,Clothing,Fillable PDF,"Fillable log for Winter Coats: purchase date, return-by date, warranty end date, proof saved and claim status, plus a protect-your-purchase checklist.",2,5.99,https://buy.stripe.com/5kQbJ22bAfBu9oe65T5wI00?client_reference_id=winter-coats-return-warranty-tracker,winter-coats-return-warranty-tracker.pdf
DLX-0802,winter-coats-sale-timing-planner,Winter Coats Sale Timing Planner,Clothing,Fillable PDF,"Plan when to buy Winter Coats: set a target price, log prices over time, note sale events and alerts, and choose a buy-by date.",2,5.99,https://buy.stripe.com/5kQbJ22bAfBu9oe65T5wI00?client_reference_id=winter-coats-sale-timing-planner,winter-coats-sale-timing-planner.pdf
DLX-0803,dresses-buying-checklist,Dresses Buying Checklist,Clothing,Checklist,"Printable checklist of what to check before buying Dresses: specs or fit, total cost, return policy, warranty and red flags. Fillable budget and notes fields.",2,5.99,https://buy.stripe.com/5kQbJ22bAfBu9oe65T5wI00?client_reference_id=dresses-buying-checklist,dresses-buying-checklist.pdf
DLX-0804,dresses-price-tracker,Dresses Price Tracker,Clothing,Fillable PDF,"Fillable tracker to log Dresses prices by retailer and date, with shipping, coupon and target-price columns so you can tell a real deal.",1,5.99,https://buy.stripe.com/5kQbJ22bAfBu9oe65T5wI00?client_reference_id=dresses-price-tracker,dresses-price-tracker.pdf
DLX-0805,dresses-comparison-worksheet,Dresses Comparison Worksheet,Clothing,Fillable PDF,Side-by-side worksheet to compare up to four Dresses options with a weighted scoring section.,1,5.99,https://buy.stripe.com/5kQbJ22bAfBu9oe65T5wI00?client_reference_id=dresses-comparison-worksheet,dresses-comparison-worksheet.pdf
DLX-0806,dresses-budget-planner,Dresses Budget Planner,Clothing,Fillable PDF,"Set a spending cap for Dresses, split must-haves from nice-to-haves and log what you actually spend.",1,5.99,https://buy.stripe.com/5kQbJ22bAfBu9oe65T5wI00?client_reference_id=dresses-budget-planner,dresses-budget-planner.pdf
DLX-0807,dresses-is-this-a-real-deal-infographic,Dresses: Is This a Real Deal? Infographic,Clothing,Infographic,One-page visual decision guide for judging whether a discount on Dresses is genuine.,1,5.99,https://buy.stripe.com/5kQbJ22bAfBu9oe65T5wI00?client_reference_id=dresses-is-this-a-real-deal-infographic,dresses-is-this-a-real-deal-infographic.pdf
DLX-0808,dresses-return-warranty-tracker,Dresses Return & Warranty Tracker,Clothing,Fillable PDF,"Fillable log for Dresses: purchase date, return-by date, warranty end date, proof saved and claim status, plus a protect-your-purchase checklist.",2,5.99,https://buy.stripe.com/5kQbJ22bAfBu9oe65T5wI00?client_reference_id=dresses-return-warranty-tracker,dresses-return-warranty-tracker.pdf
DLX-0809,dresses-sale-timing-planner,Dresses Sale Timing Planner,Clothing,Fillable PDF,"Plan when to buy Dresses: set a target price, log prices over time, note sale events and alerts, and choose a buy-by date.",2,5.99,https://buy.stripe.com/5kQbJ22bAfBu9oe65T5wI00?client_reference_id=dresses-sale-timing-planner,dresses-sale-timing-planner.pdf
DLX-0810,jeans-buying-checklist,Jeans Buying Checklist,Clothing,Checklist,"Printable checklist of what to check before buying Jeans: specs or fit, total cost, return policy, warranty and red flags. Fillable budget and notes fields.",2,5.99,https://buy.stripe.com/5kQbJ22bAfBu9oe65T5wI00?client_reference_id=jeans-buying-checklist,jeans-buying-checklist.pdf
DLX-0811,jeans-price-tracker,Jeans Price Tracker,Clothing,Fillable PDF,"Fillable tracker to log Jeans prices by retailer and date, with shipping, coupon and target-price columns so you can tell a real deal.",1,5.99,https://buy.stripe.com/5kQbJ22bAfBu9oe65T5wI00?client_reference_id=jeans-price-tracker,jeans-price-tracker.pdf
DLX-0812,jeans-comparison-worksheet,Jeans Comparison Worksheet,Clothing,Fillable PDF,Side-by-side worksheet to compare up to four Jeans options with a weighted scoring section.,1,5.99,https://buy.stripe.com/5kQbJ22bAfBu9oe65T5wI00?client_reference_id=jeans-comparison-worksheet,jeans-comparison-worksheet.pdf
DLX-0813,jeans-budget-planner,Jeans Budget Planner,Clothing,Fillable PDF,"Set a spending cap for Jeans, split must-haves from nice-to-haves and log what you actually spend.",1,5.99,https://buy.stripe.com/5kQbJ22bAfBu9oe65T5wI00?client_reference_id=jeans-budget-planner,jeans-budget-planner.pdf
DLX-0814,jeans-is-this-a-real-deal-infographic,Jeans: Is This a Real Deal? Infographic,Clothing,Infographic,One-page visual decision guide for judging whether a discount on Jeans is genuine.,1,5.99,https://buy.stripe.com/5kQbJ22bAfBu9oe65T5wI00?client_reference_id=jeans-is-this-a-real-deal-infographic,jeans-is-this-a-real-deal-infographic.pdf
DLX-0815,jeans-return-warranty-tracker,Jeans Return & Warranty Tracker,Clothing,Fillable PDF,"Fillable log for Jeans: purchase date, return-by date, warranty end date, proof saved and claim status, plus a protect-your-purchase checklist.",2,5.99,https://buy.stripe.com/5kQbJ22bAfBu9oe65T5wI00?client_reference_id=jeans-return-warranty-tracker,jeans-return-warranty-tracker.pdf
DLX-0816,jeans-sale-timing-planner,Jeans Sale Timing Planner,Clothing,Fillable PDF,"Plan when to buy Jeans: set a target price, log prices over time, note sale events and alerts, and choose a buy-by date.",2,5.99,https://buy.stripe.com/5kQbJ22bAfBu9oe65T5wI00?client_reference_id=jeans-sale-timing-planner,jeans-sale-timing-planner.pdf
DLX-0817,activewear-buying-checklist,Activewear Buying Checklist,Clothing,Checklist,"Printable checklist of what to check before buying Activewear: specs or fit, total cost, return policy, warranty and red flags. Fillable budget and notes fields.",2,5.99,https://buy.stripe.com/5kQbJ22bAfBu9oe65T5wI00?client_reference_id=activewear-buying-checklist,activewear-buying-checklist.pdf
DLX-0818,activewear-price-tracker,Activewear Price Tracker,Clothing,Fillable PDF,"Fillable tracker to log Activewear prices by retailer and date, with shipping, coupon and target-price columns so you can tell a real deal.",1,5.99,https://buy.stripe.com/5kQbJ22bAfBu9oe65T5wI00?client_reference_id=activewear-price-tracker,activewear-price-tracker.pdf
DLX-0819,activewear-comparison-worksheet,Activewear Comparison Worksheet,Clothing,Fillable PDF,Side-by-side worksheet to compare up to four Activewear options with a weighted scoring section.,1,5.99,https://buy.stripe.com/5kQbJ22bAfBu9oe65T5wI00?client_reference_id=activewear-comparison-worksheet,activewear-comparison-worksheet.pdf
DLX-0820,activewear-budget-planner,Activewear Budget Planner,Clothing,Fillable PDF,"Set a spending cap for Activewear, split must-haves from nice-to-haves and log what you actually spend.",1,5.99,https://buy.stripe.com/5kQbJ22bAfBu9oe65T5wI00?client_reference_id=activewear-budget-planner,activewear-budget-planner.pdf
DLX-0821,activewear-is-this-a-real-deal-infographic,Activewear: Is This a Real Deal? Infographic,Clothing,Infographic,One-page visual decision guide for judging whether a discount on Activewear is genuine.,1,5.99,https://buy.stripe.com/5kQbJ22bAfBu9oe65T5wI00?client_reference_id=activewear-is-this-a-real-deal-infographic,activewear-is-this-a-real-deal-infographic.pdf
DLX-0822,activewear-return-warranty-tracker,Activewear Return & Warranty Tracker,Clothing,Fillable PDF,"Fillable log for Activewear: purchase date, return-by date, warranty end date, proof saved and claim status, plus a protect-your-purchase checklist.",2,5.99,https://buy.stripe.com/5kQbJ22bAfBu9oe65T5wI00?client_reference_id=activewear-return-warranty-tracker,activewear-return-warranty-tracker.pdf
DLX-0823,activewear-sale-timing-planner,Activewear Sale Timing Planner,Clothing,Fillable PDF,"Plan when to buy Activewear: set a target price, log prices over time, note sale events and alerts, and choose a buy-by date.",2,5.99,https://buy.stripe.com/5kQbJ22bAfBu9oe65T5wI00?client_reference_id=activewear-sale-timing-planner,activewear-sale-timing-planner.pdf
DLX-0824,swimwear-buying-checklist,Swimwear Buying Checklist,Clothing,Checklist,"Printable checklist of what to check before buying Swimwear: specs or fit, total cost, return policy, warranty and red flags. Fillable budget and notes fields.",2,5.99,https://buy.stripe.com/5kQbJ22bAfBu9oe65T5wI00?client_reference_id=swimwear-buying-checklist,swimwear-buying-checklist.pdf
DLX-0825,swimwear-price-tracker,Swimwear Price Tracker,Clothing,Fillable PDF,"Fillable tracker to log Swimwear prices by retailer and date, with shipping, coupon and target-price columns so you can tell a real deal.",1,5.99,https://buy.stripe.com/5kQbJ22bAfBu9oe65T5wI00?client_reference_id=swimwear-price-tracker,swimwear-price-tracker.pdf
DLX-0826,swimwear-comparison-worksheet,Swimwear Comparison Worksheet,Clothing,Fillable PDF,Side-by-side worksheet to compare up to four Swimwear options with a weighted scoring section.,1,5.99,https://buy.stripe.com/5kQbJ22bAfBu9oe65T5wI00?client_reference_id=swimwear-comparison-worksheet,swimwear-comparison-worksheet.pdf
DLX-0827,swimwear-budget-planner,Swimwear Budget Planner,Clothing,Fillable PDF,"Set a spending cap for Swimwear, split must-haves from nice-to-haves and log what you actually spend.",1,5.99,https://buy.stripe.com/5kQbJ22bAfBu9oe65T5wI00?client_reference_id=swimwear-budget-planner,swimwear-budget-planner.pdf
DLX-0828,swimwear-is-this-a-real-deal-infographic,Swimwear: Is This a Real Deal? Infographic,Clothing,Infographic,One-page visual decision guide for judging whether a discount on Swimwear is genuine.,1,5.99,https://buy.stripe.com/5kQbJ22bAfBu9oe65T5wI00?client_reference_id=swimwear-is-this-a-real-deal-infographic,swimwear-is-this-a-real-deal-infographic.pdf
DLX-0829,swimwear-return-warranty-tracker,Swimwear Return & Warranty Tracker,Clothing,Fillable PDF,"Fillable log for Swimwear: purchase date, return-by date, warranty end date, proof saved and claim status, plus a protect-your-purchase checklist.",2,5.99,https://buy.stripe.com/5kQbJ22bAfBu9oe65T5wI00?client_reference_id=swimwear-return-warranty-tracker,swimwear-return-warranty-tracker.pdf
DLX-0830,swimwear-sale-timing-planner,Swimwear Sale Timing Planner,Clothing,Fillable PDF,"Plan when to buy Swimwear: set a target price, log prices over time, note sale events and alerts, and choose a buy-by date.",2,5.99,https://buy.stripe.com/5kQbJ22bAfBu9oe65T5wI00?client_reference_id=swimwear-sale-timing-planner,swimwear-sale-timing-planner.pdf
DLX-0831,workwear-buying-checklist,Workwear Buying Checklist,Clothing,Checklist,"Printable checklist of what to check before buying Workwear: specs or fit, total cost, return policy, warranty and red flags. Fillable budget and notes fields.",2,5.99,https://buy.stripe.com/5kQbJ22bAfBu9oe65T5wI00?client_reference_id=workwear-buying-checklist,workwear-buying-checklist.pdf
DLX-0832,workwear-price-tracker,Workwear Price Tracker,Clothing,Fillable PDF,"Fillable tracker to log Workwear prices by retailer and date, with shipping, coupon and target-price columns so you can tell a real deal.",1,5.99,https://buy.stripe.com/5kQbJ22bAfBu9oe65T5wI00?client_reference_id=workwear-price-tracker,workwear-price-tracker.pdf
DLX-0833,workwear-comparison-worksheet,Workwear Comparison Worksheet,Clothing,Fillable PDF,Side-by-side worksheet to compare up to four Workwear options with a weighted scoring section.,1,5.99,https://buy.stripe.com/5kQbJ22bAfBu9oe65T5wI00?client_reference_id=workwear-comparison-worksheet,workwear-comparison-worksheet.pdf
DLX-0834,workwear-budget-planner,Workwear Budget Planner,Clothing,Fillable PDF,"Set a spending cap for Workwear, split must-haves from nice-to-haves and log what you actually spend.",1,5.99,https://buy.stripe.com/5kQbJ22bAfBu9oe65T5wI00?client_reference_id=workwear-budget-planner,workwear-budget-planner.pdf
DLX-0835,workwear-is-this-a-real-deal-infographic,Workwear: Is This a Real Deal? Infographic,Clothing,Infographic,One-page visual decision guide for judging whether a discount on Workwear is genuine.,1,5.99,https://buy.stripe.com/5kQbJ22bAfBu9oe65T5wI00?client_reference_id=workwear-is-this-a-real-deal-infographic,workwear-is-this-a-real-deal-infographic.pdf
DLX-0836,workwear-return-warranty-tracker,Workwear Return & Warranty Tracker,Clothing,Fillable PDF,"Fillable log for Workwear: purchase date, return-by date, warranty end date, proof saved and claim status, plus a protect-your-purchase checklist.",2,5.99,https://buy.stripe.com/5kQbJ22bAfBu9oe65T5wI00?client_reference_id=workwear-return-warranty-tracker,workwear-return-warranty-tracker.pdf
DLX-0837,workwear-sale-timing-planner,Workwear Sale Timing Planner,Clothing,Fillable PDF,"Plan when to buy Workwear: set a target price, log prices over time, note sale events and alerts, and choose a buy-by date.",2,5.99,https://buy.stripe.com/5kQbJ22bAfBu9oe65T5wI00?client_reference_id=workwear-sale-timing-planner,workwear-sale-timing-planner.pdf
DLX-0838,loungewear-buying-checklist,Loungewear Buying Checklist,Clothing,Checklist,"Printable checklist of what to check before buying Loungewear: specs or fit, total cost, return policy, warranty and red flags. Fillable budget and notes fields.",2,5.99,https://buy.stripe.com/5kQbJ22bAfBu9oe65T5wI00?client_reference_id=loungewear-buying-checklist,loungewear-buying-checklist.pdf
DLX-0839,loungewear-price-tracker,Loungewear Price Tracker,Clothing,Fillable PDF,"Fillable tracker to log Loungewear prices by retailer and date, with shipping, coupon and target-price columns so you can tell a real deal.",1,5.99,https://buy.stripe.com/5kQbJ22bAfBu9oe65T5wI00?client_reference_id=loungewear-price-tracker,loungewear-price-tracker.pdf
DLX-0840,loungewear-comparison-worksheet,Loungewear Comparison Worksheet,Clothing,Fillable PDF,Side-by-side worksheet to compare up to four Loungewear options with a weighted scoring section.,1,5.99,https://buy.stripe.com/5kQbJ22bAfBu9oe65T5wI00?client_reference_id=loungewear-comparison-worksheet,loungewear-comparison-worksheet.pdf
DLX-0841,loungewear-budget-planner,Loungewear Budget Planner,Clothing,Fillable PDF,"Set a spending cap for Loungewear, split must-haves from nice-to-haves and log what you actually spend.",1,5.99,https://buy.stripe.com/5kQbJ22bAfBu9oe65T5wI00?client_reference_id=loungewear-budget-planner,loungewear-budget-planner.pdf
DLX-0842,loungewear-is-this-a-real-deal-infographic,Loungewear: Is This a Real Deal? Infographic,Clothing,Infographic,One-page visual decision guide for judging whether a discount on Loungewear is genuine.,1,5.99,https://buy.stripe.com/5kQbJ22bAfBu9oe65T5wI00?client_reference_id=loungewear-is-this-a-real-deal-infographic,loungewear-is-this-a-real-deal-infographic.pdf
DLX-0843,loungewear-return-warranty-tracker,Loungewear Return & Warranty Tracker,Clothing,Fillable PDF,"Fillable log for Loungewear: purchase date, return-by date, warranty end date, proof saved and claim status, plus a protect-your-purchase checklist.",2,5.99,https://buy.stripe.com/5kQbJ22bAfBu9oe65T5wI00?client_reference_id=loungewear-return-warranty-tracker,loungewear-return-warranty-tracker.pdf
DLX-0844,loungewear-sale-timing-planner,Loungewear Sale Timing Planner,Clothing,Fillable PDF,"Plan when to buy Loungewear: set a target price, log prices over time, note sale events and alerts, and choose a buy-by date.",2,5.99,https://buy.stripe.com/5kQbJ22bAfBu9oe65T5wI00?client_reference_id=loungewear-sale-timing-planner,loungewear-sale-timing-planner.pdf
DLX-0845,sweaters-knitwear-buying-checklist,Sweaters & Knitwear Buying Checklist,Clothing,Checklist,"Printable checklist of what to check before buying Sweaters & Knitwear: specs or fit, total cost, return policy, warranty and red flags. Fillable budget and notes fields.",2,5.99,https://buy.stripe.com/5kQbJ22bAfBu9oe65T5wI00?client_reference_id=sweaters-knitwear-buying-checklist,sweaters-knitwear-buying-checklist.pdf
DLX-0846,sweaters-knitwear-price-tracker,Sweaters & Knitwear Price Tracker,Clothing,Fillable PDF,"Fillable tracker to log Sweaters & Knitwear prices by retailer and date, with shipping, coupon and target-price columns so you can tell a real deal.",1,5.99,https://buy.stripe.com/5kQbJ22bAfBu9oe65T5wI00?client_reference_id=sweaters-knitwear-price-tracker,sweaters-knitwear-price-tracker.pdf
DLX-0847,sweaters-knitwear-comparison-worksheet,Sweaters & Knitwear Comparison Worksheet,Clothing,Fillable PDF,Side-by-side worksheet to compare up to four Sweaters & Knitwear options with a weighted scoring section.,1,5.99,https://buy.stripe.com/5kQbJ22bAfBu9oe65T5wI00?client_reference_id=sweaters-knitwear-comparison-worksheet,sweaters-knitwear-comparison-worksheet.pdf
DLX-0848,sweaters-knitwear-budget-planner,Sweaters & Knitwear Budget Planner,Clothing,Fillable PDF,"Set a spending cap for Sweaters & Knitwear, split must-haves from nice-to-haves and log what you actually spend.",1,5.99,https://buy.stripe.com/5kQbJ22bAfBu9oe65T5wI00?client_reference_id=sweaters-knitwear-budget-planner,sweaters-knitwear-budget-planner.pdf
DLX-0849,sweaters-knitwear-is-this-a-real-deal-infographic,Sweaters & Knitwear: Is This a Real Deal? Infographic,Clothing,Infographic,One-page visual decision guide for judging whether a discount on Sweaters & Knitwear is genuine.,1,5.99,https://buy.stripe.com/5kQbJ22bAfBu9oe65T5wI00?client_reference_id=sweaters-knitwear-is-this-a-real-deal-infographic,sweaters-knitwear-is-this-a-real-deal-infographic.pdf
DLX-0850,sweaters-knitwear-return-warranty-tracker,Sweaters & Knitwear Return & Warranty Tracker,Clothing,Fillable PDF,"Fillable log for Sweaters & Knitwear: purchase date, return-by date, warranty end date, proof saved and claim status, plus a protect-your-purchase checklist.",2,5.99,https://buy.stripe.com/5kQbJ22bAfBu9oe65T5wI00?client_reference_id=sweaters-knitwear-return-warranty-tracker,sweaters-knitwear-return-warranty-tracker.pdf
DLX-0851,sweaters-knitwear-sale-timing-planner,Sweaters & Knitwear Sale Timing Planner,Clothing,Fillable PDF,"Plan when to buy Sweaters & Knitwear: set a target price, log prices over time, note sale events and alerts, and choose a buy-by date.",2,5.99,https://buy.stripe.com/5kQbJ22bAfBu9oe65T5wI00?client_reference_id=sweaters-knitwear-sale-timing-planner,sweaters-knitwear-sale-timing-planner.pdf
DLX-0852,running-shoes-buying-checklist,Running Shoes Buying Checklist,"Shoes, Bags & Accessories",Checklist,"Printable checklist of what to check before buying Running Shoes: specs or fit, total cost, return policy, warranty and red flags. Fillable budget and notes fields.",2,5.99,https://buy.stripe.com/5kQbJ22bAfBu9oe65T5wI00?client_reference_id=running-shoes-buying-checklist,running-shoes-buying-checklist.pdf
DLX-0853,running-shoes-price-tracker,Running Shoes Price Tracker,"Shoes, Bags & Accessories",Fillable PDF,"Fillable tracker to log Running Shoes prices by retailer and date, with shipping, coupon and target-price columns so you can tell a real deal.",1,5.99,https://buy.stripe.com/5kQbJ22bAfBu9oe65T5wI00?client_reference_id=running-shoes-price-tracker,running-shoes-price-tracker.pdf
DLX-0854,running-shoes-comparison-worksheet,Running Shoes Comparison Worksheet,"Shoes, Bags & Accessories",Fillable PDF,Side-by-side worksheet to compare up to four Running Shoes options with a weighted scoring section.,1,5.99,https://buy.stripe.com/5kQbJ22bAfBu9oe65T5wI00?client_reference_id=running-shoes-comparison-worksheet,running-shoes-comparison-worksheet.pdf
DLX-0855,running-shoes-budget-planner,Running Shoes Budget Planner,"Shoes, Bags & Accessories",Fillable PDF,"Set a spending cap for Running Shoes, split must-haves from nice-to-haves and log what you actually spend.",1,5.99,https://buy.stripe.com/5kQbJ22bAfBu9oe65T5wI00?client_reference_id=running-shoes-budget-planner,running-shoes-budget-planner.pdf
DLX-0856,running-shoes-is-this-a-real-deal-infographic,Running Shoes: Is This a Real Deal? Infographic,"Shoes, Bags & Accessories",Infographic,One-page visual decision guide for judging whether a discount on Running Shoes is genuine.,1,5.99,https://buy.stripe.com/5kQbJ22bAfBu9oe65T5wI00?client_reference_id=running-shoes-is-this-a-real-deal-infographic,running-shoes-is-this-a-real-deal-infographic.pdf
DLX-0857,running-shoes-return-warranty-tracker,Running Shoes Return & Warranty Tracker,"Shoes, Bags & Accessories",Fillable PDF,"Fillable log for Running Shoes: purchase date, return-by date, warranty end date, proof saved and claim status, plus a protect-your-purchase checklist.",2,5.99,https://buy.stripe.com/5kQbJ22bAfBu9oe65T5wI00?client_reference_id=running-shoes-return-warranty-tracker,running-shoes-return-warranty-tracker.pdf
DLX-0858,running-shoes-sale-timing-planner,Running Shoes Sale Timing Planner,"Shoes, Bags & Accessories",Fillable PDF,"Plan when to buy Running Shoes: set a target price, log prices over time, note sale events and alerts, and choose a buy-by date.",2,5.99,https://buy.stripe.com/5kQbJ22bAfBu9oe65T5wI00?client_reference_id=running-shoes-sale-timing-planner,running-shoes-sale-timing-planner.pdf
DLX-0859,boots-buying-checklist,Boots Buying Checklist,"Shoes, Bags & Accessories",Checklist,"Printable checklist of what to check before buying Boots: specs or fit, total cost, return policy, warranty and red flags. Fillable budget and notes fields.",2,5.99,https://buy.stripe.com/5kQbJ22bAfBu9oe65T5wI00?client_reference_id=boots-buying-checklist,boots-buying-checklist.pdf
DLX-0860,boots-price-tracker,Boots Price Tracker,"Shoes, Bags & Accessories",Fillable PDF,"Fillable tracker to log Boots prices by retailer and date, with shipping, coupon and target-price columns so you can tell a real deal.",1,5.99,https://buy.stripe.com/5kQbJ22bAfBu9oe65T5wI00?client_reference_id=boots-price-tracker,boots-price-tracker.pdf
DLX-0861,boots-comparison-worksheet,Boots Comparison Worksheet,"Shoes, Bags & Accessories",Fillable PDF,Side-by-side worksheet to compare up to four Boots options with a weighted scoring section.,1,5.99,https://buy.stripe.com/5kQbJ22bAfBu9oe65T5wI00?client_reference_id=boots-comparison-worksheet,boots-comparison-worksheet.pdf
DLX-0862,boots-budget-planner,Boots Budget Planner,"Shoes, Bags & Accessories",Fillable PDF,"Set a spending cap for Boots, split must-haves from nice-to-haves and log what you actually spend.",1,5.99,https://buy.stripe.com/5kQbJ22bAfBu9oe65T5wI00?client_reference_id=boots-budget-planner,boots-budget-planner.pdf
DLX-0863,boots-is-this-a-real-deal-infographic,Boots: Is This a Real Deal? Infographic,"Shoes, Bags & Accessories",Infographic,One-page visual decision guide for judging whether a discount on Boots is genuine.,1,5.99,https://buy.stripe.com/5kQbJ22bAfBu9oe65T5wI00?client_reference_id=boots-is-this-a-real-deal-infographic,boots-is-this-a-real-deal-infographic.pdf
DLX-0864,boots-return-warranty-tracker,Boots Return & Warranty Tracker,"Shoes, Bags & Accessories",Fillable PDF,"Fillable log for Boots: purchase date, return-by date, warranty end date, proof saved and claim status, plus a protect-your-purchase checklist.",2,5.99,https://buy.stripe.com/5kQbJ22bAfBu9oe65T5wI00?client_reference_id=boots-return-warranty-tracker,boots-return-warranty-tracker.pdf
DLX-0865,boots-sale-timing-planner,Boots Sale Timing Planner,"Shoes, Bags & Accessories",Fillable PDF,"Plan when to buy Boots: set a target price, log prices over time, note sale events and alerts, and choose a buy-by date.",2,5.99,https://buy.stripe.com/5kQbJ22bAfBu9oe65T5wI00?client_reference_id=boots-sale-timing-planner,boots-sale-timing-planner.pdf
DLX-0866,handbags-buying-checklist,Handbags Buying Checklist,"Shoes, Bags & Accessories",Checklist,"Printable checklist of what to check before buying Handbags: specs or fit, total cost, return policy, warranty and red flags. Fillable budget and notes fields.",2,5.99,https://buy.stripe.com/5kQbJ22bAfBu9oe65T5wI00?client_reference_id=handbags-buying-checklist,handbags-buying-checklist.pdf
DLX-0867,handbags-price-tracker,Handbags Price Tracker,"Shoes, Bags & Accessories",Fillable PDF,"Fillable tracker to log Handbags prices by retailer and date, with shipping, coupon and target-price columns so you can tell a real deal.",1,5.99,https://buy.stripe.com/5kQbJ22bAfBu9oe65T5wI00?client_reference_id=handbags-price-tracker,handbags-price-tracker.pdf
DLX-0868,handbags-comparison-worksheet,Handbags Comparison Worksheet,"Shoes, Bags & Accessories",Fillable PDF,Side-by-side worksheet to compare up to four Handbags options with a weighted scoring section.,1,5.99,https://buy.stripe.com/5kQbJ22bAfBu9oe65T5wI00?client_reference_id=handbags-comparison-worksheet,handbags-comparison-worksheet.pdf
DLX-0869,handbags-budget-planner,Handbags Budget Planner,"Shoes, Bags & Accessories",Fillable PDF,"Set a spending cap for Handbags, split must-haves from nice-to-haves and log what you actually spend.",1,5.99,https://buy.stripe.com/5kQbJ22bAfBu9oe65T5wI00?client_reference_id=handbags-budget-planner,handbags-budget-planner.pdf
DLX-0870,handbags-is-this-a-real-deal-infographic,Handbags: Is This a Real Deal? Infographic,"Shoes, Bags & Accessories",Infographic,One-page visual decision guide for judging whether a discount on Handbags is genuine.,1,5.99,https://buy.stripe.com/5kQbJ22bAfBu9oe65T5wI00?client_reference_id=handbags-is-this-a-real-deal-infographic,handbags-is-this-a-real-deal-infographic.pdf
DLX-0871,handbags-return-warranty-tracker,Handbags Return & Warranty Tracker,"Shoes, Bags & Accessories",Fillable PDF,"Fillable log for Handbags: purchase date, return-by date, warranty end date, proof saved and claim status, plus a protect-your-purchase checklist.",2,5.99,https://buy.stripe.com/5kQbJ22bAfBu9oe65T5wI00?client_reference_id=handbags-return-warranty-tracker,handbags-return-warranty-tracker.pdf
DLX-0872,handbags-sale-timing-planner,Handbags Sale Timing Planner,"Shoes, Bags & Accessories",Fillable PDF,"Plan when to buy Handbags: set a target price, log prices over time, note sale events and alerts, and choose a buy-by date.",2,5.99,https://buy.stripe.com/5kQbJ22bAfBu9oe65T5wI00?client_reference_id=handbags-sale-timing-planner,handbags-sale-timing-planner.pdf
DLX-0873,backpacks-buying-checklist,Backpacks Buying Checklist,"Shoes, Bags & Accessories",Checklist,"Printable checklist of what to check before buying Backpacks: specs or fit, total cost, return policy, warranty and red flags. Fillable budget and notes fields.",2,5.99,https://buy.stripe.com/5kQbJ22bAfBu9oe65T5wI00?client_reference_id=backpacks-buying-checklist,backpacks-buying-checklist.pdf
DLX-0874,backpacks-price-tracker,Backpacks Price Tracker,"Shoes, Bags & Accessories",Fillable PDF,"Fillable tracker to log Backpacks prices by retailer and date, with shipping, coupon and target-price columns so you can tell a real deal.",1,5.99,https://buy.stripe.com/5kQbJ22bAfBu9oe65T5wI00?client_reference_id=backpacks-price-tracker,backpacks-price-tracker.pdf
DLX-0875,backpacks-comparison-worksheet,Backpacks Comparison Worksheet,"Shoes, Bags & Accessories",Fillable PDF,Side-by-side worksheet to compare up to four Backpacks options with a weighted scoring section.,1,5.99,https://buy.stripe.com/5kQbJ22bAfBu9oe65T5wI00?client_reference_id=backpacks-comparison-worksheet,backpacks-comparison-worksheet.pdf
DLX-0876,backpacks-budget-planner,Backpacks Budget Planner,"Shoes, Bags & Accessories",Fillable PDF,"Set a spending cap for Backpacks, split must-haves from nice-to-haves and log what you actually spend.",1,5.99,https://buy.stripe.com/5kQbJ22bAfBu9oe65T5wI00?client_reference_id=backpacks-budget-planner,backpacks-budget-planner.pdf
DLX-0877,backpacks-is-this-a-real-deal-infographic,Backpacks: Is This a Real Deal? Infographic,"Shoes, Bags & Accessories",Infographic,One-page visual decision guide for judging whether a discount on Backpacks is genuine.,1,5.99,https://buy.stripe.com/5kQbJ22bAfBu9oe65T5wI00?client_reference_id=backpacks-is-this-a-real-deal-infographic,backpacks-is-this-a-real-deal-infographic.pdf
DLX-0878,backpacks-return-warranty-tracker,Backpacks Return & Warranty Tracker,"Shoes, Bags & Accessories",Fillable PDF,"Fillable log for Backpacks: purchase date, return-by date, warranty end date, proof saved and claim status, plus a protect-your-purchase checklist.",2,5.99,https://buy.stripe.com/5kQbJ22bAfBu9oe65T5wI00?client_reference_id=backpacks-return-warranty-tracker,backpacks-return-warranty-tracker.pdf
DLX-0879,backpacks-sale-timing-planner,Backpacks Sale Timing Planner,"Shoes, Bags & Accessories",Fillable PDF,"Plan when to buy Backpacks: set a target price, log prices over time, note sale events and alerts, and choose a buy-by date.",2,5.99,https://buy.stripe.com/5kQbJ22bAfBu9oe65T5wI00?client_reference_id=backpacks-sale-timing-planner,backpacks-sale-timing-planner.pdf
DLX-0880,sunglasses-buying-checklist,Sunglasses Buying Checklist,"Shoes, Bags & Accessories",Checklist,"Printable checklist of what to check before buying Sunglasses: specs or fit, total cost, return policy, warranty and red flags. Fillable budget and notes fields.",2,5.99,https://buy.stripe.com/5kQbJ22bAfBu9oe65T5wI00?client_reference_id=sunglasses-buying-checklist,sunglasses-buying-checklist.pdf
DLX-0881,sunglasses-price-tracker,Sunglasses Price Tracker,"Shoes, Bags & Accessories",Fillable PDF,"Fillable tracker to log Sunglasses prices by retailer and date, with shipping, coupon and target-price columns so you can tell a real deal.",1,5.99,https://buy.stripe.com/5kQbJ22bAfBu9oe65T5wI00?client_reference_id=sunglasses-price-tracker,sunglasses-price-tracker.pdf
DLX-0882,sunglasses-comparison-worksheet,Sunglasses Comparison Worksheet,"Shoes, Bags & Accessories",Fillable PDF,Side-by-side worksheet to compare up to four Sunglasses options with a weighted scoring section.,1,5.99,https://buy.stripe.com/5kQbJ22bAfBu9oe65T5wI00?client_reference_id=sunglasses-comparison-worksheet,sunglasses-comparison-worksheet.pdf
DLX-0883,sunglasses-budget-planner,Sunglasses Budget Planner,"Shoes, Bags & Accessories",Fillable PDF,"Set a spending cap for Sunglasses, split must-haves from nice-to-haves and log what you actually spend.",1,5.99,https://buy.stripe.com/5kQbJ22bAfBu9oe65T5wI00?client_reference_id=sunglasses-budget-planner,sunglasses-budget-planner.pdf
DLX-0884,sunglasses-is-this-a-real-deal-infographic,Sunglasses: Is This a Real Deal? Infographic,"Shoes, Bags & Accessories",Infographic,One-page visual decision guide for judging whether a discount on Sunglasses is genuine.,1,5.99,https://buy.stripe.com/5kQbJ22bAfBu9oe65T5wI00?client_reference_id=sunglasses-is-this-a-real-deal-infographic,sunglasses-is-this-a-real-deal-infographic.pdf
DLX-0885,sunglasses-return-warranty-tracker,Sunglasses Return & Warranty Tracker,"Shoes, Bags & Accessories",Fillable PDF,"Fillable log for Sunglasses: purchase date, return-by date, warranty end date, proof saved and claim status, plus a protect-your-purchase checklist.",2,5.99,https://buy.stripe.com/5kQbJ22bAfBu9oe65T5wI00?client_reference_id=sunglasses-return-warranty-tracker,sunglasses-return-warranty-tracker.pdf
DLX-0886,sunglasses-sale-timing-planner,Sunglasses Sale Timing Planner,"Shoes, Bags & Accessories",Fillable PDF,"Plan when to buy Sunglasses: set a target price, log prices over time, note sale events and alerts, and choose a buy-by date.",2,5.99,https://buy.stripe.com/5kQbJ22bAfBu9oe65T5wI00?client_reference_id=sunglasses-sale-timing-planner,sunglasses-sale-timing-planner.pdf
DLX-0887,belts-wallets-buying-checklist,Belts & Wallets Buying Checklist,"Shoes, Bags & Accessories",Checklist,"Printable checklist of what to check before buying Belts & Wallets: specs or fit, total cost, return policy, warranty and red flags. Fillable budget and notes fields.",2,5.99,https://buy.stripe.com/5kQbJ22bAfBu9oe65T5wI00?client_reference_id=belts-wallets-buying-checklist,belts-wallets-buying-checklist.pdf
DLX-0888,belts-wallets-price-tracker,Belts & Wallets Price Tracker,"Shoes, Bags & Accessories",Fillable PDF,"Fillable tracker to log Belts & Wallets prices by retailer and date, with shipping, coupon and target-price columns so you can tell a real deal.",1,5.99,https://buy.stripe.com/5kQbJ22bAfBu9oe65T5wI00?client_reference_id=belts-wallets-price-tracker,belts-wallets-price-tracker.pdf
DLX-0889,belts-wallets-comparison-worksheet,Belts & Wallets Comparison Worksheet,"Shoes, Bags & Accessories",Fillable PDF,Side-by-side worksheet to compare up to four Belts & Wallets options with a weighted scoring section.,1,5.99,https://buy.stripe.com/5kQbJ22bAfBu9oe65T5wI00?client_reference_id=belts-wallets-comparison-worksheet,belts-wallets-comparison-worksheet.pdf
DLX-0890,belts-wallets-budget-planner,Belts & Wallets Budget Planner,"Shoes, Bags & Accessories",Fillable PDF,"Set a spending cap for Belts & Wallets, split must-haves from nice-to-haves and log what you actually spend.",1,5.99,https://buy.stripe.com/5kQbJ22bAfBu9oe65T5wI00?client_reference_id=belts-wallets-budget-planner,belts-wallets-budget-planner.pdf
DLX-0891,belts-wallets-is-this-a-real-deal-infographic,Belts & Wallets: Is This a Real Deal? Infographic,"Shoes, Bags & Accessories",Infographic,One-page visual decision guide for judging whether a discount on Belts & Wallets is genuine.,1,5.99,https://buy.stripe.com/5kQbJ22bAfBu9oe65T5wI00?client_reference_id=belts-wallets-is-this-a-real-deal-infographic,belts-wallets-is-this-a-real-deal-infographic.pdf
DLX-0892,belts-wallets-return-warranty-tracker,Belts & Wallets Return & Warranty Tracker,"Shoes, Bags & Accessories",Fillable PDF,"Fillable log for Belts & Wallets: purchase date, return-by date, warranty end date, proof saved and claim status, plus a protect-your-purchase checklist.",2,5.99,https://buy.stripe.com/5kQbJ22bAfBu9oe65T5wI00?client_reference_id=belts-wallets-return-warranty-tracker,belts-wallets-return-warranty-tracker.pdf
DLX-0893,belts-wallets-sale-timing-planner,Belts & Wallets Sale Timing Planner,"Shoes, Bags & Accessories",Fillable PDF,"Plan when to buy Belts & Wallets: set a target price, log prices over time, note sale events and alerts, and choose a buy-by date.",2,5.99,https://buy.stripe.com/5kQbJ22bAfBu9oe65T5wI00?client_reference_id=belts-wallets-sale-timing-planner,belts-wallets-sale-timing-planner.pdf
DLX-0894,luggage-buying-checklist,Luggage Buying Checklist,"Shoes, Bags & Accessories",Checklist,"Printable checklist of what to check before buying Luggage: specs or fit, total cost, return policy, warranty and red flags. Fillable budget and notes fields.",2,5.99,https://buy.stripe.com/5kQbJ22bAfBu9oe65T5wI00?client_reference_id=luggage-buying-checklist,luggage-buying-checklist.pdf
DLX-0895,luggage-price-tracker,Luggage Price Tracker,"Shoes, Bags & Accessories",Fillable PDF,"Fillable tracker to log Luggage prices by retailer and date, with shipping, coupon and target-price columns so you can tell a real deal.",1,5.99,https://buy.stripe.com/5kQbJ22bAfBu9oe65T5wI00?client_reference_id=luggage-price-tracker,luggage-price-tracker.pdf
DLX-0896,luggage-comparison-worksheet,Luggage Comparison Worksheet,"Shoes, Bags & Accessories",Fillable PDF,Side-by-side worksheet to compare up to four Luggage options with a weighted scoring section.,1,5.99,https://buy.stripe.com/5kQbJ22bAfBu9oe65T5wI00?client_reference_id=luggage-comparison-worksheet,luggage-comparison-worksheet.pdf
DLX-0897,luggage-budget-planner,Luggage Budget Planner,"Shoes, Bags & Accessories",Fillable PDF,"Set a spending cap for Luggage, split must-haves from nice-to-haves and log what you actually spend.",1,5.99,https://buy.stripe.com/5kQbJ22bAfBu9oe65T5wI00?client_reference_id=luggage-budget-planner,luggage-budget-planner.pdf
DLX-0898,luggage-is-this-a-real-deal-infographic,Luggage: Is This a Real Deal? Infographic,"Shoes, Bags & Accessories",Infographic,One-page visual decision guide for judging whether a discount on Luggage is genuine.,1,5.99,https://buy.stripe.com/5kQbJ22bAfBu9oe65T5wI00?client_reference_id=luggage-is-this-a-real-deal-infographic,luggage-is-this-a-real-deal-infographic.pdf
DLX-0899,luggage-return-warranty-tracker,Luggage Return & Warranty Tracker,"Shoes, Bags & Accessories",Fillable PDF,"Fillable log for Luggage: purchase date, return-by date, warranty end date, proof saved and claim status, plus a protect-your-purchase checklist.",2,5.99,https://buy.stripe.com/5kQbJ22bAfBu9oe65T5wI00?client_reference_id=luggage-return-warranty-tracker,luggage-return-warranty-tracker.pdf
DLX-0900,luggage-sale-timing-planner,Luggage Sale Timing Planner,"Shoes, Bags & Accessories",Fillable PDF,"Plan when to buy Luggage: set a target price, log prices over time, note sale events and alerts, and choose a buy-by date.",2,5.99,https://buy.stripe.com/5kQbJ22bAfBu9oe65T5wI00?client_reference_id=luggage-sale-timing-planner,luggage-sale-timing-planner.pdf
DLX-0901,sandals-buying-checklist,Sandals Buying Checklist,"Shoes, Bags & Accessories",Checklist,"Printable checklist of what to check before buying Sandals: specs or fit, total cost, return policy, warranty and red flags. Fillable budget and notes fields.",2,5.99,https://buy.stripe.com/5kQbJ22bAfBu9oe65T5wI00?client_reference_id=sandals-buying-checklist,sandals-buying-checklist.pdf
DLX-0902,sandals-price-tracker,Sandals Price Tracker,"Shoes, Bags & Accessories",Fillable PDF,"Fillable tracker to log Sandals prices by retailer and date, with shipping, coupon and target-price columns so you can tell a real deal.",1,5.99,https://buy.stripe.com/5kQbJ22bAfBu9oe65T5wI00?client_reference_id=sandals-price-tracker,sandals-price-tracker.pdf
DLX-0903,sandals-comparison-worksheet,Sandals Comparison Worksheet,"Shoes, Bags & Accessories",Fillable PDF,Side-by-side worksheet to compare up to four Sandals options with a weighted scoring section.,1,5.99,https://buy.stripe.com/5kQbJ22bAfBu9oe65T5wI00?client_reference_id=sandals-comparison-worksheet,sandals-comparison-worksheet.pdf
DLX-0904,sandals-budget-planner,Sandals Budget Planner,"Shoes, Bags & Accessories",Fillable PDF,"Set a spending cap for Sandals, split must-haves from nice-to-haves and log what you actually spend.",1,5.99,https://buy.stripe.com/5kQbJ22bAfBu9oe65T5wI00?client_reference_id=sandals-budget-planner,sandals-budget-planner.pdf
DLX-0905,sandals-is-this-a-real-deal-infographic,Sandals: Is This a Real Deal? Infographic,"Shoes, Bags & Accessories",Infographic,One-page visual decision guide for judging whether a discount on Sandals is genuine.,1,5.99,https://buy.stripe.com/5kQbJ22bAfBu9oe65T5wI00?client_reference_id=sandals-is-this-a-real-deal-infographic,sandals-is-this-a-real-deal-infographic.pdf
DLX-0906,sandals-return-warranty-tracker,Sandals Return & Warranty Tracker,"Shoes, Bags & Accessories",Fillable PDF,"Fillable log for Sandals: purchase date, return-by date, warranty end date, proof saved and claim status, plus a protect-your-purchase checklist.",2,5.99,https://buy.stripe.com/5kQbJ22bAfBu9oe65T5wI00?client_reference_id=sandals-return-warranty-tracker,sandals-return-warranty-tracker.pdf
DLX-0907,sandals-sale-timing-planner,Sandals Sale Timing Planner,"Shoes, Bags & Accessories",Fillable PDF,"Plan when to buy Sandals: set a target price, log prices over time, note sale events and alerts, and choose a buy-by date.",2,5.99,https://buy.stripe.com/5kQbJ22bAfBu9oe65T5wI00?client_reference_id=sandals-sale-timing-planner,sandals-sale-timing-planner.pdf
DLX-0908,hair-dryers-styling-tools-buying-checklist,Hair Dryers & Styling Tools Buying Checklist,Hair & Beauty,Checklist,"Printable checklist of what to check before buying Hair Dryers & Styling Tools: specs or fit, total cost, return policy, warranty and red flags. Fillable budget and notes fields.",2,5.99,https://buy.stripe.com/5kQbJ22bAfBu9oe65T5wI00?client_reference_id=hair-dryers-styling-tools-buying-checklist,hair-dryers-styling-tools-buying-checklist.pdf
DLX-0909,hair-dryers-styling-tools-price-tracker,Hair Dryers & Styling Tools Price Tracker,Hair & Beauty,Fillable PDF,"Fillable tracker to log Hair Dryers & Styling Tools prices by retailer and date, with shipping, coupon and target-price columns so you can tell a real deal.",1,5.99,https://buy.stripe.com/5kQbJ22bAfBu9oe65T5wI00?client_reference_id=hair-dryers-styling-tools-price-tracker,hair-dryers-styling-tools-price-tracker.pdf
DLX-0910,hair-dryers-styling-tools-comparison-worksheet,Hair Dryers & Styling Tools Comparison Worksheet,Hair & Beauty,Fillable PDF,Side-by-side worksheet to compare up to four Hair Dryers & Styling Tools options with a weighted scoring section.,1,5.99,https://buy.stripe.com/5kQbJ22bAfBu9oe65T5wI00?client_reference_id=hair-dryers-styling-tools-comparison-worksheet,hair-dryers-styling-tools-comparison-worksheet.pdf
DLX-0911,hair-dryers-styling-tools-budget-planner,Hair Dryers & Styling Tools Budget Planner,Hair & Beauty,Fillable PDF,"Set a spending cap for Hair Dryers & Styling Tools, split must-haves from nice-to-haves and log what you actually spend.",1,5.99,https://buy.stripe.com/5kQbJ22bAfBu9oe65T5wI00?client_reference_id=hair-dryers-styling-tools-budget-planner,hair-dryers-styling-tools-budget-planner.pdf
DLX-0912,hair-dryers-styling-tools-is-this-a-real-deal-infographic,Hair Dryers & Styling Tools: Is This a Real Deal? Infographic,Hair & Beauty,Infographic,One-page visual decision guide for judging whether a discount on Hair Dryers & Styling Tools is genuine.,1,5.99,https://buy.stripe.com/5kQbJ22bAfBu9oe65T5wI00?client_reference_id=hair-dryers-styling-tools-is-this-a-real-deal-infographic,hair-dryers-styling-tools-is-this-a-real-deal-infographic.pdf
DLX-0913,hair-dryers-styling-tools-return-warranty-tracker,Hair Dryers & Styling Tools Return & Warranty Tracker,Hair & Beauty,Fillable PDF,"Fillable log for Hair Dryers & Styling Tools: purchase date, return-by date, warranty end date, proof saved and claim status, plus a protect-your-purchase checklist.",2,5.99,https://buy.stripe.com/5kQbJ22bAfBu9oe65T5wI00?client_reference_id=hair-dryers-styling-tools-return-warranty-tracker,hair-dryers-styling-tools-return-warranty-tracker.pdf
DLX-0914,hair-dryers-styling-tools-sale-timing-planner,Hair Dryers & Styling Tools Sale Timing Planner,Hair & Beauty,Fillable PDF,"Plan when to buy Hair Dryers & Styling Tools: set a target price, log prices over time, note sale events and alerts, and choose a buy-by date.",2,5.99,https://buy.stripe.com/5kQbJ22bAfBu9oe65T5wI00?client_reference_id=hair-dryers-styling-tools-sale-timing-planner,hair-dryers-styling-tools-sale-timing-planner.pdf
DLX-0915,skincare-buying-checklist,Skincare Buying Checklist,Hair & Beauty,Checklist,"Printable checklist of what to check before buying Skincare: specs or fit, total cost, return policy, warranty and red flags. Fillable budget and notes fields.",2,5.99,https://buy.stripe.com/5kQbJ22bAfBu9oe65T5wI00?client_reference_id=skincare-buying-checklist,skincare-buying-checklist.pdf
DLX-0916,skincare-price-tracker,Skincare Price Tracker,Hair & Beauty,Fillable PDF,"Fillable tracker to log Skincare prices by retailer and date, with shipping, coupon and target-price columns so you can tell a real deal.",1,5.99,https://buy.stripe.com/5kQbJ22bAfBu9oe65T5wI00?client_reference_id=skincare-price-tracker,skincare-price-tracker.pdf
DLX-0917,skincare-comparison-worksheet,Skincare Comparison Worksheet,Hair & Beauty,Fillable PDF,Side-by-side worksheet to compare up to four Skincare options with a weighted scoring section.,1,5.99,https://buy.stripe.com/5kQbJ22bAfBu9oe65T5wI00?client_reference_id=skincare-comparison-worksheet,skincare-comparison-worksheet.pdf
DLX-0918,skincare-budget-planner,Skincare Budget Planner,Hair & Beauty,Fillable PDF,"Set a spending cap for Skincare, split must-haves from nice-to-haves and log what you actually spend.",1,5.99,https://buy.stripe.com/5kQbJ22bAfBu9oe65T5wI00?client_reference_id=skincare-budget-planner,skincare-budget-planner.pdf
DLX-0919,skincare-is-this-a-real-deal-infographic,Skincare: Is This a Real Deal? Infographic,Hair & Beauty,Infographic,One-page visual decision guide for judging whether a discount on Skincare is genuine.,1,5.99,https://buy.stripe.com/5kQbJ22bAfBu9oe65T5wI00?client_reference_id=skincare-is-this-a-real-deal-infographic,skincare-is-this-a-real-deal-infographic.pdf
DLX-0920,skincare-return-warranty-tracker,Skincare Return & Warranty Tracker,Hair & Beauty,Fillable PDF,"Fillable log for Skincare: purchase date, return-by date, warranty end date, proof saved and claim status, plus a protect-your-purchase checklist.",2,5.99,https://buy.stripe.com/5kQbJ22bAfBu9oe65T5wI00?client_reference_id=skincare-return-warranty-tracker,skincare-return-warranty-tracker.pdf
DLX-0921,skincare-sale-timing-planner,Skincare Sale Timing Planner,Hair & Beauty,Fillable PDF,"Plan when to buy Skincare: set a target price, log prices over time, note sale events and alerts, and choose a buy-by date.",2,5.99,https://buy.stripe.com/5kQbJ22bAfBu9oe65T5wI00?client_reference_id=skincare-sale-timing-planner,skincare-sale-timing-planner.pdf
DLX-0922,makeup-buying-checklist,Makeup Buying Checklist,Hair & Beauty,Checklist,"Printable checklist of what to check before buying Makeup: specs or fit, total cost, return policy, warranty and red flags. Fillable budget and notes fields.",2,5.99,https://buy.stripe.com/5kQbJ22bAfBu9oe65T5wI00?client_reference_id=makeup-buying-checklist,makeup-buying-checklist.pdf
DLX-0923,makeup-price-tracker,Makeup Price Tracker,Hair & Beauty,Fillable PDF,"Fillable tracker to log Makeup prices by retailer and date, with shipping, coupon and target-price columns so you can tell a real deal.",1,5.99,https://buy.stripe.com/5kQbJ22bAfBu9oe65T5wI00?client_reference_id=makeup-price-tracker,makeup-price-tracker.pdf
DLX-0924,makeup-comparison-worksheet,Makeup Comparison Worksheet,Hair & Beauty,Fillable PDF,Side-by-side worksheet to compare up to four Makeup options with a weighted scoring section.,1,5.99,https://buy.stripe.com/5kQbJ22bAfBu9oe65T5wI00?client_reference_id=makeup-comparison-worksheet,makeup-comparison-worksheet.pdf
DLX-0925,makeup-budget-planner,Makeup Budget Planner,Hair & Beauty,Fillable PDF,"Set a spending cap for Makeup, split must-haves from nice-to-haves and log what you actually spend.",1,5.99,https://buy.stripe.com/5kQbJ22bAfBu9oe65T5wI00?client_reference_id=makeup-budget-planner,makeup-budget-planner.pdf
DLX-0926,makeup-is-this-a-real-deal-infographic,Makeup: Is This a Real Deal? Infographic,Hair & Beauty,Infographic,One-page visual decision guide for judging whether a discount on Makeup is genuine.,1,5.99,https://buy.stripe.com/5kQbJ22bAfBu9oe65T5wI00?client_reference_id=makeup-is-this-a-real-deal-infographic,makeup-is-this-a-real-deal-infographic.pdf
DLX-0927,makeup-return-warranty-tracker,Makeup Return & Warranty Tracker,Hair & Beauty,Fillable PDF,"Fillable log for Makeup: purchase date, return-by date, warranty end date, proof saved and claim status, plus a protect-your-purchase checklist.",2,5.99,https://buy.stripe.com/5kQbJ22bAfBu9oe65T5wI00?client_reference_id=makeup-return-warranty-tracker,makeup-return-warranty-tracker.pdf
DLX-0928,makeup-sale-timing-planner,Makeup Sale Timing Planner,Hair & Beauty,Fillable PDF,"Plan when to buy Makeup: set a target price, log prices over time, note sale events and alerts, and choose a buy-by date.",2,5.99,https://buy.stripe.com/5kQbJ22bAfBu9oe65T5wI00?client_reference_id=makeup-sale-timing-planner,makeup-sale-timing-planner.pdf
DLX-0929,fragrance-buying-checklist,Fragrance Buying Checklist,Hair & Beauty,Checklist,"Printable checklist of what to check before buying Fragrance: specs or fit, total cost, return policy, warranty and red flags. Fillable budget and notes fields.",2,5.99,https://buy.stripe.com/5kQbJ22bAfBu9oe65T5wI00?client_reference_id=fragrance-buying-checklist,fragrance-buying-checklist.pdf
DLX-0930,fragrance-price-tracker,Fragrance Price Tracker,Hair & Beauty,Fillable PDF,"Fillable tracker to log Fragrance prices by retailer and date, with shipping, coupon and target-price columns so you can tell a real deal.",1,5.99,https://buy.stripe.com/5kQbJ22bAfBu9oe65T5wI00?client_reference_id=fragrance-price-tracker,fragrance-price-tracker.pdf
DLX-0931,fragrance-comparison-worksheet,Fragrance Comparison Worksheet,Hair & Beauty,Fillable PDF,Side-by-side worksheet to compare up to four Fragrance options with a weighted scoring section.,1,5.99,https://buy.stripe.com/5kQbJ22bAfBu9oe65T5wI00?client_reference_id=fragrance-comparison-worksheet,fragrance-comparison-worksheet.pdf
DLX-0932,fragrance-budget-planner,Fragrance Budget Planner,Hair & Beauty,Fillable PDF,"Set a spending cap for Fragrance, split must-haves from nice-to-haves and log what you actually spend.",1,5.99,https://buy.stripe.com/5kQbJ22bAfBu9oe65T5wI00?client_reference_id=fragrance-budget-planner,fragrance-budget-planner.pdf
DLX-0933,fragrance-is-this-a-real-deal-infographic,Fragrance: Is This a Real Deal? Infographic,Hair & Beauty,Infographic,One-page visual decision guide for judging whether a discount on Fragrance is genuine.,1,5.99,https://buy.stripe.com/5kQbJ22bAfBu9oe65T5wI00?client_reference_id=fragrance-is-this-a-real-deal-infographic,fragrance-is-this-a-real-deal-infographic.pdf
DLX-0934,fragrance-return-warranty-tracker,Fragrance Return & Warranty Tracker,Hair & Beauty,Fillable PDF,"Fillable log for Fragrance: purchase date, return-by date, warranty end date, proof saved and claim status, plus a protect-your-purchase checklist.",2,5.99,https://buy.stripe.com/5kQbJ22bAfBu9oe65T5wI00?client_reference_id=fragrance-return-warranty-tracker,fragrance-return-warranty-tracker.pdf
DLX-0935,fragrance-sale-timing-planner,Fragrance Sale Timing Planner,Hair & Beauty,Fillable PDF,"Plan when to buy Fragrance: set a target price, log prices over time, note sale events and alerts, and choose a buy-by date.",2,5.99,https://buy.stripe.com/5kQbJ22bAfBu9oe65T5wI00?client_reference_id=fragrance-sale-timing-planner,fragrance-sale-timing-planner.pdf
DLX-0936,nail-care-buying-checklist,Nail Care Buying Checklist,Hair & Beauty,Checklist,"Printable checklist of what to check before buying Nail Care: specs or fit, total cost, return policy, warranty and red flags. Fillable budget and notes fields.",2,5.99,https://buy.stripe.com/5kQbJ22bAfBu9oe65T5wI00?client_reference_id=nail-care-buying-checklist,nail-care-buying-checklist.pdf
DLX-0937,nail-care-price-tracker,Nail Care Price Tracker,Hair & Beauty,Fillable PDF,"Fillable tracker to log Nail Care prices by retailer and date, with shipping, coupon and target-price columns so you can tell a real deal.",1,5.99,https://buy.stripe.com/5kQbJ22bAfBu9oe65T5wI00?client_reference_id=nail-care-price-tracker,nail-care-price-tracker.pdf
DLX-0938,nail-care-comparison-worksheet,Nail Care Comparison Worksheet,Hair & Beauty,Fillable PDF,Side-by-side worksheet to compare up to four Nail Care options with a weighted scoring section.,1,5.99,https://buy.stripe.com/5kQbJ22bAfBu9oe65T5wI00?client_reference_id=nail-care-comparison-worksheet,nail-care-comparison-worksheet.pdf
DLX-0939,nail-care-budget-planner,Nail Care Budget Planner,Hair & Beauty,Fillable PDF,"Set a spending cap for Nail Care, split must-haves from nice-to-haves and log what you actually spend.",1,5.99,https://buy.stripe.com/5kQbJ22bAfBu9oe65T5wI00?client_reference_id=nail-care-budget-planner,nail-care-budget-planner.pdf
DLX-0940,nail-care-is-this-a-real-deal-infographic,Nail Care: Is This a Real Deal? Infographic,Hair & Beauty,Infographic,One-page visual decision guide for judging whether a discount on Nail Care is genuine.,1,5.99,https://buy.stripe.com/5kQbJ22bAfBu9oe65T5wI00?client_reference_id=nail-care-is-this-a-real-deal-infographic,nail-care-is-this-a-real-deal-infographic.pdf
DLX-0941,nail-care-return-warranty-tracker,Nail Care Return & Warranty Tracker,Hair & Beauty,Fillable PDF,"Fillable log for Nail Care: purchase date, return-by date, warranty end date, proof saved and claim status, plus a protect-your-purchase checklist.",2,5.99,https://buy.stripe.com/5kQbJ22bAfBu9oe65T5wI00?client_reference_id=nail-care-return-warranty-tracker,nail-care-return-warranty-tracker.pdf
DLX-0942,nail-care-sale-timing-planner,Nail Care Sale Timing Planner,Hair & Beauty,Fillable PDF,"Plan when to buy Nail Care: set a target price, log prices over time, note sale events and alerts, and choose a buy-by date.",2,5.99,https://buy.stripe.com/5kQbJ22bAfBu9oe65T5wI00?client_reference_id=nail-care-sale-timing-planner,nail-care-sale-timing-planner.pdf
DLX-0943,beard-grooming-kits-buying-checklist,Beard & Grooming Kits Buying Checklist,Hair & Beauty,Checklist,"Printable checklist of what to check before buying Beard & Grooming Kits: specs or fit, total cost, return policy, warranty and red flags. Fillable budget and notes fields.",2,5.99,https://buy.stripe.com/5kQbJ22bAfBu9oe65T5wI00?client_reference_id=beard-grooming-kits-buying-checklist,beard-grooming-kits-buying-checklist.pdf
DLX-0944,beard-grooming-kits-price-tracker,Beard & Grooming Kits Price Tracker,Hair & Beauty,Fillable PDF,"Fillable tracker to log Beard & Grooming Kits prices by retailer and date, with shipping, coupon and target-price columns so you can tell a real deal.",1,5.99,https://buy.stripe.com/5kQbJ22bAfBu9oe65T5wI00?client_reference_id=beard-grooming-kits-price-tracker,beard-grooming-kits-price-tracker.pdf
DLX-0945,beard-grooming-kits-comparison-worksheet,Beard & Grooming Kits Comparison Worksheet,Hair & Beauty,Fillable PDF,Side-by-side worksheet to compare up to four Beard & Grooming Kits options with a weighted scoring section.,1,5.99,https://buy.stripe.com/5kQbJ22bAfBu9oe65T5wI00?client_reference_id=beard-grooming-kits-comparison-worksheet,beard-grooming-kits-comparison-worksheet.pdf
DLX-0946,beard-grooming-kits-budget-planner,Beard & Grooming Kits Budget Planner,Hair & Beauty,Fillable PDF,"Set a spending cap for Beard & Grooming Kits, split must-haves from nice-to-haves and log what you actually spend.",1,5.99,https://buy.stripe.com/5kQbJ22bAfBu9oe65T5wI00?client_reference_id=beard-grooming-kits-budget-planner,beard-grooming-kits-budget-planner.pdf
DLX-0947,beard-grooming-kits-is-this-a-real-deal-infographic,Beard & Grooming Kits: Is This a Real Deal? Infographic,Hair & Beauty,Infographic,One-page visual decision guide for judging whether a discount on Beard & Grooming Kits is genuine.,1,5.99,https://buy.stripe.com/5kQbJ22bAfBu9oe65T5wI00?client_reference_id=beard-grooming-kits-is-this-a-real-deal-infographic,beard-grooming-kits-is-this-a-real-deal-infographic.pdf
DLX-0948,beard-grooming-kits-return-warranty-tracker,Beard & Grooming Kits Return & Warranty Tracker,Hair & Beauty,Fillable PDF,"Fillable log for Beard & Grooming Kits: purchase date, return-by date, warranty end date, proof saved and claim status, plus a protect-your-purchase checklist.",2,5.99,https://buy.stripe.com/5kQbJ22bAfBu9oe65T5wI00?client_reference_id=beard-grooming-kits-return-warranty-tracker,beard-grooming-kits-return-warranty-tracker.pdf
DLX-0949,beard-grooming-kits-sale-timing-planner,Beard & Grooming Kits Sale Timing Planner,Hair & Beauty,Fillable PDF,"Plan when to buy Beard & Grooming Kits: set a target price, log prices over time, note sale events and alerts, and choose a buy-by date.",2,5.99,https://buy.stripe.com/5kQbJ22bAfBu9oe65T5wI00?client_reference_id=beard-grooming-kits-sale-timing-planner,beard-grooming-kits-sale-timing-planner.pdf
DLX-0950,hair-care-products-buying-checklist,Hair Care Products Buying Checklist,Hair & Beauty,Checklist,"Printable checklist of what to check before buying Hair Care Products: specs or fit, total cost, return policy, warranty and red flags. Fillable budget and notes fields.",2,5.99,https://buy.stripe.com/5kQbJ22bAfBu9oe65T5wI00?client_reference_id=hair-care-products-buying-checklist,hair-care-products-buying-checklist.pdf
DLX-0951,hair-care-products-price-tracker,Hair Care Products Price Tracker,Hair & Beauty,Fillable PDF,"Fillable tracker to log Hair Care Products prices by retailer and date, with shipping, coupon and target-price columns so you can tell a real deal.",1,5.99,https://buy.stripe.com/5kQbJ22bAfBu9oe65T5wI00?client_reference_id=hair-care-products-price-tracker,hair-care-products-price-tracker.pdf
DLX-0952,hair-care-products-comparison-worksheet,Hair Care Products Comparison Worksheet,Hair & Beauty,Fillable PDF,Side-by-side worksheet to compare up to four Hair Care Products options with a weighted scoring section.,1,5.99,https://buy.stripe.com/5kQbJ22bAfBu9oe65T5wI00?client_reference_id=hair-care-products-comparison-worksheet,hair-care-products-comparison-worksheet.pdf
DLX-0953,hair-care-products-budget-planner,Hair Care Products Budget Planner,Hair & Beauty,Fillable PDF,"Set a spending cap for Hair Care Products, split must-haves from nice-to-haves and log what you actually spend.",1,5.99,https://buy.stripe.com/5kQbJ22bAfBu9oe65T5wI00?client_reference_id=hair-care-products-budget-planner,hair-care-products-budget-planner.pdf
DLX-0954,hair-care-products-is-this-a-real-deal-infographic,Hair Care Products: Is This a Real Deal? Infographic,Hair & Beauty,Infographic,One-page visual decision guide for judging whether a discount on Hair Care Products is genuine.,1,5.99,https://buy.stripe.com/5kQbJ22bAfBu9oe65T5wI00?client_reference_id=hair-care-products-is-this-a-real-deal-infographic,hair-care-products-is-this-a-real-deal-infographic.pdf
DLX-0955,hair-care-products-return-warranty-tracker,Hair Care Products Return & Warranty Tracker,Hair & Beauty,Fillable PDF,"Fillable log for Hair Care Products: purchase date, return-by date, warranty end date, proof saved and claim status, plus a protect-your-purchase checklist.",2,5.99,https://buy.stripe.com/5kQbJ22bAfBu9oe65T5wI00?client_reference_id=hair-care-products-return-warranty-tracker,hair-care-products-return-warranty-tracker.pdf
DLX-0956,hair-care-products-sale-timing-planner,Hair Care Products Sale Timing Planner,Hair & Beauty,Fillable PDF,"Plan when to buy Hair Care Products: set a target price, log prices over time, note sale events and alerts, and choose a buy-by date.",2,5.99,https://buy.stripe.com/5kQbJ22bAfBu9oe65T5wI00?client_reference_id=hair-care-products-sale-timing-planner,hair-care-products-sale-timing-planner.pdf
DLX-0957,classroom-furniture-buying-checklist,Classroom Furniture Buying Checklist,Education & Classroom,Checklist,"Printable checklist of what to check before buying Classroom Furniture: specs or fit, total cost, return policy, warranty and red flags. Fillable budget and notes fields.",2,5.99,https://buy.stripe.com/5kQbJ22bAfBu9oe65T5wI00?client_reference_id=classroom-furniture-buying-checklist,classroom-furniture-buying-checklist.pdf
DLX-0958,classroom-furniture-price-tracker,Classroom Furniture Price Tracker,Education & Classroom,Fillable PDF,"Fillable tracker to log Classroom Furniture prices by retailer and date, with shipping, coupon and target-price columns so you can tell a real deal.",1,5.99,https://buy.stripe.com/5kQbJ22bAfBu9oe65T5wI00?client_reference_id=classroom-furniture-price-tracker,classroom-furniture-price-tracker.pdf
DLX-0959,classroom-furniture-comparison-worksheet,Classroom Furniture Comparison Worksheet,Education & Classroom,Fillable PDF,Side-by-side worksheet to compare up to four Classroom Furniture options with a weighted scoring section.,1,5.99,https://buy.stripe.com/5kQbJ22bAfBu9oe65T5wI00?client_reference_id=classroom-furniture-comparison-worksheet,classroom-furniture-comparison-worksheet.pdf
DLX-0960,classroom-furniture-budget-planner,Classroom Furniture Budget Planner,Education & Classroom,Fillable PDF,"Set a spending cap for Classroom Furniture, split must-haves from nice-to-haves and log what you actually spend.",1,5.99,https://buy.stripe.com/5kQbJ22bAfBu9oe65T5wI00?client_reference_id=classroom-furniture-budget-planner,classroom-furniture-budget-planner.pdf
DLX-0961,classroom-furniture-is-this-a-real-deal-infographic,Classroom Furniture: Is This a Real Deal? Infographic,Education & Classroom,Infographic,One-page visual decision guide for judging whether a discount on Classroom Furniture is genuine.,1,5.99,https://buy.stripe.com/5kQbJ22bAfBu9oe65T5wI00?client_reference_id=classroom-furniture-is-this-a-real-deal-infographic,classroom-furniture-is-this-a-real-deal-infographic.pdf
DLX-0962,classroom-furniture-return-warranty-tracker,Classroom Furniture Return & Warranty Tracker,Education & Classroom,Fillable PDF,"Fillable log for Classroom Furniture: purchase date, return-by date, warranty end date, proof saved and claim status, plus a protect-your-purchase checklist.",2,5.99,https://buy.stripe.com/5kQbJ22bAfBu9oe65T5wI00?client_reference_id=classroom-furniture-return-warranty-tracker,classroom-furniture-return-warranty-tracker.pdf
DLX-0963,classroom-furniture-sale-timing-planner,Classroom Furniture Sale Timing Planner,Education & Classroom,Fillable PDF,"Plan when to buy Classroom Furniture: set a target price, log prices over time, note sale events and alerts, and choose a buy-by date.",2,5.99,https://buy.stripe.com/5kQbJ22bAfBu9oe65T5wI00?client_reference_id=classroom-furniture-sale-timing-planner,classroom-furniture-sale-timing-planner.pdf
DLX-0964,school-supplies-buying-checklist,School Supplies Buying Checklist,Education & Classroom,Checklist,"Printable checklist of what to check before buying School Supplies: specs or fit, total cost, return policy, warranty and red flags. Fillable budget and notes fields.",2,5.99,https://buy.stripe.com/5kQbJ22bAfBu9oe65T5wI00?client_reference_id=school-supplies-buying-checklist,school-supplies-buying-checklist.pdf
DLX-0965,school-supplies-price-tracker,School Supplies Price Tracker,Education & Classroom,Fillable PDF,"Fillable tracker to log School Supplies prices by retailer and date, with shipping, coupon and target-price columns so you can tell a real deal.",1,5.99,https://buy.stripe.com/5kQbJ22bAfBu9oe65T5wI00?client_reference_id=school-supplies-price-tracker,school-supplies-price-tracker.pdf
DLX-0966,school-supplies-comparison-worksheet,School Supplies Comparison Worksheet,Education & Classroom,Fillable PDF,Side-by-side worksheet to compare up to four School Supplies options with a weighted scoring section.,1,5.99,https://buy.stripe.com/5kQbJ22bAfBu9oe65T5wI00?client_reference_id=school-supplies-comparison-worksheet,school-supplies-comparison-worksheet.pdf
DLX-0967,school-supplies-budget-planner,School Supplies Budget Planner,Education & Classroom,Fillable PDF,"Set a spending cap for School Supplies, split must-haves from nice-to-haves and log what you actually spend.",1,5.99,https://buy.stripe.com/5kQbJ22bAfBu9oe65T5wI00?client_reference_id=school-supplies-budget-planner,school-supplies-budget-planner.pdf
DLX-0968,school-supplies-is-this-a-real-deal-infographic,School Supplies: Is This a Real Deal? Infographic,Education & Classroom,Infographic,One-page visual decision guide for judging whether a discount on School Supplies is genuine.,1,5.99,https://buy.stripe.com/5kQbJ22bAfBu9oe65T5wI00?client_reference_id=school-supplies-is-this-a-real-deal-infographic,school-supplies-is-this-a-real-deal-infographic.pdf
DLX-0969,school-supplies-return-warranty-tracker,School Supplies Return & Warranty Tracker,Education & Classroom,Fillable PDF,"Fillable log for School Supplies: purchase date, return-by date, warranty end date, proof saved and claim status, plus a protect-your-purchase checklist.",2,5.99,https://buy.stripe.com/5kQbJ22bAfBu9oe65T5wI00?client_reference_id=school-supplies-return-warranty-tracker,school-supplies-return-warranty-tracker.pdf
DLX-0970,school-supplies-sale-timing-planner,School Supplies Sale Timing Planner,Education & Classroom,Fillable PDF,"Plan when to buy School Supplies: set a target price, log prices over time, note sale events and alerts, and choose a buy-by date.",2,5.99,https://buy.stripe.com/5kQbJ22bAfBu9oe65T5wI00?client_reference_id=school-supplies-sale-timing-planner,school-supplies-sale-timing-planner.pdf
DLX-0971,educational-toys-buying-checklist,Educational Toys Buying Checklist,Education & Classroom,Checklist,"Printable checklist of what to check before buying Educational Toys: specs or fit, total cost, return policy, warranty and red flags. Fillable budget and notes fields.",2,5.99,https://buy.stripe.com/5kQbJ22bAfBu9oe65T5wI00?client_reference_id=educational-toys-buying-checklist,educational-toys-buying-checklist.pdf
DLX-0972,educational-toys-price-tracker,Educational Toys Price Tracker,Education & Classroom,Fillable PDF,"Fillable tracker to log Educational Toys prices by retailer and date, with shipping, coupon and target-price columns so you can tell a real deal.",1,5.99,https://buy.stripe.com/5kQbJ22bAfBu9oe65T5wI00?client_reference_id=educational-toys-price-tracker,educational-toys-price-tracker.pdf
DLX-0973,educational-toys-comparison-worksheet,Educational Toys Comparison Worksheet,Education & Classroom,Fillable PDF,Side-by-side worksheet to compare up to four Educational Toys options with a weighted scoring section.,1,5.99,https://buy.stripe.com/5kQbJ22bAfBu9oe65T5wI00?client_reference_id=educational-toys-comparison-worksheet,educational-toys-comparison-worksheet.pdf
DLX-0974,educational-toys-budget-planner,Educational Toys Budget Planner,Education & Classroom,Fillable PDF,"Set a spending cap for Educational Toys, split must-haves from nice-to-haves and log what you actually spend.",1,5.99,https://buy.stripe.com/5kQbJ22bAfBu9oe65T5wI00?client_reference_id=educational-toys-budget-planner,educational-toys-budget-planner.pdf
DLX-0975,educational-toys-is-this-a-real-deal-infographic,Educational Toys: Is This a Real Deal? Infographic,Education & Classroom,Infographic,One-page visual decision guide for judging whether a discount on Educational Toys is genuine.,1,5.99,https://buy.stripe.com/5kQbJ22bAfBu9oe65T5wI00?client_reference_id=educational-toys-is-this-a-real-deal-infographic,educational-toys-is-this-a-real-deal-infographic.pdf
DLX-0976,educational-toys-return-warranty-tracker,Educational Toys Return & Warranty Tracker,Education & Classroom,Fillable PDF,"Fillable log for Educational Toys: purchase date, return-by date, warranty end date, proof saved and claim status, plus a protect-your-purchase checklist.",2,5.99,https://buy.stripe.com/5kQbJ22bAfBu9oe65T5wI00?client_reference_id=educational-toys-return-warranty-tracker,educational-toys-return-warranty-tracker.pdf
DLX-0977,educational-toys-sale-timing-planner,Educational Toys Sale Timing Planner,Education & Classroom,Fillable PDF,"Plan when to buy Educational Toys: set a target price, log prices over time, note sale events and alerts, and choose a buy-by date.",2,5.99,https://buy.stripe.com/5kQbJ22bAfBu9oe65T5wI00?client_reference_id=educational-toys-sale-timing-planner,educational-toys-sale-timing-planner.pdf
DLX-0978,online-courses-buying-checklist,Online Courses Buying Checklist,Education & Classroom,Checklist,"Printable checklist of what to check before buying Online Courses: specs or fit, total cost, return policy, warranty and red flags. Fillable budget and notes fields.",2,5.99,https://buy.stripe.com/5kQbJ22bAfBu9oe65T5wI00?client_reference_id=online-courses-buying-checklist,online-courses-buying-checklist.pdf
DLX-0979,online-courses-price-tracker,Online Courses Price Tracker,Education & Classroom,Fillable PDF,"Fillable tracker to log Online Courses prices by retailer and date, with shipping, coupon and target-price columns so you can tell a real deal.",1,5.99,https://buy.stripe.com/5kQbJ22bAfBu9oe65T5wI00?client_reference_id=online-courses-price-tracker,online-courses-price-tracker.pdf
DLX-0980,online-courses-comparison-worksheet,Online Courses Comparison Worksheet,Education & Classroom,Fillable PDF,Side-by-side worksheet to compare up to four Online Courses options with a weighted scoring section.,1,5.99,https://buy.stripe.com/5kQbJ22bAfBu9oe65T5wI00?client_reference_id=online-courses-comparison-worksheet,online-courses-comparison-worksheet.pdf
DLX-0981,online-courses-budget-planner,Online Courses Budget Planner,Education & Classroom,Fillable PDF,"Set a spending cap for Online Courses, split must-haves from nice-to-haves and log what you actually spend.",1,5.99,https://buy.stripe.com/5kQbJ22bAfBu9oe65T5wI00?client_reference_id=online-courses-budget-planner,online-courses-budget-planner.pdf
DLX-0982,online-courses-is-this-a-real-deal-infographic,Online Courses: Is This a Real Deal? Infographic,Education & Classroom,Infographic,One-page visual decision guide for judging whether a discount on Online Courses is genuine.,1,5.99,https://buy.stripe.com/5kQbJ22bAfBu9oe65T5wI00?client_reference_id=online-courses-is-this-a-real-deal-infographic,online-courses-is-this-a-real-deal-infographic.pdf
DLX-0983,online-courses-return-warranty-tracker,Online Courses Return & Warranty Tracker,Education & Classroom,Fillable PDF,"Fillable log for Online Courses: purchase date, return-by date, warranty end date, proof saved and claim status, plus a protect-your-purchase checklist.",2,5.99,https://buy.stripe.com/5kQbJ22bAfBu9oe65T5wI00?client_reference_id=online-courses-return-warranty-tracker,online-courses-return-warranty-tracker.pdf
DLX-0984,online-courses-sale-timing-planner,Online Courses Sale Timing Planner,Education & Classroom,Fillable PDF,"Plan when to buy Online Courses: set a target price, log prices over time, note sale events and alerts, and choose a buy-by date.",2,5.99,https://buy.stripe.com/5kQbJ22bAfBu9oe65T5wI00?client_reference_id=online-courses-sale-timing-planner,online-courses-sale-timing-planner.pdf
DLX-0985,art-supplies-buying-checklist,Art Supplies Buying Checklist,Education & Classroom,Checklist,"Printable checklist of what to check before buying Art Supplies: specs or fit, total cost, return policy, warranty and red flags. Fillable budget and notes fields.",2,5.99,https://buy.stripe.com/5kQbJ22bAfBu9oe65T5wI00?client_reference_id=art-supplies-buying-checklist,art-supplies-buying-checklist.pdf
DLX-0986,art-supplies-price-tracker,Art Supplies Price Tracker,Education & Classroom,Fillable PDF,"Fillable tracker to log Art Supplies prices by retailer and date, with shipping, coupon and target-price columns so you can tell a real deal.",1,5.99,https://buy.stripe.com/5kQbJ22bAfBu9oe65T5wI00?client_reference_id=art-supplies-price-tracker,art-supplies-price-tracker.pdf
DLX-0987,art-supplies-comparison-worksheet,Art Supplies Comparison Worksheet,Education & Classroom,Fillable PDF,Side-by-side worksheet to compare up to four Art Supplies options with a weighted scoring section.,1,5.99,https://buy.stripe.com/5kQbJ22bAfBu9oe65T5wI00?client_reference_id=art-supplies-comparison-worksheet,art-supplies-comparison-worksheet.pdf
DLX-0988,art-supplies-budget-planner,Art Supplies Budget Planner,Education & Classroom,Fillable PDF,"Set a spending cap for Art Supplies, split must-haves from nice-to-haves and log what you actually spend.",1,5.99,https://buy.stripe.com/5kQbJ22bAfBu9oe65T5wI00?client_reference_id=art-supplies-budget-planner,art-supplies-budget-planner.pdf
DLX-0989,art-supplies-is-this-a-real-deal-infographic,Art Supplies: Is This a Real Deal? Infographic,Education & Classroom,Infographic,One-page visual decision guide for judging whether a discount on Art Supplies is genuine.,1,5.99,https://buy.stripe.com/5kQbJ22bAfBu9oe65T5wI00?client_reference_id=art-supplies-is-this-a-real-deal-infographic,art-supplies-is-this-a-real-deal-infographic.pdf
DLX-0990,art-supplies-return-warranty-tracker,Art Supplies Return & Warranty Tracker,Education & Classroom,Fillable PDF,"Fillable log for Art Supplies: purchase date, return-by date, warranty end date, proof saved and claim status, plus a protect-your-purchase checklist.",2,5.99,https://buy.stripe.com/5kQbJ22bAfBu9oe65T5wI00?client_reference_id=art-supplies-return-warranty-tracker,art-supplies-return-warranty-tracker.pdf
DLX-0991,art-supplies-sale-timing-planner,Art Supplies Sale Timing Planner,Education & Classroom,Fillable PDF,"Plan when to buy Art Supplies: set a target price, log prices over time, note sale events and alerts, and choose a buy-by date.",2,5.99,https://buy.stripe.com/5kQbJ22bAfBu9oe65T5wI00?client_reference_id=art-supplies-sale-timing-planner,art-supplies-sale-timing-planner.pdf
DLX-0992,teacher-supplies-buying-checklist,Teacher Supplies Buying Checklist,Education & Classroom,Checklist,"Printable checklist of what to check before buying Teacher Supplies: specs or fit, total cost, return policy, warranty and red flags. Fillable budget and notes fields.",2,5.99,https://buy.stripe.com/5kQbJ22bAfBu9oe65T5wI00?client_reference_id=teacher-supplies-buying-checklist,teacher-supplies-buying-checklist.pdf
DLX-0993,teacher-supplies-price-tracker,Teacher Supplies Price Tracker,Education & Classroom,Fillable PDF,"Fillable tracker to log Teacher Supplies prices by retailer and date, with shipping, coupon and target-price columns so you can tell a real deal.",1,5.99,https://buy.stripe.com/5kQbJ22bAfBu9oe65T5wI00?client_reference_id=teacher-supplies-price-tracker,teacher-supplies-price-tracker.pdf
DLX-0994,teacher-supplies-comparison-worksheet,Teacher Supplies Comparison Worksheet,Education & Classroom,Fillable PDF,Side-by-side worksheet to compare up to four Teacher Supplies options with a weighted scoring section.,1,5.99,https://buy.stripe.com/5kQbJ22bAfBu9oe65T5wI00?client_reference_id=teacher-supplies-comparison-worksheet,teacher-supplies-comparison-worksheet.pdf
DLX-0995,teacher-supplies-budget-planner,Teacher Supplies Budget Planner,Education & Classroom,Fillable PDF,"Set a spending cap for Teacher Supplies, split must-haves from nice-to-haves and log what you actually spend.",1,5.99,https://buy.stripe.com/5kQbJ22bAfBu9oe65T5wI00?client_reference_id=teacher-supplies-budget-planner,teacher-supplies-budget-planner.pdf
DLX-0996,teacher-supplies-is-this-a-real-deal-infographic,Teacher Supplies: Is This a Real Deal? Infographic,Education & Classroom,Infographic,One-page visual decision guide for judging whether a discount on Teacher Supplies is genuine.,1,5.99,https://buy.stripe.com/5kQbJ22bAfBu9oe65T5wI00?client_reference_id=teacher-supplies-is-this-a-real-deal-infographic,teacher-supplies-is-this-a-real-deal-infographic.pdf
DLX-0997,teacher-supplies-return-warranty-tracker,Teacher Supplies Return & Warranty Tracker,Education & Classroom,Fillable PDF,"Fillable log for Teacher Supplies: purchase date, return-by date, warranty end date, proof saved and claim status, plus a protect-your-purchase checklist.",2,5.99,https://buy.stripe.com/5kQbJ22bAfBu9oe65T5wI00?client_reference_id=teacher-supplies-return-warranty-tracker,teacher-supplies-return-warranty-tracker.pdf
DLX-0998,teacher-supplies-sale-timing-planner,Teacher Supplies Sale Timing Planner,Education & Classroom,Fillable PDF,"Plan when to buy Teacher Supplies: set a target price, log prices over time, note sale events and alerts, and choose a buy-by date.",2,5.99,https://buy.stripe.com/5kQbJ22bAfBu9oe65T5wI00?client_reference_id=teacher-supplies-sale-timing-planner,teacher-supplies-sale-timing-planner.pdf
DLX-0999,learning-software-buying-checklist,Learning Software Buying Checklist,Education & Classroom,Checklist,"Printable checklist of what to check before buying Learning Software: specs or fit, total cost, return policy, warranty and red flags. Fillable budget and notes fields.",2,5.99,https://buy.stripe.com/5kQbJ22bAfBu9oe65T5wI00?client_reference_id=learning-software-buying-checklist,learning-software-buying-checklist.pdf
DLX-1000,learning-software-price-tracker,Learning Software Price Tracker,Education & Classroom,Fillable PDF,"Fillable tracker to log Learning Software prices by retailer and date, with shipping, coupon and target-price columns so you can tell a real deal.",1,5.99,https://buy.stripe.com/5kQbJ22bAfBu9oe65T5wI00?client_reference_id=learning-software-price-tracker,learning-software-price-tracker.pdf
DLX-1001,learning-software-comparison-worksheet,Learning Software Comparison Worksheet,Education & Classroom,Fillable PDF,Side-by-side worksheet to compare up to four Learning Software options with a weighted scoring section.,1,5.99,https://buy.stripe.com/5kQbJ22bAfBu9oe65T5wI00?client_reference_id=learning-software-comparison-worksheet,learning-software-comparison-worksheet.pdf
DLX-1002,learning-software-budget-planner,Learning Software Budget Planner,Education & Classroom,Fillable PDF,"Set a spending cap for Learning Software, split must-haves from nice-to-haves and log what you actually spend.",1,5.99,https://buy.stripe.com/5kQbJ22bAfBu9oe65T5wI00?client_reference_id=learning-software-budget-planner,learning-software-budget-planner.pdf
DLX-1003,learning-software-is-this-a-real-deal-infographic,Learning Software: Is This a Real Deal? Infographic,Education & Classroom,Infographic,One-page visual decision guide for judging whether a discount on Learning Software is genuine.,1,5.99,https://buy.stripe.com/5kQbJ22bAfBu9oe65T5wI00?client_reference_id=learning-software-is-this-a-real-deal-infographic,learning-software-is-this-a-real-deal-infographic.pdf
DLX-1004,learning-software-return-warranty-tracker,Learning Software Return & Warranty Tracker,Education & Classroom,Fillable PDF,"Fillable log for Learning Software: purchase date, return-by date, warranty end date, proof saved and claim status, plus a protect-your-purchase checklist.",2,5.99,https://buy.stripe.com/5kQbJ22bAfBu9oe65T5wI00?client_reference_id=learning-software-return-warranty-tracker,learning-software-return-warranty-tracker.pdf
DLX-1005,learning-software-sale-timing-planner,Learning Software Sale Timing Planner,Education & Classroom,Fillable PDF,"Plan when to buy Learning Software: set a target price, log prices over time, note sale events and alerts, and choose a buy-by date.",2,5.99,https://buy.stripe.com/5kQbJ22bAfBu9oe65T5wI00?client_reference_id=learning-software-sale-timing-planner,learning-software-sale-timing-planner.pdf
DLX-1006,golf-clubs-buying-checklist,Golf Clubs Buying Checklist,Sports & Outdoors,Checklist,"Printable checklist of what to check before buying Golf Clubs: specs or fit, total cost, return policy, warranty and red flags. Fillable budget and notes fields.",2,5.99,https://buy.stripe.com/5kQbJ22bAfBu9oe65T5wI00?client_reference_id=golf-clubs-buying-checklist,golf-clubs-buying-checklist.pdf
DLX-1007,golf-clubs-price-tracker,Golf Clubs Price Tracker,Sports & Outdoors,Fillable PDF,"Fillable tracker to log Golf Clubs prices by retailer and date, with shipping, coupon and target-price columns so you can tell a real deal.",1,5.99,https://buy.stripe.com/5kQbJ22bAfBu9oe65T5wI00?client_reference_id=golf-clubs-price-tracker,golf-clubs-price-tracker.pdf
DLX-1008,golf-clubs-comparison-worksheet,Golf Clubs Comparison Worksheet,Sports & Outdoors,Fillable PDF,Side-by-side worksheet to compare up to four Golf Clubs options with a weighted scoring section.,1,5.99,https://buy.stripe.com/5kQbJ22bAfBu9oe65T5wI00?client_reference_id=golf-clubs-comparison-worksheet,golf-clubs-comparison-worksheet.pdf
DLX-1009,golf-clubs-budget-planner,Golf Clubs Budget Planner,Sports & Outdoors,Fillable PDF,"Set a spending cap for Golf Clubs, split must-haves from nice-to-haves and log what you actually spend.",1,5.99,https://buy.stripe.com/5kQbJ22bAfBu9oe65T5wI00?client_reference_id=golf-clubs-budget-planner,golf-clubs-budget-planner.pdf
DLX-1010,golf-clubs-is-this-a-real-deal-infographic,Golf Clubs: Is This a Real Deal? Infographic,Sports & Outdoors,Infographic,One-page visual decision guide for judging whether a discount on Golf Clubs is genuine.,1,5.99,https://buy.stripe.com/5kQbJ22bAfBu9oe65T5wI00?client_reference_id=golf-clubs-is-this-a-real-deal-infographic,golf-clubs-is-this-a-real-deal-infographic.pdf
DLX-1011,golf-clubs-return-warranty-tracker,Golf Clubs Return & Warranty Tracker,Sports & Outdoors,Fillable PDF,"Fillable log for Golf Clubs: purchase date, return-by date, warranty end date, proof saved and claim status, plus a protect-your-purchase checklist.",2,5.99,https://buy.stripe.com/5kQbJ22bAfBu9oe65T5wI00?client_reference_id=golf-clubs-return-warranty-tracker,golf-clubs-return-warranty-tracker.pdf
DLX-1012,golf-clubs-sale-timing-planner,Golf Clubs Sale Timing Planner,Sports & Outdoors,Fillable PDF,"Plan when to buy Golf Clubs: set a target price, log prices over time, note sale events and alerts, and choose a buy-by date.",2,5.99,https://buy.stripe.com/5kQbJ22bAfBu9oe65T5wI00?client_reference_id=golf-clubs-sale-timing-planner,golf-clubs-sale-timing-planner.pdf
DLX-1013,camping-tents-buying-checklist,Camping Tents Buying Checklist,Sports & Outdoors,Checklist,"Printable checklist of what to check before buying Camping Tents: specs or fit, total cost, return policy, warranty and red flags. Fillable budget and notes fields.",2,5.99,https://buy.stripe.com/5kQbJ22bAfBu9oe65T5wI00?client_reference_id=camping-tents-buying-checklist,camping-tents-buying-checklist.pdf
DLX-1014,camping-tents-price-tracker,Camping Tents Price Tracker,Sports & Outdoors,Fillable PDF,"Fillable tracker to log Camping Tents prices by retailer and date, with shipping, coupon and target-price columns so you can tell a real deal.",1,5.99,https://buy.stripe.com/5kQbJ22bAfBu9oe65T5wI00?client_reference_id=camping-tents-price-tracker,camping-tents-price-tracker.pdf
DLX-1015,camping-tents-comparison-worksheet,Camping Tents Comparison Worksheet,Sports & Outdoors,Fillable PDF,Side-by-side worksheet to compare up to four Camping Tents options with a weighted scoring section.,1,5.99,https://buy.stripe.com/5kQbJ22bAfBu9oe65T5wI00?client_reference_id=camping-tents-comparison-worksheet,camping-tents-comparison-worksheet.pdf
DLX-1016,camping-tents-budget-planner,Camping Tents Budget Planner,Sports & Outdoors,Fillable PDF,"Set a spending cap for Camping Tents, split must-haves from nice-to-haves and log what you actually spend.",1,5.99,https://buy.stripe.com/5kQbJ22bAfBu9oe65T5wI00?client_reference_id=camping-tents-budget-planner,camping-tents-budget-planner.pdf
DLX-1017,camping-tents-is-this-a-real-deal-infographic,Camping Tents: Is This a Real Deal? Infographic,Sports & Outdoors,Infographic,One-page visual decision guide for judging whether a discount on Camping Tents is genuine.,1,5.99,https://buy.stripe.com/5kQbJ22bAfBu9oe65T5wI00?client_reference_id=camping-tents-is-this-a-real-deal-infographic,camping-tents-is-this-a-real-deal-infographic.pdf
DLX-1018,camping-tents-return-warranty-tracker,Camping Tents Return & Warranty Tracker,Sports & Outdoors,Fillable PDF,"Fillable log for Camping Tents: purchase date, return-by date, warranty end date, proof saved and claim status, plus a protect-your-purchase checklist.",2,5.99,https://buy.stripe.com/5kQbJ22bAfBu9oe65T5wI00?client_reference_id=camping-tents-return-warranty-tracker,camping-tents-return-warranty-tracker.pdf
DLX-1019,camping-tents-sale-timing-planner,Camping Tents Sale Timing Planner,Sports & Outdoors,Fillable PDF,"Plan when to buy Camping Tents: set a target price, log prices over time, note sale events and alerts, and choose a buy-by date.",2,5.99,https://buy.stripe.com/5kQbJ22bAfBu9oe65T5wI00?client_reference_id=camping-tents-sale-timing-planner,camping-tents-sale-timing-planner.pdf
DLX-1020,hiking-boots-buying-checklist,Hiking Boots Buying Checklist,Sports & Outdoors,Checklist,"Printable checklist of what to check before buying Hiking Boots: specs or fit, total cost, return policy, warranty and red flags. Fillable budget and notes fields.",2,5.99,https://buy.stripe.com/5kQbJ22bAfBu9oe65T5wI00?client_reference_id=hiking-boots-buying-checklist,hiking-boots-buying-checklist.pdf
DLX-1021,hiking-boots-price-tracker,Hiking Boots Price Tracker,Sports & Outdoors,Fillable PDF,"Fillable tracker to log Hiking Boots prices by retailer and date, with shipping, coupon and target-price columns so you can tell a real deal.",1,5.99,https://buy.stripe.com/5kQbJ22bAfBu9oe65T5wI00?client_reference_id=hiking-boots-price-tracker,hiking-boots-price-tracker.pdf
DLX-1022,hiking-boots-comparison-worksheet,Hiking Boots Comparison Worksheet,Sports & Outdoors,Fillable PDF,Side-by-side worksheet to compare up to four Hiking Boots options with a weighted scoring section.,1,5.99,https://buy.stripe.com/5kQbJ22bAfBu9oe65T5wI00?client_reference_id=hiking-boots-comparison-worksheet,hiking-boots-comparison-worksheet.pdf
DLX-1023,hiking-boots-budget-planner,Hiking Boots Budget Planner,Sports & Outdoors,Fillable PDF,"Set a spending cap for Hiking Boots, split must-haves from nice-to-haves and log what you actually spend.",1,5.99,https://buy.stripe.com/5kQbJ22bAfBu9oe65T5wI00?client_reference_id=hiking-boots-budget-planner,hiking-boots-budget-planner.pdf
DLX-1024,hiking-boots-is-this-a-real-deal-infographic,Hiking Boots: Is This a Real Deal? Infographic,Sports & Outdoors,Infographic,One-page visual decision guide for judging whether a discount on Hiking Boots is genuine.,1,5.99,https://buy.stripe.com/5kQbJ22bAfBu9oe65T5wI00?client_reference_id=hiking-boots-is-this-a-real-deal-infographic,hiking-boots-is-this-a-real-deal-infographic.pdf
DLX-1025,hiking-boots-return-warranty-tracker,Hiking Boots Return & Warranty Tracker,Sports & Outdoors,Fillable PDF,"Fillable log for Hiking Boots: purchase date, return-by date, warranty end date, proof saved and claim status, plus a protect-your-purchase checklist.",2,5.99,https://buy.stripe.com/5kQbJ22bAfBu9oe65T5wI00?client_reference_id=hiking-boots-return-warranty-tracker,hiking-boots-return-warranty-tracker.pdf
DLX-1026,hiking-boots-sale-timing-planner,Hiking Boots Sale Timing Planner,Sports & Outdoors,Fillable PDF,"Plan when to buy Hiking Boots: set a target price, log prices over time, note sale events and alerts, and choose a buy-by date.",2,5.99,https://buy.stripe.com/5kQbJ22bAfBu9oe65T5wI00?client_reference_id=hiking-boots-sale-timing-planner,hiking-boots-sale-timing-planner.pdf
DLX-1027,bicycles-buying-checklist,Bicycles Buying Checklist,Sports & Outdoors,Checklist,"Printable checklist of what to check before buying Bicycles: specs or fit, total cost, return policy, warranty and red flags. Fillable budget and notes fields.",2,5.99,https://buy.stripe.com/5kQbJ22bAfBu9oe65T5wI00?client_reference_id=bicycles-buying-checklist,bicycles-buying-checklist.pdf
DLX-1028,bicycles-price-tracker,Bicycles Price Tracker,Sports & Outdoors,Fillable PDF,"Fillable tracker to log Bicycles prices by retailer and date, with shipping, coupon and target-price columns so you can tell a real deal.",1,5.99,https://buy.stripe.com/5kQbJ22bAfBu9oe65T5wI00?client_reference_id=bicycles-price-tracker,bicycles-price-tracker.pdf
DLX-1029,bicycles-comparison-worksheet,Bicycles Comparison Worksheet,Sports & Outdoors,Fillable PDF,Side-by-side worksheet to compare up to four Bicycles options with a weighted scoring section.,1,5.99,https://buy.stripe.com/5kQbJ22bAfBu9oe65T5wI00?client_reference_id=bicycles-comparison-worksheet,bicycles-comparison-worksheet.pdf
DLX-1030,bicycles-budget-planner,Bicycles Budget Planner,Sports & Outdoors,Fillable PDF,"Set a spending cap for Bicycles, split must-haves from nice-to-haves and log what you actually spend.",1,5.99,https://buy.stripe.com/5kQbJ22bAfBu9oe65T5wI00?client_reference_id=bicycles-budget-planner,bicycles-budget-planner.pdf
DLX-1031,bicycles-is-this-a-real-deal-infographic,Bicycles: Is This a Real Deal? Infographic,Sports & Outdoors,Infographic,One-page visual decision guide for judging whether a discount on Bicycles is genuine.,1,5.99,https://buy.stripe.com/5kQbJ22bAfBu9oe65T5wI00?client_reference_id=bicycles-is-this-a-real-deal-infographic,bicycles-is-this-a-real-deal-infographic.pdf
DLX-1032,bicycles-return-warranty-tracker,Bicycles Return & Warranty Tracker,Sports & Outdoors,Fillable PDF,"Fillable log for Bicycles: purchase date, return-by date, warranty end date, proof saved and claim status, plus a protect-your-purchase checklist.",2,5.99,https://buy.stripe.com/5kQbJ22bAfBu9oe65T5wI00?client_reference_id=bicycles-return-warranty-tracker,bicycles-return-warranty-tracker.pdf
DLX-1033,bicycles-sale-timing-planner,Bicycles Sale Timing Planner,Sports & Outdoors,Fillable PDF,"Plan when to buy Bicycles: set a target price, log prices over time, note sale events and alerts, and choose a buy-by date.",2,5.99,https://buy.stripe.com/5kQbJ22bAfBu9oe65T5wI00?client_reference_id=bicycles-sale-timing-planner,bicycles-sale-timing-planner.pdf
DLX-1034,fishing-gear-buying-checklist,Fishing Gear Buying Checklist,Sports & Outdoors,Checklist,"Printable checklist of what to check before buying Fishing Gear: specs or fit, total cost, return policy, warranty and red flags. Fillable budget and notes fields.",2,5.99,https://buy.stripe.com/5kQbJ22bAfBu9oe65T5wI00?client_reference_id=fishing-gear-buying-checklist,fishing-gear-buying-checklist.pdf
DLX-1035,fishing-gear-price-tracker,Fishing Gear Price Tracker,Sports & Outdoors,Fillable PDF,"Fillable tracker to log Fishing Gear prices by retailer and date, with shipping, coupon and target-price columns so you can tell a real deal.",1,5.99,https://buy.stripe.com/5kQbJ22bAfBu9oe65T5wI00?client_reference_id=fishing-gear-price-tracker,fishing-gear-price-tracker.pdf
DLX-1036,fishing-gear-comparison-worksheet,Fishing Gear Comparison Worksheet,Sports & Outdoors,Fillable PDF,Side-by-side worksheet to compare up to four Fishing Gear options with a weighted scoring section.,1,5.99,https://buy.stripe.com/5kQbJ22bAfBu9oe65T5wI00?client_reference_id=fishing-gear-comparison-worksheet,fishing-gear-comparison-worksheet.pdf
DLX-1037,fishing-gear-budget-planner,Fishing Gear Budget Planner,Sports & Outdoors,Fillable PDF,"Set a spending cap for Fishing Gear, split must-haves from nice-to-haves and log what you actually spend.",1,5.99,https://buy.stripe.com/5kQbJ22bAfBu9oe65T5wI00?client_reference_id=fishing-gear-budget-planner,fishing-gear-budget-planner.pdf
DLX-1038,fishing-gear-is-this-a-real-deal-infographic,Fishing Gear: Is This a Real Deal? Infographic,Sports & Outdoors,Infographic,One-page visual decision guide for judging whether a discount on Fishing Gear is genuine.,1,5.99,https://buy.stripe.com/5kQbJ22bAfBu9oe65T5wI00?client_reference_id=fishing-gear-is-this-a-real-deal-infographic,fishing-gear-is-this-a-real-deal-infographic.pdf
DLX-1039,fishing-gear-return-warranty-tracker,Fishing Gear Return & Warranty Tracker,Sports & Outdoors,Fillable PDF,"Fillable log for Fishing Gear: purchase date, return-by date, warranty end date, proof saved and claim status, plus a protect-your-purchase checklist.",2,5.99,https://buy.stripe.com/5kQbJ22bAfBu9oe65T5wI00?client_reference_id=fishing-gear-return-warranty-tracker,fishing-gear-return-warranty-tracker.pdf
DLX-1040,fishing-gear-sale-timing-planner,Fishing Gear Sale Timing Planner,Sports & Outdoors,Fillable PDF,"Plan when to buy Fishing Gear: set a target price, log prices over time, note sale events and alerts, and choose a buy-by date.",2,5.99,https://buy.stripe.com/5kQbJ22bAfBu9oe65T5wI00?client_reference_id=fishing-gear-sale-timing-planner,fishing-gear-sale-timing-planner.pdf
DLX-1041,fitness-equipment-buying-checklist,Fitness Equipment Buying Checklist,Sports & Outdoors,Checklist,"Printable checklist of what to check before buying Fitness Equipment: specs or fit, total cost, return policy, warranty and red flags. Fillable budget and notes fields.",2,5.99,https://buy.stripe.com/5kQbJ22bAfBu9oe65T5wI00?client_reference_id=fitness-equipment-buying-checklist,fitness-equipment-buying-checklist.pdf
DLX-1042,fitness-equipment-price-tracker,Fitness Equipment Price Tracker,Sports & Outdoors,Fillable PDF,"Fillable tracker to log Fitness Equipment prices by retailer and date, with shipping, coupon and target-price columns so you can tell a real deal.",1,5.99,https://buy.stripe.com/5kQbJ22bAfBu9oe65T5wI00?client_reference_id=fitness-equipment-price-tracker,fitness-equipment-price-tracker.pdf
DLX-1043,fitness-equipment-comparison-worksheet,Fitness Equipment Comparison Worksheet,Sports & Outdoors,Fillable PDF,Side-by-side worksheet to compare up to four Fitness Equipment options with a weighted scoring section.,1,5.99,https://buy.stripe.com/5kQbJ22bAfBu9oe65T5wI00?client_reference_id=fitness-equipment-comparison-worksheet,fitness-equipment-comparison-worksheet.pdf
DLX-1044,fitness-equipment-budget-planner,Fitness Equipment Budget Planner,Sports & Outdoors,Fillable PDF,"Set a spending cap for Fitness Equipment, split must-haves from nice-to-haves and log what you actually spend.",1,5.99,https://buy.stripe.com/5kQbJ22bAfBu9oe65T5wI00?client_reference_id=fitness-equipment-budget-planner,fitness-equipment-budget-planner.pdf
DLX-1045,fitness-equipment-is-this-a-real-deal-infographic,Fitness Equipment: Is This a Real Deal? Infographic,Sports & Outdoors,Infographic,One-page visual decision guide for judging whether a discount on Fitness Equipment is genuine.,1,5.99,https://buy.stripe.com/5kQbJ22bAfBu9oe65T5wI00?client_reference_id=fitness-equipment-is-this-a-real-deal-infographic,fitness-equipment-is-this-a-real-deal-infographic.pdf
DLX-1046,fitness-equipment-return-warranty-tracker,Fitness Equipment Return & Warranty Tracker,Sports & Outdoors,Fillable PDF,"Fillable log for Fitness Equipment: purchase date, return-by date, warranty end date, proof saved and claim status, plus a protect-your-purchase checklist.",2,5.99,https://buy.stripe.com/5kQbJ22bAfBu9oe65T5wI00?client_reference_id=fitness-equipment-return-warranty-tracker,fitness-equipment-return-warranty-tracker.pdf
DLX-1047,fitness-equipment-sale-timing-planner,Fitness Equipment Sale Timing Planner,Sports & Outdoors,Fillable PDF,"Plan when to buy Fitness Equipment: set a target price, log prices over time, note sale events and alerts, and choose a buy-by date.",2,5.99,https://buy.stripe.com/5kQbJ22bAfBu9oe65T5wI00?client_reference_id=fitness-equipment-sale-timing-planner,fitness-equipment-sale-timing-planner.pdf
DLX-1048,water-sports-gear-buying-checklist,Water Sports Gear Buying Checklist,Sports & Outdoors,Checklist,"Printable checklist of what to check before buying Water Sports Gear: specs or fit, total cost, return policy, warranty and red flags. Fillable budget and notes fields.",2,5.99,https://buy.stripe.com/5kQbJ22bAfBu9oe65T5wI00?client_reference_id=water-sports-gear-buying-checklist,water-sports-gear-buying-checklist.pdf
DLX-1049,water-sports-gear-price-tracker,Water Sports Gear Price Tracker,Sports & Outdoors,Fillable PDF,"Fillable tracker to log Water Sports Gear prices by retailer and date, with shipping, coupon and target-price columns so you can tell a real deal.",1,5.99,https://buy.stripe.com/5kQbJ22bAfBu9oe65T5wI00?client_reference_id=water-sports-gear-price-tracker,water-sports-gear-price-tracker.pdf
DLX-1050,water-sports-gear-comparison-worksheet,Water Sports Gear Comparison Worksheet,Sports & Outdoors,Fillable PDF,Side-by-side worksheet to compare up to four Water Sports Gear options with a weighted scoring section.,1,5.99,https://buy.stripe.com/5kQbJ22bAfBu9oe65T5wI00?client_reference_id=water-sports-gear-comparison-worksheet,water-sports-gear-comparison-worksheet.pdf
DLX-1051,water-sports-gear-budget-planner,Water Sports Gear Budget Planner,Sports & Outdoors,Fillable PDF,"Set a spending cap for Water Sports Gear, split must-haves from nice-to-haves and log what you actually spend.",1,5.99,https://buy.stripe.com/5kQbJ22bAfBu9oe65T5wI00?client_reference_id=water-sports-gear-budget-planner,water-sports-gear-budget-planner.pdf
DLX-1052,water-sports-gear-is-this-a-real-deal-infographic,Water Sports Gear: Is This a Real Deal? Infographic,Sports & Outdoors,Infographic,One-page visual decision guide for judging whether a discount on Water Sports Gear is genuine.,1,5.99,https://buy.stripe.com/5kQbJ22bAfBu9oe65T5wI00?client_reference_id=water-sports-gear-is-this-a-real-deal-infographic,water-sports-gear-is-this-a-real-deal-infographic.pdf
DLX-1053,water-sports-gear-return-warranty-tracker,Water Sports Gear Return & Warranty Tracker,Sports & Outdoors,Fillable PDF,"Fillable log for Water Sports Gear: purchase date, return-by date, warranty end date, proof saved and claim status, plus a protect-your-purchase checklist.",2,5.99,https://buy.stripe.com/5kQbJ22bAfBu9oe65T5wI00?client_reference_id=water-sports-gear-return-warranty-tracker,water-sports-gear-return-warranty-tracker.pdf
DLX-1054,water-sports-gear-sale-timing-planner,Water Sports Gear Sale Timing Planner,Sports & Outdoors,Fillable PDF,"Plan when to buy Water Sports Gear: set a target price, log prices over time, note sale events and alerts, and choose a buy-by date.",2,5.99,https://buy.stripe.com/5kQbJ22bAfBu9oe65T5wI00?client_reference_id=water-sports-gear-sale-timing-planner,water-sports-gear-sale-timing-planner.pdf
DLX-1055,jerseys-buying-checklist,Jerseys Buying Checklist,Sports Fan Shop,Checklist,"Printable checklist of what to check before buying Jerseys: specs or fit, total cost, return policy, warranty and red flags. Fillable budget and notes fields.",2,5.99,https://buy.stripe.com/5kQbJ22bAfBu9oe65T5wI00?client_reference_id=jerseys-buying-checklist,jerseys-buying-checklist.pdf
DLX-1056,jerseys-price-tracker,Jerseys Price Tracker,Sports Fan Shop,Fillable PDF,"Fillable tracker to log Jerseys prices by retailer and date, with shipping, coupon and target-price columns so you can tell a real deal.",1,5.99,https://buy.stripe.com/5kQbJ22bAfBu9oe65T5wI00?client_reference_id=jerseys-price-tracker,jerseys-price-tracker.pdf
DLX-1057,jerseys-comparison-worksheet,Jerseys Comparison Worksheet,Sports Fan Shop,Fillable PDF,Side-by-side worksheet to compare up to four Jerseys options with a weighted scoring section.,1,5.99,https://buy.stripe.com/5kQbJ22bAfBu9oe65T5wI00?client_reference_id=jerseys-comparison-worksheet,jerseys-comparison-worksheet.pdf
DLX-1058,jerseys-budget-planner,Jerseys Budget Planner,Sports Fan Shop,Fillable PDF,"Set a spending cap for Jerseys, split must-haves from nice-to-haves and log what you actually spend.",1,5.99,https://buy.stripe.com/5kQbJ22bAfBu9oe65T5wI00?client_reference_id=jerseys-budget-planner,jerseys-budget-planner.pdf
DLX-1059,jerseys-is-this-a-real-deal-infographic,Jerseys: Is This a Real Deal? Infographic,Sports Fan Shop,Infographic,One-page visual decision guide for judging whether a discount on Jerseys is genuine.,1,5.99,https://buy.stripe.com/5kQbJ22bAfBu9oe65T5wI00?client_reference_id=jerseys-is-this-a-real-deal-infographic,jerseys-is-this-a-real-deal-infographic.pdf
DLX-1060,jerseys-return-warranty-tracker,Jerseys Return & Warranty Tracker,Sports Fan Shop,Fillable PDF,"Fillable log for Jerseys: purchase date, return-by date, warranty end date, proof saved and claim status, plus a protect-your-purchase checklist.",2,5.99,https://buy.stripe.com/5kQbJ22bAfBu9oe65T5wI00?client_reference_id=jerseys-return-warranty-tracker,jerseys-return-warranty-tracker.pdf
DLX-1061,jerseys-sale-timing-planner,Jerseys Sale Timing Planner,Sports Fan Shop,Fillable PDF,"Plan when to buy Jerseys: set a target price, log prices over time, note sale events and alerts, and choose a buy-by date.",2,5.99,https://buy.stripe.com/5kQbJ22bAfBu9oe65T5wI00?client_reference_id=jerseys-sale-timing-planner,jerseys-sale-timing-planner.pdf
DLX-1062,fan-apparel-buying-checklist,Fan Apparel Buying Checklist,Sports Fan Shop,Checklist,"Printable checklist of what to check before buying Fan Apparel: specs or fit, total cost, return policy, warranty and red flags. Fillable budget and notes fields.",2,5.99,https://buy.stripe.com/5kQbJ22bAfBu9oe65T5wI00?client_reference_id=fan-apparel-buying-checklist,fan-apparel-buying-checklist.pdf
DLX-1063,fan-apparel-price-tracker,Fan Apparel Price Tracker,Sports Fan Shop,Fillable PDF,"Fillable tracker to log Fan Apparel prices by retailer and date, with shipping, coupon and target-price columns so you can tell a real deal.",1,5.99,https://buy.stripe.com/5kQbJ22bAfBu9oe65T5wI00?client_reference_id=fan-apparel-price-tracker,fan-apparel-price-tracker.pdf
DLX-1064,fan-apparel-comparison-worksheet,Fan Apparel Comparison Worksheet,Sports Fan Shop,Fillable PDF,Side-by-side worksheet to compare up to four Fan Apparel options with a weighted scoring section.,1,5.99,https://buy.stripe.com/5kQbJ22bAfBu9oe65T5wI00?client_reference_id=fan-apparel-comparison-worksheet,fan-apparel-comparison-worksheet.pdf
DLX-1065,fan-apparel-budget-planner,Fan Apparel Budget Planner,Sports Fan Shop,Fillable PDF,"Set a spending cap for Fan Apparel, split must-haves from nice-to-haves and log what you actually spend.",1,5.99,https://buy.stripe.com/5kQbJ22bAfBu9oe65T5wI00?client_reference_id=fan-apparel-budget-planner,fan-apparel-budget-planner.pdf
DLX-1066,fan-apparel-is-this-a-real-deal-infographic,Fan Apparel: Is This a Real Deal? Infographic,Sports Fan Shop,Infographic,One-page visual decision guide for judging whether a discount on Fan Apparel is genuine.,1,5.99,https://buy.stripe.com/5kQbJ22bAfBu9oe65T5wI00?client_reference_id=fan-apparel-is-this-a-real-deal-infographic,fan-apparel-is-this-a-real-deal-infographic.pdf
DLX-1067,fan-apparel-return-warranty-tracker,Fan Apparel Return & Warranty Tracker,Sports Fan Shop,Fillable PDF,"Fillable log for Fan Apparel: purchase date, return-by date, warranty end date, proof saved and claim status, plus a protect-your-purchase checklist.",2,5.99,https://buy.stripe.com/5kQbJ22bAfBu9oe65T5wI00?client_reference_id=fan-apparel-return-warranty-tracker,fan-apparel-return-warranty-tracker.pdf
DLX-1068,fan-apparel-sale-timing-planner,Fan Apparel Sale Timing Planner,Sports Fan Shop,Fillable PDF,"Plan when to buy Fan Apparel: set a target price, log prices over time, note sale events and alerts, and choose a buy-by date.",2,5.99,https://buy.stripe.com/5kQbJ22bAfBu9oe65T5wI00?client_reference_id=fan-apparel-sale-timing-planner,fan-apparel-sale-timing-planner.pdf
DLX-1069,tickets-buying-checklist,Tickets Buying Checklist,Sports Fan Shop,Checklist,"Printable checklist of what to check before buying Tickets: specs or fit, total cost, return policy, warranty and red flags. Fillable budget and notes fields.",2,5.99,https://buy.stripe.com/5kQbJ22bAfBu9oe65T5wI00?client_reference_id=tickets-buying-checklist,tickets-buying-checklist.pdf
DLX-1070,tickets-price-tracker,Tickets Price Tracker,Sports Fan Shop,Fillable PDF,"Fillable tracker to log Tickets prices by retailer and date, with shipping, coupon and target-price columns so you can tell a real deal.",1,5.99,https://buy.stripe.com/5kQbJ22bAfBu9oe65T5wI00?client_reference_id=tickets-price-tracker,tickets-price-tracker.pdf
DLX-1071,tickets-comparison-worksheet,Tickets Comparison Worksheet,Sports Fan Shop,Fillable PDF,Side-by-side worksheet to compare up to four Tickets options with a weighted scoring section.,1,5.99,https://buy.stripe.com/5kQbJ22bAfBu9oe65T5wI00?client_reference_id=tickets-comparison-worksheet,tickets-comparison-worksheet.pdf
DLX-1072,tickets-budget-planner,Tickets Budget Planner,Sports Fan Shop,Fillable PDF,"Set a spending cap for Tickets, split must-haves from nice-to-haves and log what you actually spend.",1,5.99,https://buy.stripe.com/5kQbJ22bAfBu9oe65T5wI00?client_reference_id=tickets-budget-planner,tickets-budget-planner.pdf
DLX-1073,tickets-is-this-a-real-deal-infographic,Tickets: Is This a Real Deal? Infographic,Sports Fan Shop,Infographic,One-page visual decision guide for judging whether a discount on Tickets is genuine.,1,5.99,https://buy.stripe.com/5kQbJ22bAfBu9oe65T5wI00?client_reference_id=tickets-is-this-a-real-deal-infographic,tickets-is-this-a-real-deal-infographic.pdf
DLX-1074,tickets-return-warranty-tracker,Tickets Return & Warranty Tracker,Sports Fan Shop,Fillable PDF,"Fillable log for Tickets: purchase date, return-by date, warranty end date, proof saved and claim status, plus a protect-your-purchase checklist.",2,5.99,https://buy.stripe.com/5kQbJ22bAfBu9oe65T5wI00?client_reference_id=tickets-return-warranty-tracker,tickets-return-warranty-tracker.pdf
DLX-1075,tickets-sale-timing-planner,Tickets Sale Timing Planner,Sports Fan Shop,Fillable PDF,"Plan when to buy Tickets: set a target price, log prices over time, note sale events and alerts, and choose a buy-by date.",2,5.99,https://buy.stripe.com/5kQbJ22bAfBu9oe65T5wI00?client_reference_id=tickets-sale-timing-planner,tickets-sale-timing-planner.pdf
DLX-1076,collectibles-memorabilia-buying-checklist,Collectibles & Memorabilia Buying Checklist,Sports Fan Shop,Checklist,"Printable checklist of what to check before buying Collectibles & Memorabilia: specs or fit, total cost, return policy, warranty and red flags. Fillable budget and notes fields.",2,5.99,https://buy.stripe.com/5kQbJ22bAfBu9oe65T5wI00?client_reference_id=collectibles-memorabilia-buying-checklist,collectibles-memorabilia-buying-checklist.pdf
DLX-1077,collectibles-memorabilia-price-tracker,Collectibles & Memorabilia Price Tracker,Sports Fan Shop,Fillable PDF,"Fillable tracker to log Collectibles & Memorabilia prices by retailer and date, with shipping, coupon and target-price columns so you can tell a real deal.",1,5.99,https://buy.stripe.com/5kQbJ22bAfBu9oe65T5wI00?client_reference_id=collectibles-memorabilia-price-tracker,collectibles-memorabilia-price-tracker.pdf
DLX-1078,collectibles-memorabilia-comparison-worksheet,Collectibles & Memorabilia Comparison Worksheet,Sports Fan Shop,Fillable PDF,Side-by-side worksheet to compare up to four Collectibles & Memorabilia options with a weighted scoring section.,1,5.99,https://buy.stripe.com/5kQbJ22bAfBu9oe65T5wI00?client_reference_id=collectibles-memorabilia-comparison-worksheet,collectibles-memorabilia-comparison-worksheet.pdf
DLX-1079,collectibles-memorabilia-budget-planner,Collectibles & Memorabilia Budget Planner,Sports Fan Shop,Fillable PDF,"Set a spending cap for Collectibles & Memorabilia, split must-haves from nice-to-haves and log what you actually spend.",1,5.99,https://buy.stripe.com/5kQbJ22bAfBu9oe65T5wI00?client_reference_id=collectibles-memorabilia-budget-planner,collectibles-memorabilia-budget-planner.pdf
DLX-1080,collectibles-memorabilia-is-this-a-real-deal-infographic,Collectibles & Memorabilia: Is This a Real Deal? Infographic,Sports Fan Shop,Infographic,One-page visual decision guide for judging whether a discount on Collectibles & Memorabilia is genuine.,1,5.99,https://buy.stripe.com/5kQbJ22bAfBu9oe65T5wI00?client_reference_id=collectibles-memorabilia-is-this-a-real-deal-infographic,collectibles-memorabilia-is-this-a-real-deal-infographic.pdf
DLX-1081,collectibles-memorabilia-return-warranty-tracker,Collectibles & Memorabilia Return & Warranty Tracker,Sports Fan Shop,Fillable PDF,"Fillable log for Collectibles & Memorabilia: purchase date, return-by date, warranty end date, proof saved and claim status, plus a protect-your-purchase checklist.",2,5.99,https://buy.stripe.com/5kQbJ22bAfBu9oe65T5wI00?client_reference_id=collectibles-memorabilia-return-warranty-tracker,collectibles-memorabilia-return-warranty-tracker.pdf
DLX-1082,collectibles-memorabilia-sale-timing-planner,Collectibles & Memorabilia Sale Timing Planner,Sports Fan Shop,Fillable PDF,"Plan when to buy Collectibles & Memorabilia: set a target price, log prices over time, note sale events and alerts, and choose a buy-by date.",2,5.99,https://buy.stripe.com/5kQbJ22bAfBu9oe65T5wI00?client_reference_id=collectibles-memorabilia-sale-timing-planner,collectibles-memorabilia-sale-timing-planner.pdf
DLX-1083,tailgate-gear-buying-checklist,Tailgate Gear Buying Checklist,Sports Fan Shop,Checklist,"Printable checklist of what to check before buying Tailgate Gear: specs or fit, total cost, return policy, warranty and red flags. Fillable budget and notes fields.",2,5.99,https://buy.stripe.com/5kQbJ22bAfBu9oe65T5wI00?client_reference_id=tailgate-gear-buying-checklist,tailgate-gear-buying-checklist.pdf
DLX-1084,tailgate-gear-price-tracker,Tailgate Gear Price Tracker,Sports Fan Shop,Fillable PDF,"Fillable tracker to log Tailgate Gear prices by retailer and date, with shipping, coupon and target-price columns so you can tell a real deal.",1,5.99,https://buy.stripe.com/5kQbJ22bAfBu9oe65T5wI00?client_reference_id=tailgate-gear-price-tracker,tailgate-gear-price-tracker.pdf
DLX-1085,tailgate-gear-comparison-worksheet,Tailgate Gear Comparison Worksheet,Sports Fan Shop,Fillable PDF,Side-by-side worksheet to compare up to four Tailgate Gear options with a weighted scoring section.,1,5.99,https://buy.stripe.com/5kQbJ22bAfBu9oe65T5wI00?client_reference_id=tailgate-gear-comparison-worksheet,tailgate-gear-comparison-worksheet.pdf
DLX-1086,tailgate-gear-budget-planner,Tailgate Gear Budget Planner,Sports Fan Shop,Fillable PDF,"Set a spending cap for Tailgate Gear, split must-haves from nice-to-haves and log what you actually spend.",1,5.99,https://buy.stripe.com/5kQbJ22bAfBu9oe65T5wI00?client_reference_id=tailgate-gear-budget-planner,tailgate-gear-budget-planner.pdf
DLX-1087,tailgate-gear-is-this-a-real-deal-infographic,Tailgate Gear: Is This a Real Deal? Infographic,Sports Fan Shop,Infographic,One-page visual decision guide for judging whether a discount on Tailgate Gear is genuine.,1,5.99,https://buy.stripe.com/5kQbJ22bAfBu9oe65T5wI00?client_reference_id=tailgate-gear-is-this-a-real-deal-infographic,tailgate-gear-is-this-a-real-deal-infographic.pdf
DLX-1088,tailgate-gear-return-warranty-tracker,Tailgate Gear Return & Warranty Tracker,Sports Fan Shop,Fillable PDF,"Fillable log for Tailgate Gear: purchase date, return-by date, warranty end date, proof saved and claim status, plus a protect-your-purchase checklist.",2,5.99,https://buy.stripe.com/5kQbJ22bAfBu9oe65T5wI00?client_reference_id=tailgate-gear-return-warranty-tracker,tailgate-gear-return-warranty-tracker.pdf
DLX-1089,tailgate-gear-sale-timing-planner,Tailgate Gear Sale Timing Planner,Sports Fan Shop,Fillable PDF,"Plan when to buy Tailgate Gear: set a target price, log prices over time, note sale events and alerts, and choose a buy-by date.",2,5.99,https://buy.stripe.com/5kQbJ22bAfBu9oe65T5wI00?client_reference_id=tailgate-gear-sale-timing-planner,tailgate-gear-sale-timing-planner.pdf
DLX-1090,team-home-d-cor-buying-checklist,Team Home Décor Buying Checklist,Sports Fan Shop,Checklist,"Printable checklist of what to check before buying Team Home Décor: specs or fit, total cost, return policy, warranty and red flags. Fillable budget and notes fields.",2,5.99,https://buy.stripe.com/5kQbJ22bAfBu9oe65T5wI00?client_reference_id=team-home-d-cor-buying-checklist,team-home-d-cor-buying-checklist.pdf
DLX-1091,team-home-d-cor-price-tracker,Team Home Décor Price Tracker,Sports Fan Shop,Fillable PDF,"Fillable tracker to log Team Home Décor prices by retailer and date, with shipping, coupon and target-price columns so you can tell a real deal.",1,5.99,https://buy.stripe.com/5kQbJ22bAfBu9oe65T5wI00?client_reference_id=team-home-d-cor-price-tracker,team-home-d-cor-price-tracker.pdf
DLX-1092,team-home-d-cor-comparison-worksheet,Team Home Décor Comparison Worksheet,Sports Fan Shop,Fillable PDF,Side-by-side worksheet to compare up to four Team Home Décor options with a weighted scoring section.,1,5.99,https://buy.stripe.com/5kQbJ22bAfBu9oe65T5wI00?client_reference_id=team-home-d-cor-comparison-worksheet,team-home-d-cor-comparison-worksheet.pdf
DLX-1093,team-home-d-cor-budget-planner,Team Home Décor Budget Planner,Sports Fan Shop,Fillable PDF,"Set a spending cap for Team Home Décor, split must-haves from nice-to-haves and log what you actually spend.",1,5.99,https://buy.stripe.com/5kQbJ22bAfBu9oe65T5wI00?client_reference_id=team-home-d-cor-budget-planner,team-home-d-cor-budget-planner.pdf
DLX-1094,team-home-d-cor-is-this-a-real-deal-infographic,Team Home Décor: Is This a Real Deal? Infographic,Sports Fan Shop,Infographic,One-page visual decision guide for judging whether a discount on Team Home Décor is genuine.,1,5.99,https://buy.stripe.com/5kQbJ22bAfBu9oe65T5wI00?client_reference_id=team-home-d-cor-is-this-a-real-deal-infographic,team-home-d-cor-is-this-a-real-deal-infographic.pdf
DLX-1095,team-home-d-cor-return-warranty-tracker,Team Home Décor Return & Warranty Tracker,Sports Fan Shop,Fillable PDF,"Fillable log for Team Home Décor: purchase date, return-by date, warranty end date, proof saved and claim status, plus a protect-your-purchase checklist.",2,5.99,https://buy.stripe.com/5kQbJ22bAfBu9oe65T5wI00?client_reference_id=team-home-d-cor-return-warranty-tracker,team-home-d-cor-return-warranty-tracker.pdf
DLX-1096,team-home-d-cor-sale-timing-planner,Team Home Décor Sale Timing Planner,Sports Fan Shop,Fillable PDF,"Plan when to buy Team Home Décor: set a target price, log prices over time, note sale events and alerts, and choose a buy-by date.",2,5.99,https://buy.stripe.com/5kQbJ22bAfBu9oe65T5wI00?client_reference_id=team-home-d-cor-sale-timing-planner,team-home-d-cor-sale-timing-planner.pdf
DLX-1097,game-day-gear-buying-checklist,Game-Day Gear Buying Checklist,Sports Fan Shop,Checklist,"Printable checklist of what to check before buying Game-Day Gear: specs or fit, total cost, return policy, warranty and red flags. Fillable budget and notes fields.",2,5.99,https://buy.stripe.com/5kQbJ22bAfBu9oe65T5wI00?client_reference_id=game-day-gear-buying-checklist,game-day-gear-buying-checklist.pdf
DLX-1098,game-day-gear-price-tracker,Game-Day Gear Price Tracker,Sports Fan Shop,Fillable PDF,"Fillable tracker to log Game-Day Gear prices by retailer and date, with shipping, coupon and target-price columns so you can tell a real deal.",1,5.99,https://buy.stripe.com/5kQbJ22bAfBu9oe65T5wI00?client_reference_id=game-day-gear-price-tracker,game-day-gear-price-tracker.pdf
DLX-1099,game-day-gear-comparison-worksheet,Game-Day Gear Comparison Worksheet,Sports Fan Shop,Fillable PDF,Side-by-side worksheet to compare up to four Game-Day Gear options with a weighted scoring section.,1,5.99,https://buy.stripe.com/5kQbJ22bAfBu9oe65T5wI00?client_reference_id=game-day-gear-comparison-worksheet,game-day-gear-comparison-worksheet.pdf
DLX-1100,game-day-gear-budget-planner,Game-Day Gear Budget Planner,Sports Fan Shop,Fillable PDF,"Set a spending cap for Game-Day Gear, split must-haves from nice-to-haves and log what you actually spend.",1,5.99,https://buy.stripe.com/5kQbJ22bAfBu9oe65T5wI00?client_reference_id=game-day-gear-budget-planner,game-day-gear-budget-planner.pdf
DLX-1101,game-day-gear-is-this-a-real-deal-infographic,Game-Day Gear: Is This a Real Deal? Infographic,Sports Fan Shop,Infographic,One-page visual decision guide for judging whether a discount on Game-Day Gear is genuine.,1,5.99,https://buy.stripe.com/5kQbJ22bAfBu9oe65T5wI00?client_reference_id=game-day-gear-is-this-a-real-deal-infographic,game-day-gear-is-this-a-real-deal-infographic.pdf
DLX-1102,game-day-gear-return-warranty-tracker,Game-Day Gear Return & Warranty Tracker,Sports Fan Shop,Fillable PDF,"Fillable log for Game-Day Gear: purchase date, return-by date, warranty end date, proof saved and claim status, plus a protect-your-purchase checklist.",2,5.99,https://buy.stripe.com/5kQbJ22bAfBu9oe65T5wI00?client_reference_id=game-day-gear-return-warranty-tracker,game-day-gear-return-warranty-tracker.pdf
DLX-1103,game-day-gear-sale-timing-planner,Game-Day Gear Sale Timing Planner,Sports Fan Shop,Fillable PDF,"Plan when to buy Game-Day Gear: set a target price, log prices over time, note sale events and alerts, and choose a buy-by date.",2,5.99,https://buy.stripe.com/5kQbJ22bAfBu9oe65T5wI00?client_reference_id=game-day-gear-sale-timing-planner,game-day-gear-sale-timing-planner.pdf
DLX-1104,mirrorless-cameras-buying-checklist,Mirrorless Cameras Buying Checklist,Cameras & Photo,Checklist,"Printable checklist of what to check before buying Mirrorless Cameras: specs or fit, total cost, return policy, warranty and red flags. Fillable budget and notes fields.",2,5.99,https://buy.stripe.com/5kQbJ22bAfBu9oe65T5wI00?client_reference_id=mirrorless-cameras-buying-checklist,mirrorless-cameras-buying-checklist.pdf
DLX-1105,mirrorless-cameras-price-tracker,Mirrorless Cameras Price Tracker,Cameras & Photo,Fillable PDF,"Fillable tracker to log Mirrorless Cameras prices by retailer and date, with shipping, coupon and target-price columns so you can tell a real deal.",1,5.99,https://buy.stripe.com/5kQbJ22bAfBu9oe65T5wI00?client_reference_id=mirrorless-cameras-price-tracker,mirrorless-cameras-price-tracker.pdf
DLX-1106,mirrorless-cameras-comparison-worksheet,Mirrorless Cameras Comparison Worksheet,Cameras & Photo,Fillable PDF,Side-by-side worksheet to compare up to four Mirrorless Cameras options with a weighted scoring section.,1,5.99,https://buy.stripe.com/5kQbJ22bAfBu9oe65T5wI00?client_reference_id=mirrorless-cameras-comparison-worksheet,mirrorless-cameras-comparison-worksheet.pdf
DLX-1107,mirrorless-cameras-budget-planner,Mirrorless Cameras Budget Planner,Cameras & Photo,Fillable PDF,"Set a spending cap for Mirrorless Cameras, split must-haves from nice-to-haves and log what you actually spend.",1,5.99,https://buy.stripe.com/5kQbJ22bAfBu9oe65T5wI00?client_reference_id=mirrorless-cameras-budget-planner,mirrorless-cameras-budget-planner.pdf
DLX-1108,mirrorless-cameras-is-this-a-real-deal-infographic,Mirrorless Cameras: Is This a Real Deal? Infographic,Cameras & Photo,Infographic,One-page visual decision guide for judging whether a discount on Mirrorless Cameras is genuine.,1,5.99,https://buy.stripe.com/5kQbJ22bAfBu9oe65T5wI00?client_reference_id=mirrorless-cameras-is-this-a-real-deal-infographic,mirrorless-cameras-is-this-a-real-deal-infographic.pdf
DLX-1109,mirrorless-cameras-return-warranty-tracker,Mirrorless Cameras Return & Warranty Tracker,Cameras & Photo,Fillable PDF,"Fillable log for Mirrorless Cameras: purchase date, return-by date, warranty end date, proof saved and claim status, plus a protect-your-purchase checklist.",2,5.99,https://buy.stripe.com/5kQbJ22bAfBu9oe65T5wI00?client_reference_id=mirrorless-cameras-return-warranty-tracker,mirrorless-cameras-return-warranty-tracker.pdf
DLX-1110,mirrorless-cameras-sale-timing-planner,Mirrorless Cameras Sale Timing Planner,Cameras & Photo,Fillable PDF,"Plan when to buy Mirrorless Cameras: set a target price, log prices over time, note sale events and alerts, and choose a buy-by date.",2,5.99,https://buy.stripe.com/5kQbJ22bAfBu9oe65T5wI00?client_reference_id=mirrorless-cameras-sale-timing-planner,mirrorless-cameras-sale-timing-planner.pdf
DLX-1111,lenses-buying-checklist,Lenses Buying Checklist,Cameras & Photo,Checklist,"Printable checklist of what to check before buying Lenses: specs or fit, total cost, return policy, warranty and red flags. Fillable budget and notes fields.",2,5.99,https://buy.stripe.com/5kQbJ22bAfBu9oe65T5wI00?client_reference_id=lenses-buying-checklist,lenses-buying-checklist.pdf
DLX-1112,lenses-price-tracker,Lenses Price Tracker,Cameras & Photo,Fillable PDF,"Fillable tracker to log Lenses prices by retailer and date, with shipping, coupon and target-price columns so you can tell a real deal.",1,5.99,https://buy.stripe.com/5kQbJ22bAfBu9oe65T5wI00?client_reference_id=lenses-price-tracker,lenses-price-tracker.pdf
DLX-1113,lenses-comparison-worksheet,Lenses Comparison Worksheet,Cameras & Photo,Fillable PDF,Side-by-side worksheet to compare up to four Lenses options with a weighted scoring section.,1,5.99,https://buy.stripe.com/5kQbJ22bAfBu9oe65T5wI00?client_reference_id=lenses-comparison-worksheet,lenses-comparison-worksheet.pdf
DLX-1114,lenses-budget-planner,Lenses Budget Planner,Cameras & Photo,Fillable PDF,"Set a spending cap for Lenses, split must-haves from nice-to-haves and log what you actually spend.",1,5.99,https://buy.stripe.com/5kQbJ22bAfBu9oe65T5wI00?client_reference_id=lenses-budget-planner,lenses-budget-planner.pdf
DLX-1115,lenses-is-this-a-real-deal-infographic,Lenses: Is This a Real Deal? Infographic,Cameras & Photo,Infographic,One-page visual decision guide for judging whether a discount on Lenses is genuine.,1,5.99,https://buy.stripe.com/5kQbJ22bAfBu9oe65T5wI00?client_reference_id=lenses-is-this-a-real-deal-infographic,lenses-is-this-a-real-deal-infographic.pdf
DLX-1116,lenses-return-warranty-tracker,Lenses Return & Warranty Tracker,Cameras & Photo,Fillable PDF,"Fillable log for Lenses: purchase date, return-by date, warranty end date, proof saved and claim status, plus a protect-your-purchase checklist.",2,5.99,https://buy.stripe.com/5kQbJ22bAfBu9oe65T5wI00?client_reference_id=lenses-return-warranty-tracker,lenses-return-warranty-tracker.pdf
DLX-1117,lenses-sale-timing-planner,Lenses Sale Timing Planner,Cameras & Photo,Fillable PDF,"Plan when to buy Lenses: set a target price, log prices over time, note sale events and alerts, and choose a buy-by date.",2,5.99,https://buy.stripe.com/5kQbJ22bAfBu9oe65T5wI00?client_reference_id=lenses-sale-timing-planner,lenses-sale-timing-planner.pdf
DLX-1118,tripods-buying-checklist,Tripods Buying Checklist,Cameras & Photo,Checklist,"Printable checklist of what to check before buying Tripods: specs or fit, total cost, return policy, warranty and red flags. Fillable budget and notes fields.",2,5.99,https://buy.stripe.com/5kQbJ22bAfBu9oe65T5wI00?client_reference_id=tripods-buying-checklist,tripods-buying-checklist.pdf
DLX-1119,tripods-price-tracker,Tripods Price Tracker,Cameras & Photo,Fillable PDF,"Fillable tracker to log Tripods prices by retailer and date, with shipping, coupon and target-price columns so you can tell a real deal.",1,5.99,https://buy.stripe.com/5kQbJ22bAfBu9oe65T5wI00?client_reference_id=tripods-price-tracker,tripods-price-tracker.pdf
DLX-1120,tripods-comparison-worksheet,Tripods Comparison Worksheet,Cameras & Photo,Fillable PDF,Side-by-side worksheet to compare up to four Tripods options with a weighted scoring section.,1,5.99,https://buy.stripe.com/5kQbJ22bAfBu9oe65T5wI00?client_reference_id=tripods-comparison-worksheet,tripods-comparison-worksheet.pdf
DLX-1121,tripods-budget-planner,Tripods Budget Planner,Cameras & Photo,Fillable PDF,"Set a spending cap for Tripods, split must-haves from nice-to-haves and log what you actually spend.",1,5.99,https://buy.stripe.com/5kQbJ22bAfBu9oe65T5wI00?client_reference_id=tripods-budget-planner,tripods-budget-planner.pdf
DLX-1122,tripods-is-this-a-real-deal-infographic,Tripods: Is This a Real Deal? Infographic,Cameras & Photo,Infographic,One-page visual decision guide for judging whether a discount on Tripods is genuine.,1,5.99,https://buy.stripe.com/5kQbJ22bAfBu9oe65T5wI00?client_reference_id=tripods-is-this-a-real-deal-infographic,tripods-is-this-a-real-deal-infographic.pdf
DLX-1123,tripods-return-warranty-tracker,Tripods Return & Warranty Tracker,Cameras & Photo,Fillable PDF,"Fillable log for Tripods: purchase date, return-by date, warranty end date, proof saved and claim status, plus a protect-your-purchase checklist.",2,5.99,https://buy.stripe.com/5kQbJ22bAfBu9oe65T5wI00?client_reference_id=tripods-return-warranty-tracker,tripods-return-warranty-tracker.pdf
DLX-1124,tripods-sale-timing-planner,Tripods Sale Timing Planner,Cameras & Photo,Fillable PDF,"Plan when to buy Tripods: set a target price, log prices over time, note sale events and alerts, and choose a buy-by date.",2,5.99,https://buy.stripe.com/5kQbJ22bAfBu9oe65T5wI00?client_reference_id=tripods-sale-timing-planner,tripods-sale-timing-planner.pdf
DLX-1125,action-cameras-buying-checklist,Action Cameras Buying Checklist,Cameras & Photo,Checklist,"Printable checklist of what to check before buying Action Cameras: specs or fit, total cost, return policy, warranty and red flags. Fillable budget and notes fields.",2,5.99,https://buy.stripe.com/5kQbJ22bAfBu9oe65T5wI00?client_reference_id=action-cameras-buying-checklist,action-cameras-buying-checklist.pdf
DLX-1126,action-cameras-price-tracker,Action Cameras Price Tracker,Cameras & Photo,Fillable PDF,"Fillable tracker to log Action Cameras prices by retailer and date, with shipping, coupon and target-price columns so you can tell a real deal.",1,5.99,https://buy.stripe.com/5kQbJ22bAfBu9oe65T5wI00?client_reference_id=action-cameras-price-tracker,action-cameras-price-tracker.pdf
DLX-1127,action-cameras-comparison-worksheet,Action Cameras Comparison Worksheet,Cameras & Photo,Fillable PDF,Side-by-side worksheet to compare up to four Action Cameras options with a weighted scoring section.,1,5.99,https://buy.stripe.com/5kQbJ22bAfBu9oe65T5wI00?client_reference_id=action-cameras-comparison-worksheet,action-cameras-comparison-worksheet.pdf
DLX-1128,action-cameras-budget-planner,Action Cameras Budget Planner,Cameras & Photo,Fillable PDF,"Set a spending cap for Action Cameras, split must-haves from nice-to-haves and log what you actually spend.",1,5.99,https://buy.stripe.com/5kQbJ22bAfBu9oe65T5wI00?client_reference_id=action-cameras-budget-planner,action-cameras-budget-planner.pdf
DLX-1129,action-cameras-is-this-a-real-deal-infographic,Action Cameras: Is This a Real Deal? Infographic,Cameras & Photo,Infographic,One-page visual decision guide for judging whether a discount on Action Cameras is genuine.,1,5.99,https://buy.stripe.com/5kQbJ22bAfBu9oe65T5wI00?client_reference_id=action-cameras-is-this-a-real-deal-infographic,action-cameras-is-this-a-real-deal-infographic.pdf
DLX-1130,action-cameras-return-warranty-tracker,Action Cameras Return & Warranty Tracker,Cameras & Photo,Fillable PDF,"Fillable log for Action Cameras: purchase date, return-by date, warranty end date, proof saved and claim status, plus a protect-your-purchase checklist.",2,5.99,https://buy.stripe.com/5kQbJ22bAfBu9oe65T5wI00?client_reference_id=action-cameras-return-warranty-tracker,action-cameras-return-warranty-tracker.pdf
DLX-1131,action-cameras-sale-timing-planner,Action Cameras Sale Timing Planner,Cameras & Photo,Fillable PDF,"Plan when to buy Action Cameras: set a target price, log prices over time, note sale events and alerts, and choose a buy-by date.",2,5.99,https://buy.stripe.com/5kQbJ22bAfBu9oe65T5wI00?client_reference_id=action-cameras-sale-timing-planner,action-cameras-sale-timing-planner.pdf
DLX-1132,photo-printers-buying-checklist,Photo Printers Buying Checklist,Cameras & Photo,Checklist,"Printable checklist of what to check before buying Photo Printers: specs or fit, total cost, return policy, warranty and red flags. Fillable budget and notes fields.",2,5.99,https://buy.stripe.com/5kQbJ22bAfBu9oe65T5wI00?client_reference_id=photo-printers-buying-checklist,photo-printers-buying-checklist.pdf
DLX-1133,photo-printers-price-tracker,Photo Printers Price Tracker,Cameras & Photo,Fillable PDF,"Fillable tracker to log Photo Printers prices by retailer and date, with shipping, coupon and target-price columns so you can tell a real deal.",1,5.99,https://buy.stripe.com/5kQbJ22bAfBu9oe65T5wI00?client_reference_id=photo-printers-price-tracker,photo-printers-price-tracker.pdf
DLX-1134,photo-printers-comparison-worksheet,Photo Printers Comparison Worksheet,Cameras & Photo,Fillable PDF,Side-by-side worksheet to compare up to four Photo Printers options with a weighted scoring section.,1,5.99,https://buy.stripe.com/5kQbJ22bAfBu9oe65T5wI00?client_reference_id=photo-printers-comparison-worksheet,photo-printers-comparison-worksheet.pdf
DLX-1135,photo-printers-budget-planner,Photo Printers Budget Planner,Cameras & Photo,Fillable PDF,"Set a spending cap for Photo Printers, split must-haves from nice-to-haves and log what you actually spend.",1,5.99,https://buy.stripe.com/5kQbJ22bAfBu9oe65T5wI00?client_reference_id=photo-printers-budget-planner,photo-printers-budget-planner.pdf
DLX-1136,photo-printers-is-this-a-real-deal-infographic,Photo Printers: Is This a Real Deal? Infographic,Cameras & Photo,Infographic,One-page visual decision guide for judging whether a discount on Photo Printers is genuine.,1,5.99,https://buy.stripe.com/5kQbJ22bAfBu9oe65T5wI00?client_reference_id=photo-printers-is-this-a-real-deal-infographic,photo-printers-is-this-a-real-deal-infographic.pdf
DLX-1137,photo-printers-return-warranty-tracker,Photo Printers Return & Warranty Tracker,Cameras & Photo,Fillable PDF,"Fillable log for Photo Printers: purchase date, return-by date, warranty end date, proof saved and claim status, plus a protect-your-purchase checklist.",2,5.99,https://buy.stripe.com/5kQbJ22bAfBu9oe65T5wI00?client_reference_id=photo-printers-return-warranty-tracker,photo-printers-return-warranty-tracker.pdf
DLX-1138,photo-printers-sale-timing-planner,Photo Printers Sale Timing Planner,Cameras & Photo,Fillable PDF,"Plan when to buy Photo Printers: set a target price, log prices over time, note sale events and alerts, and choose a buy-by date.",2,5.99,https://buy.stripe.com/5kQbJ22bAfBu9oe65T5wI00?client_reference_id=photo-printers-sale-timing-planner,photo-printers-sale-timing-planner.pdf
DLX-1139,camera-bags-buying-checklist,Camera Bags Buying Checklist,Cameras & Photo,Checklist,"Printable checklist of what to check before buying Camera Bags: specs or fit, total cost, return policy, warranty and red flags. Fillable budget and notes fields.",2,5.99,https://buy.stripe.com/5kQbJ22bAfBu9oe65T5wI00?client_reference_id=camera-bags-buying-checklist,camera-bags-buying-checklist.pdf
DLX-1140,camera-bags-price-tracker,Camera Bags Price Tracker,Cameras & Photo,Fillable PDF,"Fillable tracker to log Camera Bags prices by retailer and date, with shipping, coupon and target-price columns so you can tell a real deal.",1,5.99,https://buy.stripe.com/5kQbJ22bAfBu9oe65T5wI00?client_reference_id=camera-bags-price-tracker,camera-bags-price-tracker.pdf
DLX-1141,camera-bags-comparison-worksheet,Camera Bags Comparison Worksheet,Cameras & Photo,Fillable PDF,Side-by-side worksheet to compare up to four Camera Bags options with a weighted scoring section.,1,5.99,https://buy.stripe.com/5kQbJ22bAfBu9oe65T5wI00?client_reference_id=camera-bags-comparison-worksheet,camera-bags-comparison-worksheet.pdf
DLX-1142,camera-bags-budget-planner,Camera Bags Budget Planner,Cameras & Photo,Fillable PDF,"Set a spending cap for Camera Bags, split must-haves from nice-to-haves and log what you actually spend.",1,5.99,https://buy.stripe.com/5kQbJ22bAfBu9oe65T5wI00?client_reference_id=camera-bags-budget-planner,camera-bags-budget-planner.pdf
DLX-1143,camera-bags-is-this-a-real-deal-infographic,Camera Bags: Is This a Real Deal? Infographic,Cameras & Photo,Infographic,One-page visual decision guide for judging whether a discount on Camera Bags is genuine.,1,5.99,https://buy.stripe.com/5kQbJ22bAfBu9oe65T5wI00?client_reference_id=camera-bags-is-this-a-real-deal-infographic,camera-bags-is-this-a-real-deal-infographic.pdf
DLX-1144,camera-bags-return-warranty-tracker,Camera Bags Return & Warranty Tracker,Cameras & Photo,Fillable PDF,"Fillable log for Camera Bags: purchase date, return-by date, warranty end date, proof saved and claim status, plus a protect-your-purchase checklist.",2,5.99,https://buy.stripe.com/5kQbJ22bAfBu9oe65T5wI00?client_reference_id=camera-bags-return-warranty-tracker,camera-bags-return-warranty-tracker.pdf
DLX-1145,camera-bags-sale-timing-planner,Camera Bags Sale Timing Planner,Cameras & Photo,Fillable PDF,"Plan when to buy Camera Bags: set a target price, log prices over time, note sale events and alerts, and choose a buy-by date.",2,5.99,https://buy.stripe.com/5kQbJ22bAfBu9oe65T5wI00?client_reference_id=camera-bags-sale-timing-planner,camera-bags-sale-timing-planner.pdf
DLX-1146,lighting-kits-buying-checklist,Lighting Kits Buying Checklist,Cameras & Photo,Checklist,"Printable checklist of what to check before buying Lighting Kits: specs or fit, total cost, return policy, warranty and red flags. Fillable budget and notes fields.",2,5.99,https://buy.stripe.com/5kQbJ22bAfBu9oe65T5wI00?client_reference_id=lighting-kits-buying-checklist,lighting-kits-buying-checklist.pdf
DLX-1147,lighting-kits-price-tracker,Lighting Kits Price Tracker,Cameras & Photo,Fillable PDF,"Fillable tracker to log Lighting Kits prices by retailer and date, with shipping, coupon and target-price columns so you can tell a real deal.",1,5.99,https://buy.stripe.com/5kQbJ22bAfBu9oe65T5wI00?client_reference_id=lighting-kits-price-tracker,lighting-kits-price-tracker.pdf
DLX-1148,lighting-kits-comparison-worksheet,Lighting Kits Comparison Worksheet,Cameras & Photo,Fillable PDF,Side-by-side worksheet to compare up to four Lighting Kits options with a weighted scoring section.,1,5.99,https://buy.stripe.com/5kQbJ22bAfBu9oe65T5wI00?client_reference_id=lighting-kits-comparison-worksheet,lighting-kits-comparison-worksheet.pdf
DLX-1149,lighting-kits-budget-planner,Lighting Kits Budget Planner,Cameras & Photo,Fillable PDF,"Set a spending cap for Lighting Kits, split must-haves from nice-to-haves and log what you actually spend.",1,5.99,https://buy.stripe.com/5kQbJ22bAfBu9oe65T5wI00?client_reference_id=lighting-kits-budget-planner,lighting-kits-budget-planner.pdf
DLX-1150,lighting-kits-is-this-a-real-deal-infographic,Lighting Kits: Is This a Real Deal? Infographic,Cameras & Photo,Infographic,One-page visual decision guide for judging whether a discount on Lighting Kits is genuine.,1,5.99,https://buy.stripe.com/5kQbJ22bAfBu9oe65T5wI00?client_reference_id=lighting-kits-is-this-a-real-deal-infographic,lighting-kits-is-this-a-real-deal-infographic.pdf
DLX-1151,lighting-kits-return-warranty-tracker,Lighting Kits Return & Warranty Tracker,Cameras & Photo,Fillable PDF,"Fillable log for Lighting Kits: purchase date, return-by date, warranty end date, proof saved and claim status, plus a protect-your-purchase checklist.",2,5.99,https://buy.stripe.com/5kQbJ22bAfBu9oe65T5wI00?client_reference_id=lighting-kits-return-warranty-tracker,lighting-kits-return-warranty-tracker.pdf
DLX-1152,lighting-kits-sale-timing-planner,Lighting Kits Sale Timing Planner,Cameras & Photo,Fillable PDF,"Plan when to buy Lighting Kits: set a target price, log prices over time, note sale events and alerts, and choose a buy-by date.",2,5.99,https://buy.stripe.com/5kQbJ22bAfBu9oe65T5wI00?client_reference_id=lighting-kits-sale-timing-planner,lighting-kits-sale-timing-planner.pdf
DLX-1153,esims-buying-checklist,eSIMs Buying Checklist,Travel & Connectivity,Checklist,"Printable checklist of what to check before buying eSIMs: specs or fit, total cost, return policy, warranty and red flags. Fillable budget and notes fields.",2,5.99,https://buy.stripe.com/5kQbJ22bAfBu9oe65T5wI00?client_reference_id=esims-buying-checklist,esims-buying-checklist.pdf
DLX-1154,esims-price-tracker,eSIMs Price Tracker,Travel & Connectivity,Fillable PDF,"Fillable tracker to log eSIMs prices by retailer and date, with shipping, coupon and target-price columns so you can tell a real deal.",1,5.99,https://buy.stripe.com/5kQbJ22bAfBu9oe65T5wI00?client_reference_id=esims-price-tracker,esims-price-tracker.pdf
DLX-1155,esims-comparison-worksheet,eSIMs Comparison Worksheet,Travel & Connectivity,Fillable PDF,Side-by-side worksheet to compare up to four eSIMs options with a weighted scoring section.,1,5.99,https://buy.stripe.com/5kQbJ22bAfBu9oe65T5wI00?client_reference_id=esims-comparison-worksheet,esims-comparison-worksheet.pdf
DLX-1156,esims-budget-planner,eSIMs Budget Planner,Travel & Connectivity,Fillable PDF,"Set a spending cap for eSIMs, split must-haves from nice-to-haves and log what you actually spend.",1,5.99,https://buy.stripe.com/5kQbJ22bAfBu9oe65T5wI00?client_reference_id=esims-budget-planner,esims-budget-planner.pdf
DLX-1157,esims-is-this-a-real-deal-infographic,eSIMs: Is This a Real Deal? Infographic,Travel & Connectivity,Infographic,One-page visual decision guide for judging whether a discount on eSIMs is genuine.,1,5.99,https://buy.stripe.com/5kQbJ22bAfBu9oe65T5wI00?client_reference_id=esims-is-this-a-real-deal-infographic,esims-is-this-a-real-deal-infographic.pdf
DLX-1158,esims-return-warranty-tracker,eSIMs Return & Warranty Tracker,Travel & Connectivity,Fillable PDF,"Fillable log for eSIMs: purchase date, return-by date, warranty end date, proof saved and claim status, plus a protect-your-purchase checklist.",2,5.99,https://buy.stripe.com/5kQbJ22bAfBu9oe65T5wI00?client_reference_id=esims-return-warranty-tracker,esims-return-warranty-tracker.pdf
DLX-1159,esims-sale-timing-planner,eSIMs Sale Timing Planner,Travel & Connectivity,Fillable PDF,"Plan when to buy eSIMs: set a target price, log prices over time, note sale events and alerts, and choose a buy-by date.",2,5.99,https://buy.stripe.com/5kQbJ22bAfBu9oe65T5wI00?client_reference_id=esims-sale-timing-planner,esims-sale-timing-planner.pdf
DLX-1160,travel-insurance-buying-checklist,Travel Insurance Buying Checklist,Travel & Connectivity,Checklist,"Printable checklist of what to check before buying Travel Insurance: specs or fit, total cost, return policy, warranty and red flags. Fillable budget and notes fields.",2,5.99,https://buy.stripe.com/5kQbJ22bAfBu9oe65T5wI00?client_reference_id=travel-insurance-buying-checklist,travel-insurance-buying-checklist.pdf
DLX-1161,travel-insurance-price-tracker,Travel Insurance Price Tracker,Travel & Connectivity,Fillable PDF,"Fillable tracker to log Travel Insurance prices by retailer and date, with shipping, coupon and target-price columns so you can tell a real deal.",1,5.99,https://buy.stripe.com/5kQbJ22bAfBu9oe65T5wI00?client_reference_id=travel-insurance-price-tracker,travel-insurance-price-tracker.pdf
DLX-1162,travel-insurance-comparison-worksheet,Travel Insurance Comparison Worksheet,Travel & Connectivity,Fillable PDF,Side-by-side worksheet to compare up to four Travel Insurance options with a weighted scoring section.,1,5.99,https://buy.stripe.com/5kQbJ22bAfBu9oe65T5wI00?client_reference_id=travel-insurance-comparison-worksheet,travel-insurance-comparison-worksheet.pdf
DLX-1163,travel-insurance-budget-planner,Travel Insurance Budget Planner,Travel & Connectivity,Fillable PDF,"Set a spending cap for Travel Insurance, split must-haves from nice-to-haves and log what you actually spend.",1,5.99,https://buy.stripe.com/5kQbJ22bAfBu9oe65T5wI00?client_reference_id=travel-insurance-budget-planner,travel-insurance-budget-planner.pdf
DLX-1164,travel-insurance-is-this-a-real-deal-infographic,Travel Insurance: Is This a Real Deal? Infographic,Travel & Connectivity,Infographic,One-page visual decision guide for judging whether a discount on Travel Insurance is genuine.,1,5.99,https://buy.stripe.com/5kQbJ22bAfBu9oe65T5wI00?client_reference_id=travel-insurance-is-this-a-real-deal-infographic,travel-insurance-is-this-a-real-deal-infographic.pdf
DLX-1165,travel-insurance-return-warranty-tracker,Travel Insurance Return & Warranty Tracker,Travel & Connectivity,Fillable PDF,"Fillable log for Travel Insurance: purchase date, return-by date, warranty end date, proof saved and claim status, plus a protect-your-purchase checklist.",2,5.99,https://buy.stripe.com/5kQbJ22bAfBu9oe65T5wI00?client_reference_id=travel-insurance-return-warranty-tracker,travel-insurance-return-warranty-tracker.pdf
DLX-1166,travel-insurance-sale-timing-planner,Travel Insurance Sale Timing Planner,Travel & Connectivity,Fillable PDF,"Plan when to buy Travel Insurance: set a target price, log prices over time, note sale events and alerts, and choose a buy-by date.",2,5.99,https://buy.stripe.com/5kQbJ22bAfBu9oe65T5wI00?client_reference_id=travel-insurance-sale-timing-planner,travel-insurance-sale-timing-planner.pdf
DLX-1167,guided-tours-buying-checklist,Guided Tours Buying Checklist,Travel & Connectivity,Checklist,"Printable checklist of what to check before buying Guided Tours: specs or fit, total cost, return policy, warranty and red flags. Fillable budget and notes fields.",2,5.99,https://buy.stripe.com/5kQbJ22bAfBu9oe65T5wI00?client_reference_id=guided-tours-buying-checklist,guided-tours-buying-checklist.pdf
DLX-1168,guided-tours-price-tracker,Guided Tours Price Tracker,Travel & Connectivity,Fillable PDF,"Fillable tracker to log Guided Tours prices by retailer and date, with shipping, coupon and target-price columns so you can tell a real deal.",1,5.99,https://buy.stripe.com/5kQbJ22bAfBu9oe65T5wI00?client_reference_id=guided-tours-price-tracker,guided-tours-price-tracker.pdf
DLX-1169,guided-tours-comparison-worksheet,Guided Tours Comparison Worksheet,Travel & Connectivity,Fillable PDF,Side-by-side worksheet to compare up to four Guided Tours options with a weighted scoring section.,1,5.99,https://buy.stripe.com/5kQbJ22bAfBu9oe65T5wI00?client_reference_id=guided-tours-comparison-worksheet,guided-tours-comparison-worksheet.pdf
DLX-1170,guided-tours-budget-planner,Guided Tours Budget Planner,Travel & Connectivity,Fillable PDF,"Set a spending cap for Guided Tours, split must-haves from nice-to-haves and log what you actually spend.",1,5.99,https://buy.stripe.com/5kQbJ22bAfBu9oe65T5wI00?client_reference_id=guided-tours-budget-planner,guided-tours-budget-planner.pdf
DLX-1171,guided-tours-is-this-a-real-deal-infographic,Guided Tours: Is This a Real Deal? Infographic,Travel & Connectivity,Infographic,One-page visual decision guide for judging whether a discount on Guided Tours is genuine.,1,5.99,https://buy.stripe.com/5kQbJ22bAfBu9oe65T5wI00?client_reference_id=guided-tours-is-this-a-real-deal-infographic,guided-tours-is-this-a-real-deal-infographic.pdf
DLX-1172,guided-tours-return-warranty-tracker,Guided Tours Return & Warranty Tracker,Travel & Connectivity,Fillable PDF,"Fillable log for Guided Tours: purchase date, return-by date, warranty end date, proof saved and claim status, plus a protect-your-purchase checklist.",2,5.99,https://buy.stripe.com/5kQbJ22bAfBu9oe65T5wI00?client_reference_id=guided-tours-return-warranty-tracker,guided-tours-return-warranty-tracker.pdf
DLX-1173,guided-tours-sale-timing-planner,Guided Tours Sale Timing Planner,Travel & Connectivity,Fillable PDF,"Plan when to buy Guided Tours: set a target price, log prices over time, note sale events and alerts, and choose a buy-by date.",2,5.99,https://buy.stripe.com/5kQbJ22bAfBu9oe65T5wI00?client_reference_id=guided-tours-sale-timing-planner,guided-tours-sale-timing-planner.pdf
DLX-1174,hotels-buying-checklist,Hotels Buying Checklist,Travel & Connectivity,Checklist,"Printable checklist of what to check before buying Hotels: specs or fit, total cost, return policy, warranty and red flags. Fillable budget and notes fields.",2,5.99,https://buy.stripe.com/5kQbJ22bAfBu9oe65T5wI00?client_reference_id=hotels-buying-checklist,hotels-buying-checklist.pdf
DLX-1175,hotels-price-tracker,Hotels Price Tracker,Travel & Connectivity,Fillable PDF,"Fillable tracker to log Hotels prices by retailer and date, with shipping, coupon and target-price columns so you can tell a real deal.",1,5.99,https://buy.stripe.com/5kQbJ22bAfBu9oe65T5wI00?client_reference_id=hotels-price-tracker,hotels-price-tracker.pdf
DLX-1176,hotels-comparison-worksheet,Hotels Comparison Worksheet,Travel & Connectivity,Fillable PDF,Side-by-side worksheet to compare up to four Hotels options with a weighted scoring section.,1,5.99,https://buy.stripe.com/5kQbJ22bAfBu9oe65T5wI00?client_reference_id=hotels-comparison-worksheet,hotels-comparison-worksheet.pdf
DLX-1177,hotels-budget-planner,Hotels Budget Planner,Travel & Connectivity,Fillable PDF,"Set a spending cap for Hotels, split must-haves from nice-to-haves and log what you actually spend.",1,5.99,https://buy.stripe.com/5kQbJ22bAfBu9oe65T5wI00?client_reference_id=hotels-budget-planner,hotels-budget-planner.pdf
DLX-1178,hotels-is-this-a-real-deal-infographic,Hotels: Is This a Real Deal? Infographic,Travel & Connectivity,Infographic,One-page visual decision guide for judging whether a discount on Hotels is genuine.,1,5.99,https://buy.stripe.com/5kQbJ22bAfBu9oe65T5wI00?client_reference_id=hotels-is-this-a-real-deal-infographic,hotels-is-this-a-real-deal-infographic.pdf
DLX-1179,hotels-return-warranty-tracker,Hotels Return & Warranty Tracker,Travel & Connectivity,Fillable PDF,"Fillable log for Hotels: purchase date, return-by date, warranty end date, proof saved and claim status, plus a protect-your-purchase checklist.",2,5.99,https://buy.stripe.com/5kQbJ22bAfBu9oe65T5wI00?client_reference_id=hotels-return-warranty-tracker,hotels-return-warranty-tracker.pdf
DLX-1180,hotels-sale-timing-planner,Hotels Sale Timing Planner,Travel & Connectivity,Fillable PDF,"Plan when to buy Hotels: set a target price, log prices over time, note sale events and alerts, and choose a buy-by date.",2,5.99,https://buy.stripe.com/5kQbJ22bAfBu9oe65T5wI00?client_reference_id=hotels-sale-timing-planner,hotels-sale-timing-planner.pdf
DLX-1181,flights-buying-checklist,Flights Buying Checklist,Travel & Connectivity,Checklist,"Printable checklist of what to check before buying Flights: specs or fit, total cost, return policy, warranty and red flags. Fillable budget and notes fields.",2,5.99,https://buy.stripe.com/5kQbJ22bAfBu9oe65T5wI00?client_reference_id=flights-buying-checklist,flights-buying-checklist.pdf
DLX-1182,flights-price-tracker,Flights Price Tracker,Travel & Connectivity,Fillable PDF,"Fillable tracker to log Flights prices by retailer and date, with shipping, coupon and target-price columns so you can tell a real deal.",1,5.99,https://buy.stripe.com/5kQbJ22bAfBu9oe65T5wI00?client_reference_id=flights-price-tracker,flights-price-tracker.pdf
DLX-1183,flights-comparison-worksheet,Flights Comparison Worksheet,Travel & Connectivity,Fillable PDF,Side-by-side worksheet to compare up to four Flights options with a weighted scoring section.,1,5.99,https://buy.stripe.com/5kQbJ22bAfBu9oe65T5wI00?client_reference_id=flights-comparison-worksheet,flights-comparison-worksheet.pdf
DLX-1184,flights-budget-planner,Flights Budget Planner,Travel & Connectivity,Fillable PDF,"Set a spending cap for Flights, split must-haves from nice-to-haves and log what you actually spend.",1,5.99,https://buy.stripe.com/5kQbJ22bAfBu9oe65T5wI00?client_reference_id=flights-budget-planner,flights-budget-planner.pdf
DLX-1185,flights-is-this-a-real-deal-infographic,Flights: Is This a Real Deal? Infographic,Travel & Connectivity,Infographic,One-page visual decision guide for judging whether a discount on Flights is genuine.,1,5.99,https://buy.stripe.com/5kQbJ22bAfBu9oe65T5wI00?client_reference_id=flights-is-this-a-real-deal-infographic,flights-is-this-a-real-deal-infographic.pdf
DLX-1186,flights-return-warranty-tracker,Flights Return & Warranty Tracker,Travel & Connectivity,Fillable PDF,"Fillable log for Flights: purchase date, return-by date, warranty end date, proof saved and claim status, plus a protect-your-purchase checklist.",2,5.99,https://buy.stripe.com/5kQbJ22bAfBu9oe65T5wI00?client_reference_id=flights-return-warranty-tracker,flights-return-warranty-tracker.pdf
DLX-1187,flights-sale-timing-planner,Flights Sale Timing Planner,Travel & Connectivity,Fillable PDF,"Plan when to buy Flights: set a target price, log prices over time, note sale events and alerts, and choose a buy-by date.",2,5.99,https://buy.stripe.com/5kQbJ22bAfBu9oe65T5wI00?client_reference_id=flights-sale-timing-planner,flights-sale-timing-planner.pdf
DLX-1188,portable-chargers-buying-checklist,Portable Chargers Buying Checklist,Travel & Connectivity,Checklist,"Printable checklist of what to check before buying Portable Chargers: specs or fit, total cost, return policy, warranty and red flags. Fillable budget and notes fields.",2,5.99,https://buy.stripe.com/5kQbJ22bAfBu9oe65T5wI00?client_reference_id=portable-chargers-buying-checklist,portable-chargers-buying-checklist.pdf
DLX-1189,portable-chargers-price-tracker,Portable Chargers Price Tracker,Travel & Connectivity,Fillable PDF,"Fillable tracker to log Portable Chargers prices by retailer and date, with shipping, coupon and target-price columns so you can tell a real deal.",1,5.99,https://buy.stripe.com/5kQbJ22bAfBu9oe65T5wI00?client_reference_id=portable-chargers-price-tracker,portable-chargers-price-tracker.pdf
DLX-1190,portable-chargers-comparison-worksheet,Portable Chargers Comparison Worksheet,Travel & Connectivity,Fillable PDF,Side-by-side worksheet to compare up to four Portable Chargers options with a weighted scoring section.,1,5.99,https://buy.stripe.com/5kQbJ22bAfBu9oe65T5wI00?client_reference_id=portable-chargers-comparison-worksheet,portable-chargers-comparison-worksheet.pdf
DLX-1191,portable-chargers-budget-planner,Portable Chargers Budget Planner,Travel & Connectivity,Fillable PDF,"Set a spending cap for Portable Chargers, split must-haves from nice-to-haves and log what you actually spend.",1,5.99,https://buy.stripe.com/5kQbJ22bAfBu9oe65T5wI00?client_reference_id=portable-chargers-budget-planner,portable-chargers-budget-planner.pdf
DLX-1192,portable-chargers-is-this-a-real-deal-infographic,Portable Chargers: Is This a Real Deal? Infographic,Travel & Connectivity,Infographic,One-page visual decision guide for judging whether a discount on Portable Chargers is genuine.,1,5.99,https://buy.stripe.com/5kQbJ22bAfBu9oe65T5wI00?client_reference_id=portable-chargers-is-this-a-real-deal-infographic,portable-chargers-is-this-a-real-deal-infographic.pdf
DLX-1193,portable-chargers-return-warranty-tracker,Portable Chargers Return & Warranty Tracker,Travel & Connectivity,Fillable PDF,"Fillable log for Portable Chargers: purchase date, return-by date, warranty end date, proof saved and claim status, plus a protect-your-purchase checklist.",2,5.99,https://buy.stripe.com/5kQbJ22bAfBu9oe65T5wI00?client_reference_id=portable-chargers-return-warranty-tracker,portable-chargers-return-warranty-tracker.pdf
DLX-1194,portable-chargers-sale-timing-planner,Portable Chargers Sale Timing Planner,Travel & Connectivity,Fillable PDF,"Plan when to buy Portable Chargers: set a target price, log prices over time, note sale events and alerts, and choose a buy-by date.",2,5.99,https://buy.stripe.com/5kQbJ22bAfBu9oe65T5wI00?client_reference_id=portable-chargers-sale-timing-planner,portable-chargers-sale-timing-planner.pdf
DLX-1195,travel-adapters-buying-checklist,Travel Adapters Buying Checklist,Travel & Connectivity,Checklist,"Printable checklist of what to check before buying Travel Adapters: specs or fit, total cost, return policy, warranty and red flags. Fillable budget and notes fields.",2,5.99,https://buy.stripe.com/5kQbJ22bAfBu9oe65T5wI00?client_reference_id=travel-adapters-buying-checklist,travel-adapters-buying-checklist.pdf
DLX-1196,travel-adapters-price-tracker,Travel Adapters Price Tracker,Travel & Connectivity,Fillable PDF,"Fillable tracker to log Travel Adapters prices by retailer and date, with shipping, coupon and target-price columns so you can tell a real deal.",1,5.99,https://buy.stripe.com/5kQbJ22bAfBu9oe65T5wI00?client_reference_id=travel-adapters-price-tracker,travel-adapters-price-tracker.pdf
DLX-1197,travel-adapters-comparison-worksheet,Travel Adapters Comparison Worksheet,Travel & Connectivity,Fillable PDF,Side-by-side worksheet to compare up to four Travel Adapters options with a weighted scoring section.,1,5.99,https://buy.stripe.com/5kQbJ22bAfBu9oe65T5wI00?client_reference_id=travel-adapters-comparison-worksheet,travel-adapters-comparison-worksheet.pdf
DLX-1198,travel-adapters-budget-planner,Travel Adapters Budget Planner,Travel & Connectivity,Fillable PDF,"Set a spending cap for Travel Adapters, split must-haves from nice-to-haves and log what you actually spend.",1,5.99,https://buy.stripe.com/5kQbJ22bAfBu9oe65T5wI00?client_reference_id=travel-adapters-budget-planner,travel-adapters-budget-planner.pdf
DLX-1199,travel-adapters-is-this-a-real-deal-infographic,Travel Adapters: Is This a Real Deal? Infographic,Travel & Connectivity,Infographic,One-page visual decision guide for judging whether a discount on Travel Adapters is genuine.,1,5.99,https://buy.stripe.com/5kQbJ22bAfBu9oe65T5wI00?client_reference_id=travel-adapters-is-this-a-real-deal-infographic,travel-adapters-is-this-a-real-deal-infographic.pdf
DLX-1200,travel-adapters-return-warranty-tracker,Travel Adapters Return & Warranty Tracker,Travel & Connectivity,Fillable PDF,"Fillable log for Travel Adapters: purchase date, return-by date, warranty end date, proof saved and claim status, plus a protect-your-purchase checklist.",2,5.99,https://buy.stripe.com/5kQbJ22bAfBu9oe65T5wI00?client_reference_id=travel-adapters-return-warranty-tracker,travel-adapters-return-warranty-tracker.pdf
DLX-1201,travel-adapters-sale-timing-planner,Travel Adapters Sale Timing Planner,Travel & Connectivity,Fillable PDF,"Plan when to buy Travel Adapters: set a target price, log prices over time, note sale events and alerts, and choose a buy-by date.",2,5.99,https://buy.stripe.com/5kQbJ22bAfBu9oe65T5wI00?client_reference_id=travel-adapters-sale-timing-planner,travel-adapters-sale-timing-planner.pdf
DLX-1202,gourmet-gift-baskets-buying-checklist,Gourmet Gift Baskets Buying Checklist,Food & Snacks,Checklist,"Printable checklist of what to check before buying Gourmet Gift Baskets: specs or fit, total cost, return policy, warranty and red flags. Fillable budget and notes fields.",2,5.99,https://buy.stripe.com/5kQbJ22bAfBu9oe65T5wI00?client_reference_id=gourmet-gift-baskets-buying-checklist,gourmet-gift-baskets-buying-checklist.pdf
DLX-1203,gourmet-gift-baskets-price-tracker,Gourmet Gift Baskets Price Tracker,Food & Snacks,Fillable PDF,"Fillable tracker to log Gourmet Gift Baskets prices by retailer and date, with shipping, coupon and target-price columns so you can tell a real deal.",1,5.99,https://buy.stripe.com/5kQbJ22bAfBu9oe65T5wI00?client_reference_id=gourmet-gift-baskets-price-tracker,gourmet-gift-baskets-price-tracker.pdf
DLX-1204,gourmet-gift-baskets-comparison-worksheet,Gourmet Gift Baskets Comparison Worksheet,Food & Snacks,Fillable PDF,Side-by-side worksheet to compare up to four Gourmet Gift Baskets options with a weighted scoring section.,1,5.99,https://buy.stripe.com/5kQbJ22bAfBu9oe65T5wI00?client_reference_id=gourmet-gift-baskets-comparison-worksheet,gourmet-gift-baskets-comparison-worksheet.pdf
DLX-1205,gourmet-gift-baskets-budget-planner,Gourmet Gift Baskets Budget Planner,Food & Snacks,Fillable PDF,"Set a spending cap for Gourmet Gift Baskets, split must-haves from nice-to-haves and log what you actually spend.",1,5.99,https://buy.stripe.com/5kQbJ22bAfBu9oe65T5wI00?client_reference_id=gourmet-gift-baskets-budget-planner,gourmet-gift-baskets-budget-planner.pdf
DLX-1206,gourmet-gift-baskets-is-this-a-real-deal-infographic,Gourmet Gift Baskets: Is This a Real Deal? Infographic,Food & Snacks,Infographic,One-page visual decision guide for judging whether a discount on Gourmet Gift Baskets is genuine.,1,5.99,https://buy.stripe.com/5kQbJ22bAfBu9oe65T5wI00?client_reference_id=gourmet-gift-baskets-is-this-a-real-deal-infographic,gourmet-gift-baskets-is-this-a-real-deal-infographic.pdf
DLX-1207,gourmet-gift-baskets-return-warranty-tracker,Gourmet Gift Baskets Return & Warranty Tracker,Food & Snacks,Fillable PDF,"Fillable log for Gourmet Gift Baskets: purchase date, return-by date, warranty end date, proof saved and claim status, plus a protect-your-purchase checklist.",2,5.99,https://buy.stripe.com/5kQbJ22bAfBu9oe65T5wI00?client_reference_id=gourmet-gift-baskets-return-warranty-tracker,gourmet-gift-baskets-return-warranty-tracker.pdf
DLX-1208,gourmet-gift-baskets-sale-timing-planner,Gourmet Gift Baskets Sale Timing Planner,Food & Snacks,Fillable PDF,"Plan when to buy Gourmet Gift Baskets: set a target price, log prices over time, note sale events and alerts, and choose a buy-by date.",2,5.99,https://buy.stripe.com/5kQbJ22bAfBu9oe65T5wI00?client_reference_id=gourmet-gift-baskets-sale-timing-planner,gourmet-gift-baskets-sale-timing-planner.pdf
DLX-1209,snack-subscriptions-buying-checklist,Snack Subscriptions Buying Checklist,Food & Snacks,Checklist,"Printable checklist of what to check before buying Snack Subscriptions: specs or fit, total cost, return policy, warranty and red flags. Fillable budget and notes fields.",2,5.99,https://buy.stripe.com/5kQbJ22bAfBu9oe65T5wI00?client_reference_id=snack-subscriptions-buying-checklist,snack-subscriptions-buying-checklist.pdf
DLX-1210,snack-subscriptions-price-tracker,Snack Subscriptions Price Tracker,Food & Snacks,Fillable PDF,"Fillable tracker to log Snack Subscriptions prices by retailer and date, with shipping, coupon and target-price columns so you can tell a real deal.",1,5.99,https://buy.stripe.com/5kQbJ22bAfBu9oe65T5wI00?client_reference_id=snack-subscriptions-price-tracker,snack-subscriptions-price-tracker.pdf
DLX-1211,snack-subscriptions-comparison-worksheet,Snack Subscriptions Comparison Worksheet,Food & Snacks,Fillable PDF,Side-by-side worksheet to compare up to four Snack Subscriptions options with a weighted scoring section.,1,5.99,https://buy.stripe.com/5kQbJ22bAfBu9oe65T5wI00?client_reference_id=snack-subscriptions-comparison-worksheet,snack-subscriptions-comparison-worksheet.pdf
DLX-1212,snack-subscriptions-budget-planner,Snack Subscriptions Budget Planner,Food & Snacks,Fillable PDF,"Set a spending cap for Snack Subscriptions, split must-haves from nice-to-haves and log what you actually spend.",1,5.99,https://buy.stripe.com/5kQbJ22bAfBu9oe65T5wI00?client_reference_id=snack-subscriptions-budget-planner,snack-subscriptions-budget-planner.pdf
DLX-1213,snack-subscriptions-is-this-a-real-deal-infographic,Snack Subscriptions: Is This a Real Deal? Infographic,Food & Snacks,Infographic,One-page visual decision guide for judging whether a discount on Snack Subscriptions is genuine.,1,5.99,https://buy.stripe.com/5kQbJ22bAfBu9oe65T5wI00?client_reference_id=snack-subscriptions-is-this-a-real-deal-infographic,snack-subscriptions-is-this-a-real-deal-infographic.pdf
DLX-1214,snack-subscriptions-return-warranty-tracker,Snack Subscriptions Return & Warranty Tracker,Food & Snacks,Fillable PDF,"Fillable log for Snack Subscriptions: purchase date, return-by date, warranty end date, proof saved and claim status, plus a protect-your-purchase checklist.",2,5.99,https://buy.stripe.com/5kQbJ22bAfBu9oe65T5wI00?client_reference_id=snack-subscriptions-return-warranty-tracker,snack-subscriptions-return-warranty-tracker.pdf
DLX-1215,snack-subscriptions-sale-timing-planner,Snack Subscriptions Sale Timing Planner,Food & Snacks,Fillable PDF,"Plan when to buy Snack Subscriptions: set a target price, log prices over time, note sale events and alerts, and choose a buy-by date.",2,5.99,https://buy.stripe.com/5kQbJ22bAfBu9oe65T5wI00?client_reference_id=snack-subscriptions-sale-timing-planner,snack-subscriptions-sale-timing-planner.pdf
DLX-1216,coffee-tea-buying-checklist,Coffee & Tea Buying Checklist,Food & Snacks,Checklist,"Printable checklist of what to check before buying Coffee & Tea: specs or fit, total cost, return policy, warranty and red flags. Fillable budget and notes fields.",2,5.99,https://buy.stripe.com/5kQbJ22bAfBu9oe65T5wI00?client_reference_id=coffee-tea-buying-checklist,coffee-tea-buying-checklist.pdf
DLX-1217,coffee-tea-price-tracker,Coffee & Tea Price Tracker,Food & Snacks,Fillable PDF,"Fillable tracker to log Coffee & Tea prices by retailer and date, with shipping, coupon and target-price columns so you can tell a real deal.",1,5.99,https://buy.stripe.com/5kQbJ22bAfBu9oe65T5wI00?client_reference_id=coffee-tea-price-tracker,coffee-tea-price-tracker.pdf
DLX-1218,coffee-tea-comparison-worksheet,Coffee & Tea Comparison Worksheet,Food & Snacks,Fillable PDF,Side-by-side worksheet to compare up to four Coffee & Tea options with a weighted scoring section.,1,5.99,https://buy.stripe.com/5kQbJ22bAfBu9oe65T5wI00?client_reference_id=coffee-tea-comparison-worksheet,coffee-tea-comparison-worksheet.pdf
DLX-1219,coffee-tea-budget-planner,Coffee & Tea Budget Planner,Food & Snacks,Fillable PDF,"Set a spending cap for Coffee & Tea, split must-haves from nice-to-haves and log what you actually spend.",1,5.99,https://buy.stripe.com/5kQbJ22bAfBu9oe65T5wI00?client_reference_id=coffee-tea-budget-planner,coffee-tea-budget-planner.pdf
DLX-1220,coffee-tea-is-this-a-real-deal-infographic,Coffee & Tea: Is This a Real Deal? Infographic,Food & Snacks,Infographic,One-page visual decision guide for judging whether a discount on Coffee & Tea is genuine.,1,5.99,https://buy.stripe.com/5kQbJ22bAfBu9oe65T5wI00?client_reference_id=coffee-tea-is-this-a-real-deal-infographic,coffee-tea-is-this-a-real-deal-infographic.pdf
DLX-1221,coffee-tea-return-warranty-tracker,Coffee & Tea Return & Warranty Tracker,Food & Snacks,Fillable PDF,"Fillable log for Coffee & Tea: purchase date, return-by date, warranty end date, proof saved and claim status, plus a protect-your-purchase checklist.",2,5.99,https://buy.stripe.com/5kQbJ22bAfBu9oe65T5wI00?client_reference_id=coffee-tea-return-warranty-tracker,coffee-tea-return-warranty-tracker.pdf
DLX-1222,coffee-tea-sale-timing-planner,Coffee & Tea Sale Timing Planner,Food & Snacks,Fillable PDF,"Plan when to buy Coffee & Tea: set a target price, log prices over time, note sale events and alerts, and choose a buy-by date.",2,5.99,https://buy.stripe.com/5kQbJ22bAfBu9oe65T5wI00?client_reference_id=coffee-tea-sale-timing-planner,coffee-tea-sale-timing-planner.pdf
DLX-1223,meal-kits-buying-checklist,Meal Kits Buying Checklist,Food & Snacks,Checklist,"Printable checklist of what to check before buying Meal Kits: specs or fit, total cost, return policy, warranty and red flags. Fillable budget and notes fields.",2,5.99,https://buy.stripe.com/5kQbJ22bAfBu9oe65T5wI00?client_reference_id=meal-kits-buying-checklist,meal-kits-buying-checklist.pdf
DLX-1224,meal-kits-price-tracker,Meal Kits Price Tracker,Food & Snacks,Fillable PDF,"Fillable tracker to log Meal Kits prices by retailer and date, with shipping, coupon and target-price columns so you can tell a real deal.",1,5.99,https://buy.stripe.com/5kQbJ22bAfBu9oe65T5wI00?client_reference_id=meal-kits-price-tracker,meal-kits-price-tracker.pdf
DLX-1225,meal-kits-comparison-worksheet,Meal Kits Comparison Worksheet,Food & Snacks,Fillable PDF,Side-by-side worksheet to compare up to four Meal Kits options with a weighted scoring section.,1,5.99,https://buy.stripe.com/5kQbJ22bAfBu9oe65T5wI00?client_reference_id=meal-kits-comparison-worksheet,meal-kits-comparison-worksheet.pdf
DLX-1226,meal-kits-budget-planner,Meal Kits Budget Planner,Food & Snacks,Fillable PDF,"Set a spending cap for Meal Kits, split must-haves from nice-to-haves and log what you actually spend.",1,5.99,https://buy.stripe.com/5kQbJ22bAfBu9oe65T5wI00?client_reference_id=meal-kits-budget-planner,meal-kits-budget-planner.pdf
DLX-1227,meal-kits-is-this-a-real-deal-infographic,Meal Kits: Is This a Real Deal? Infographic,Food & Snacks,Infographic,One-page visual decision guide for judging whether a discount on Meal Kits is genuine.,1,5.99,https://buy.stripe.com/5kQbJ22bAfBu9oe65T5wI00?client_reference_id=meal-kits-is-this-a-real-deal-infographic,meal-kits-is-this-a-real-deal-infographic.pdf
DLX-1228,meal-kits-return-warranty-tracker,Meal Kits Return & Warranty Tracker,Food & Snacks,Fillable PDF,"Fillable log for Meal Kits: purchase date, return-by date, warranty end date, proof saved and claim status, plus a protect-your-purchase checklist.",2,5.99,https://buy.stripe.com/5kQbJ22bAfBu9oe65T5wI00?client_reference_id=meal-kits-return-warranty-tracker,meal-kits-return-warranty-tracker.pdf
DLX-1229,meal-kits-sale-timing-planner,Meal Kits Sale Timing Planner,Food & Snacks,Fillable PDF,"Plan when to buy Meal Kits: set a target price, log prices over time, note sale events and alerts, and choose a buy-by date.",2,5.99,https://buy.stripe.com/5kQbJ22bAfBu9oe65T5wI00?client_reference_id=meal-kits-sale-timing-planner,meal-kits-sale-timing-planner.pdf
DLX-1230,bulk-pantry-staples-buying-checklist,Bulk Pantry Staples Buying Checklist,Food & Snacks,Checklist,"Printable checklist of what to check before buying Bulk Pantry Staples: specs or fit, total cost, return policy, warranty and red flags. Fillable budget and notes fields.",2,5.99,https://buy.stripe.com/5kQbJ22bAfBu9oe65T5wI00?client_reference_id=bulk-pantry-staples-buying-checklist,bulk-pantry-staples-buying-checklist.pdf
DLX-1231,bulk-pantry-staples-price-tracker,Bulk Pantry Staples Price Tracker,Food & Snacks,Fillable PDF,"Fillable tracker to log Bulk Pantry Staples prices by retailer and date, with shipping, coupon and target-price columns so you can tell a real deal.",1,5.99,https://buy.stripe.com/5kQbJ22bAfBu9oe65T5wI00?client_reference_id=bulk-pantry-staples-price-tracker,bulk-pantry-staples-price-tracker.pdf
DLX-1232,bulk-pantry-staples-comparison-worksheet,Bulk Pantry Staples Comparison Worksheet,Food & Snacks,Fillable PDF,Side-by-side worksheet to compare up to four Bulk Pantry Staples options with a weighted scoring section.,1,5.99,https://buy.stripe.com/5kQbJ22bAfBu9oe65T5wI00?client_reference_id=bulk-pantry-staples-comparison-worksheet,bulk-pantry-staples-comparison-worksheet.pdf
DLX-1233,bulk-pantry-staples-budget-planner,Bulk Pantry Staples Budget Planner,Food & Snacks,Fillable PDF,"Set a spending cap for Bulk Pantry Staples, split must-haves from nice-to-haves and log what you actually spend.",1,5.99,https://buy.stripe.com/5kQbJ22bAfBu9oe65T5wI00?client_reference_id=bulk-pantry-staples-budget-planner,bulk-pantry-staples-budget-planner.pdf
DLX-1234,bulk-pantry-staples-is-this-a-real-deal-infographic,Bulk Pantry Staples: Is This a Real Deal? Infographic,Food & Snacks,Infographic,One-page visual decision guide for judging whether a discount on Bulk Pantry Staples is genuine.,1,5.99,https://buy.stripe.com/5kQbJ22bAfBu9oe65T5wI00?client_reference_id=bulk-pantry-staples-is-this-a-real-deal-infographic,bulk-pantry-staples-is-this-a-real-deal-infographic.pdf
DLX-1235,bulk-pantry-staples-return-warranty-tracker,Bulk Pantry Staples Return & Warranty Tracker,Food & Snacks,Fillable PDF,"Fillable log for Bulk Pantry Staples: purchase date, return-by date, warranty end date, proof saved and claim status, plus a protect-your-purchase checklist.",2,5.99,https://buy.stripe.com/5kQbJ22bAfBu9oe65T5wI00?client_reference_id=bulk-pantry-staples-return-warranty-tracker,bulk-pantry-staples-return-warranty-tracker.pdf
DLX-1236,bulk-pantry-staples-sale-timing-planner,Bulk Pantry Staples Sale Timing Planner,Food & Snacks,Fillable PDF,"Plan when to buy Bulk Pantry Staples: set a target price, log prices over time, note sale events and alerts, and choose a buy-by date.",2,5.99,https://buy.stripe.com/5kQbJ22bAfBu9oe65T5wI00?client_reference_id=bulk-pantry-staples-sale-timing-planner,bulk-pantry-staples-sale-timing-planner.pdf
DLX-1237,specialty-foods-buying-checklist,Specialty Foods Buying Checklist,Food & Snacks,Checklist,"Printable checklist of what to check before buying Specialty Foods: specs or fit, total cost, return policy, warranty and red flags. Fillable budget and notes fields.",2,5.99,https://buy.stripe.com/5kQbJ22bAfBu9oe65T5wI00?client_reference_id=specialty-foods-buying-checklist,specialty-foods-buying-checklist.pdf
DLX-1238,specialty-foods-price-tracker,Specialty Foods Price Tracker,Food & Snacks,Fillable PDF,"Fillable tracker to log Specialty Foods prices by retailer and date, with shipping, coupon and target-price columns so you can tell a real deal.",1,5.99,https://buy.stripe.com/5kQbJ22bAfBu9oe65T5wI00?client_reference_id=specialty-foods-price-tracker,specialty-foods-price-tracker.pdf
DLX-1239,specialty-foods-comparison-worksheet,Specialty Foods Comparison Worksheet,Food & Snacks,Fillable PDF,Side-by-side worksheet to compare up to four Specialty Foods options with a weighted scoring section.,1,5.99,https://buy.stripe.com/5kQbJ22bAfBu9oe65T5wI00?client_reference_id=specialty-foods-comparison-worksheet,specialty-foods-comparison-worksheet.pdf
DLX-1240,specialty-foods-budget-planner,Specialty Foods Budget Planner,Food & Snacks,Fillable PDF,"Set a spending cap for Specialty Foods, split must-haves from nice-to-haves and log what you actually spend.",1,5.99,https://buy.stripe.com/5kQbJ22bAfBu9oe65T5wI00?client_reference_id=specialty-foods-budget-planner,specialty-foods-budget-planner.pdf
DLX-1241,specialty-foods-is-this-a-real-deal-infographic,Specialty Foods: Is This a Real Deal? Infographic,Food & Snacks,Infographic,One-page visual decision guide for judging whether a discount on Specialty Foods is genuine.,1,5.99,https://buy.stripe.com/5kQbJ22bAfBu9oe65T5wI00?client_reference_id=specialty-foods-is-this-a-real-deal-infographic,specialty-foods-is-this-a-real-deal-infographic.pdf
DLX-1242,specialty-foods-return-warranty-tracker,Specialty Foods Return & Warranty Tracker,Food & Snacks,Fillable PDF,"Fillable log for Specialty Foods: purchase date, return-by date, warranty end date, proof saved and claim status, plus a protect-your-purchase checklist.",2,5.99,https://buy.stripe.com/5kQbJ22bAfBu9oe65T5wI00?client_reference_id=specialty-foods-return-warranty-tracker,specialty-foods-return-warranty-tracker.pdf
DLX-1243,specialty-foods-sale-timing-planner,Specialty Foods Sale Timing Planner,Food & Snacks,Fillable PDF,"Plan when to buy Specialty Foods: set a target price, log prices over time, note sale events and alerts, and choose a buy-by date.",2,5.99,https://buy.stripe.com/5kQbJ22bAfBu9oe65T5wI00?client_reference_id=specialty-foods-sale-timing-planner,specialty-foods-sale-timing-planner.pdf
DLX-1244,wine-spirits-gifts-buying-checklist,Wine & Spirits Gifts Buying Checklist,Food & Snacks,Checklist,"Printable checklist of what to check before buying Wine & Spirits Gifts: specs or fit, total cost, return policy, warranty and red flags. Fillable budget and notes fields.",2,5.99,https://buy.stripe.com/5kQbJ22bAfBu9oe65T5wI00?client_reference_id=wine-spirits-gifts-buying-checklist,wine-spirits-gifts-buying-checklist.pdf
DLX-1245,wine-spirits-gifts-price-tracker,Wine & Spirits Gifts Price Tracker,Food & Snacks,Fillable PDF,"Fillable tracker to log Wine & Spirits Gifts prices by retailer and date, with shipping, coupon and target-price columns so you can tell a real deal.",1,5.99,https://buy.stripe.com/5kQbJ22bAfBu9oe65T5wI00?client_reference_id=wine-spirits-gifts-price-tracker,wine-spirits-gifts-price-tracker.pdf
DLX-1246,wine-spirits-gifts-comparison-worksheet,Wine & Spirits Gifts Comparison Worksheet,Food & Snacks,Fillable PDF,Side-by-side worksheet to compare up to four Wine & Spirits Gifts options with a weighted scoring section.,1,5.99,https://buy.stripe.com/5kQbJ22bAfBu9oe65T5wI00?client_reference_id=wine-spirits-gifts-comparison-worksheet,wine-spirits-gifts-comparison-worksheet.pdf
DLX-1247,wine-spirits-gifts-budget-planner,Wine & Spirits Gifts Budget Planner,Food & Snacks,Fillable PDF,"Set a spending cap for Wine & Spirits Gifts, split must-haves from nice-to-haves and log what you actually spend.",1,5.99,https://buy.stripe.com/5kQbJ22bAfBu9oe65T5wI00?client_reference_id=wine-spirits-gifts-budget-planner,wine-spirits-gifts-budget-planner.pdf
DLX-1248,wine-spirits-gifts-is-this-a-real-deal-infographic,Wine & Spirits Gifts: Is This a Real Deal? Infographic,Food & Snacks,Infographic,One-page visual decision guide for judging whether a discount on Wine & Spirits Gifts is genuine.,1,5.99,https://buy.stripe.com/5kQbJ22bAfBu9oe65T5wI00?client_reference_id=wine-spirits-gifts-is-this-a-real-deal-infographic,wine-spirits-gifts-is-this-a-real-deal-infographic.pdf
DLX-1249,wine-spirits-gifts-return-warranty-tracker,Wine & Spirits Gifts Return & Warranty Tracker,Food & Snacks,Fillable PDF,"Fillable log for Wine & Spirits Gifts: purchase date, return-by date, warranty end date, proof saved and claim status, plus a protect-your-purchase checklist.",2,5.99,https://buy.stripe.com/5kQbJ22bAfBu9oe65T5wI00?client_reference_id=wine-spirits-gifts-return-warranty-tracker,wine-spirits-gifts-return-warranty-tracker.pdf
DLX-1250,wine-spirits-gifts-sale-timing-planner,Wine & Spirits Gifts Sale Timing Planner,Food & Snacks,Fillable PDF,"Plan when to buy Wine & Spirits Gifts: set a target price, log prices over time, note sale events and alerts, and choose a buy-by date.",2,5.99,https://buy.stripe.com/5kQbJ22bAfBu9oe65T5wI00?client_reference_id=wine-spirits-gifts-sale-timing-planner,wine-spirits-gifts-sale-timing-planner.pdf
DLX-1251,kids-toys-buying-checklist,Kids' Toys Buying Checklist,"Toys, Costumes & Pets",Checklist,"Printable checklist of what to check before buying Kids' Toys: specs or fit, total cost, return policy, warranty and red flags. Fillable budget and notes fields.",2,5.99,https://buy.stripe.com/5kQbJ22bAfBu9oe65T5wI00?client_reference_id=kids-toys-buying-checklist,kids-toys-buying-checklist.pdf
DLX-1252,kids-toys-price-tracker,Kids' Toys Price Tracker,"Toys, Costumes & Pets",Fillable PDF,"Fillable tracker to log Kids' Toys prices by retailer and date, with shipping, coupon and target-price columns so you can tell a real deal.",1,5.99,https://buy.stripe.com/5kQbJ22bAfBu9oe65T5wI00?client_reference_id=kids-toys-price-tracker,kids-toys-price-tracker.pdf
DLX-1253,kids-toys-comparison-worksheet,Kids' Toys Comparison Worksheet,"Toys, Costumes & Pets",Fillable PDF,Side-by-side worksheet to compare up to four Kids' Toys options with a weighted scoring section.,1,5.99,https://buy.stripe.com/5kQbJ22bAfBu9oe65T5wI00?client_reference_id=kids-toys-comparison-worksheet,kids-toys-comparison-worksheet.pdf
DLX-1254,kids-toys-budget-planner,Kids' Toys Budget Planner,"Toys, Costumes & Pets",Fillable PDF,"Set a spending cap for Kids' Toys, split must-haves from nice-to-haves and log what you actually spend.",1,5.99,https://buy.stripe.com/5kQbJ22bAfBu9oe65T5wI00?client_reference_id=kids-toys-budget-planner,kids-toys-budget-planner.pdf
DLX-1255,kids-toys-is-this-a-real-deal-infographic,Kids' Toys: Is This a Real Deal? Infographic,"Toys, Costumes & Pets",Infographic,One-page visual decision guide for judging whether a discount on Kids' Toys is genuine.,1,5.99,https://buy.stripe.com/5kQbJ22bAfBu9oe65T5wI00?client_reference_id=kids-toys-is-this-a-real-deal-infographic,kids-toys-is-this-a-real-deal-infographic.pdf
DLX-1256,kids-toys-return-warranty-tracker,Kids' Toys Return & Warranty Tracker,"Toys, Costumes & Pets",Fillable PDF,"Fillable log for Kids' Toys: purchase date, return-by date, warranty end date, proof saved and claim status, plus a protect-your-purchase checklist.",2,5.99,https://buy.stripe.com/5kQbJ22bAfBu9oe65T5wI00?client_reference_id=kids-toys-return-warranty-tracker,kids-toys-return-warranty-tracker.pdf
DLX-1257,kids-toys-sale-timing-planner,Kids' Toys Sale Timing Planner,"Toys, Costumes & Pets",Fillable PDF,"Plan when to buy Kids' Toys: set a target price, log prices over time, note sale events and alerts, and choose a buy-by date.",2,5.99,https://buy.stripe.com/5kQbJ22bAfBu9oe65T5wI00?client_reference_id=kids-toys-sale-timing-planner,kids-toys-sale-timing-planner.pdf
DLX-1258,halloween-costumes-buying-checklist,Halloween Costumes Buying Checklist,"Toys, Costumes & Pets",Checklist,"Printable checklist of what to check before buying Halloween Costumes: specs or fit, total cost, return policy, warranty and red flags. Fillable budget and notes fields.",2,5.99,https://buy.stripe.com/5kQbJ22bAfBu9oe65T5wI00?client_reference_id=halloween-costumes-buying-checklist,halloween-costumes-buying-checklist.pdf
DLX-1259,halloween-costumes-price-tracker,Halloween Costumes Price Tracker,"Toys, Costumes & Pets",Fillable PDF,"Fillable tracker to log Halloween Costumes prices by retailer and date, with shipping, coupon and target-price columns so you can tell a real deal.",1,5.99,https://buy.stripe.com/5kQbJ22bAfBu9oe65T5wI00?client_reference_id=halloween-costumes-price-tracker,halloween-costumes-price-tracker.pdf
DLX-1260,halloween-costumes-comparison-worksheet,Halloween Costumes Comparison Worksheet,"Toys, Costumes & Pets",Fillable PDF,Side-by-side worksheet to compare up to four Halloween Costumes options with a weighted scoring section.,1,5.99,https://buy.stripe.com/5kQbJ22bAfBu9oe65T5wI00?client_reference_id=halloween-costumes-comparison-worksheet,halloween-costumes-comparison-worksheet.pdf
DLX-1261,halloween-costumes-budget-planner,Halloween Costumes Budget Planner,"Toys, Costumes & Pets",Fillable PDF,"Set a spending cap for Halloween Costumes, split must-haves from nice-to-haves and log what you actually spend.",1,5.99,https://buy.stripe.com/5kQbJ22bAfBu9oe65T5wI00?client_reference_id=halloween-costumes-budget-planner,halloween-costumes-budget-planner.pdf
DLX-1262,halloween-costumes-is-this-a-real-deal-infographic,Halloween Costumes: Is This a Real Deal? Infographic,"Toys, Costumes & Pets",Infographic,One-page visual decision guide for judging whether a discount on Halloween Costumes is genuine.,1,5.99,https://buy.stripe.com/5kQbJ22bAfBu9oe65T5wI00?client_reference_id=halloween-costumes-is-this-a-real-deal-infographic,halloween-costumes-is-this-a-real-deal-infographic.pdf
DLX-1263,halloween-costumes-return-warranty-tracker,Halloween Costumes Return & Warranty Tracker,"Toys, Costumes & Pets",Fillable PDF,"Fillable log for Halloween Costumes: purchase date, return-by date, warranty end date, proof saved and claim status, plus a protect-your-purchase checklist.",2,5.99,https://buy.stripe.com/5kQbJ22bAfBu9oe65T5wI00?client_reference_id=halloween-costumes-return-warranty-tracker,halloween-costumes-return-warranty-tracker.pdf
DLX-1264,halloween-costumes-sale-timing-planner,Halloween Costumes Sale Timing Planner,"Toys, Costumes & Pets",Fillable PDF,"Plan when to buy Halloween Costumes: set a target price, log prices over time, note sale events and alerts, and choose a buy-by date.",2,5.99,https://buy.stripe.com/5kQbJ22bAfBu9oe65T5wI00?client_reference_id=halloween-costumes-sale-timing-planner,halloween-costumes-sale-timing-planner.pdf
DLX-1265,board-games-buying-checklist,Board Games Buying Checklist,"Toys, Costumes & Pets",Checklist,"Printable checklist of what to check before buying Board Games: specs or fit, total cost, return policy, warranty and red flags. Fillable budget and notes fields.",2,5.99,https://buy.stripe.com/5kQbJ22bAfBu9oe65T5wI00?client_reference_id=board-games-buying-checklist,board-games-buying-checklist.pdf
DLX-1266,board-games-price-tracker,Board Games Price Tracker,"Toys, Costumes & Pets",Fillable PDF,"Fillable tracker to log Board Games prices by retailer and date, with shipping, coupon and target-price columns so you can tell a real deal.",1,5.99,https://buy.stripe.com/5kQbJ22bAfBu9oe65T5wI00?client_reference_id=board-games-price-tracker,board-games-price-tracker.pdf
DLX-1267,board-games-comparison-worksheet,Board Games Comparison Worksheet,"Toys, Costumes & Pets",Fillable PDF,Side-by-side worksheet to compare up to four Board Games options with a weighted scoring section.,1,5.99,https://buy.stripe.com/5kQbJ22bAfBu9oe65T5wI00?client_reference_id=board-games-comparison-worksheet,board-games-comparison-worksheet.pdf
DLX-1268,board-games-budget-planner,Board Games Budget Planner,"Toys, Costumes & Pets",Fillable PDF,"Set a spending cap for Board Games, split must-haves from nice-to-haves and log what you actually spend.",1,5.99,https://buy.stripe.com/5kQbJ22bAfBu9oe65T5wI00?client_reference_id=board-games-budget-planner,board-games-budget-planner.pdf
DLX-1269,board-games-is-this-a-real-deal-infographic,Board Games: Is This a Real Deal? Infographic,"Toys, Costumes & Pets",Infographic,One-page visual decision guide for judging whether a discount on Board Games is genuine.,1,5.99,https://buy.stripe.com/5kQbJ22bAfBu9oe65T5wI00?client_reference_id=board-games-is-this-a-real-deal-infographic,board-games-is-this-a-real-deal-infographic.pdf
DLX-1270,board-games-return-warranty-tracker,Board Games Return & Warranty Tracker,"Toys, Costumes & Pets",Fillable PDF,"Fillable log for Board Games: purchase date, return-by date, warranty end date, proof saved and claim status, plus a protect-your-purchase checklist.",2,5.99,https://buy.stripe.com/5kQbJ22bAfBu9oe65T5wI00?client_reference_id=board-games-return-warranty-tracker,board-games-return-warranty-tracker.pdf
DLX-1271,board-games-sale-timing-planner,Board Games Sale Timing Planner,"Toys, Costumes & Pets",Fillable PDF,"Plan when to buy Board Games: set a target price, log prices over time, note sale events and alerts, and choose a buy-by date.",2,5.99,https://buy.stripe.com/5kQbJ22bAfBu9oe65T5wI00?client_reference_id=board-games-sale-timing-planner,board-games-sale-timing-planner.pdf
DLX-1272,dog-supplies-buying-checklist,Dog Supplies Buying Checklist,"Toys, Costumes & Pets",Checklist,"Printable checklist of what to check before buying Dog Supplies: specs or fit, total cost, return policy, warranty and red flags. Fillable budget and notes fields.",2,5.99,https://buy.stripe.com/5kQbJ22bAfBu9oe65T5wI00?client_reference_id=dog-supplies-buying-checklist,dog-supplies-buying-checklist.pdf
DLX-1273,dog-supplies-price-tracker,Dog Supplies Price Tracker,"Toys, Costumes & Pets",Fillable PDF,"Fillable tracker to log Dog Supplies prices by retailer and date, with shipping, coupon and target-price columns so you can tell a real deal.",1,5.99,https://buy.stripe.com/5kQbJ22bAfBu9oe65T5wI00?client_reference_id=dog-supplies-price-tracker,dog-supplies-price-tracker.pdf
DLX-1274,dog-supplies-comparison-worksheet,Dog Supplies Comparison Worksheet,"Toys, Costumes & Pets",Fillable PDF,Side-by-side worksheet to compare up to four Dog Supplies options with a weighted scoring section.,1,5.99,https://buy.stripe.com/5kQbJ22bAfBu9oe65T5wI00?client_reference_id=dog-supplies-comparison-worksheet,dog-supplies-comparison-worksheet.pdf
DLX-1275,dog-supplies-budget-planner,Dog Supplies Budget Planner,"Toys, Costumes & Pets",Fillable PDF,"Set a spending cap for Dog Supplies, split must-haves from nice-to-haves and log what you actually spend.",1,5.99,https://buy.stripe.com/5kQbJ22bAfBu9oe65T5wI00?client_reference_id=dog-supplies-budget-planner,dog-supplies-budget-planner.pdf
DLX-1276,dog-supplies-is-this-a-real-deal-infographic,Dog Supplies: Is This a Real Deal? Infographic,"Toys, Costumes & Pets",Infographic,One-page visual decision guide for judging whether a discount on Dog Supplies is genuine.,1,5.99,https://buy.stripe.com/5kQbJ22bAfBu9oe65T5wI00?client_reference_id=dog-supplies-is-this-a-real-deal-infographic,dog-supplies-is-this-a-real-deal-infographic.pdf
DLX-1277,dog-supplies-return-warranty-tracker,Dog Supplies Return & Warranty Tracker,"Toys, Costumes & Pets",Fillable PDF,"Fillable log for Dog Supplies: purchase date, return-by date, warranty end date, proof saved and claim status, plus a protect-your-purchase checklist.",2,5.99,https://buy.stripe.com/5kQbJ22bAfBu9oe65T5wI00?client_reference_id=dog-supplies-return-warranty-tracker,dog-supplies-return-warranty-tracker.pdf
DLX-1278,dog-supplies-sale-timing-planner,Dog Supplies Sale Timing Planner,"Toys, Costumes & Pets",Fillable PDF,"Plan when to buy Dog Supplies: set a target price, log prices over time, note sale events and alerts, and choose a buy-by date.",2,5.99,https://buy.stripe.com/5kQbJ22bAfBu9oe65T5wI00?client_reference_id=dog-supplies-sale-timing-planner,dog-supplies-sale-timing-planner.pdf
DLX-1279,cat-supplies-buying-checklist,Cat Supplies Buying Checklist,"Toys, Costumes & Pets",Checklist,"Printable checklist of what to check before buying Cat Supplies: specs or fit, total cost, return policy, warranty and red flags. Fillable budget and notes fields.",2,5.99,https://buy.stripe.com/5kQbJ22bAfBu9oe65T5wI00?client_reference_id=cat-supplies-buying-checklist,cat-supplies-buying-checklist.pdf
DLX-1280,cat-supplies-price-tracker,Cat Supplies Price Tracker,"Toys, Costumes & Pets",Fillable PDF,"Fillable tracker to log Cat Supplies prices by retailer and date, with shipping, coupon and target-price columns so you can tell a real deal.",1,5.99,https://buy.stripe.com/5kQbJ22bAfBu9oe65T5wI00?client_reference_id=cat-supplies-price-tracker,cat-supplies-price-tracker.pdf
DLX-1281,cat-supplies-comparison-worksheet,Cat Supplies Comparison Worksheet,"Toys, Costumes & Pets",Fillable PDF,Side-by-side worksheet to compare up to four Cat Supplies options with a weighted scoring section.,1,5.99,https://buy.stripe.com/5kQbJ22bAfBu9oe65T5wI00?client_reference_id=cat-supplies-comparison-worksheet,cat-supplies-comparison-worksheet.pdf
DLX-1282,cat-supplies-budget-planner,Cat Supplies Budget Planner,"Toys, Costumes & Pets",Fillable PDF,"Set a spending cap for Cat Supplies, split must-haves from nice-to-haves and log what you actually spend.",1,5.99,https://buy.stripe.com/5kQbJ22bAfBu9oe65T5wI00?client_reference_id=cat-supplies-budget-planner,cat-supplies-budget-planner.pdf
DLX-1283,cat-supplies-is-this-a-real-deal-infographic,Cat Supplies: Is This a Real Deal? Infographic,"Toys, Costumes & Pets",Infographic,One-page visual decision guide for judging whether a discount on Cat Supplies is genuine.,1,5.99,https://buy.stripe.com/5kQbJ22bAfBu9oe65T5wI00?client_reference_id=cat-supplies-is-this-a-real-deal-infographic,cat-supplies-is-this-a-real-deal-infographic.pdf
DLX-1284,cat-supplies-return-warranty-tracker,Cat Supplies Return & Warranty Tracker,"Toys, Costumes & Pets",Fillable PDF,"Fillable log for Cat Supplies: purchase date, return-by date, warranty end date, proof saved and claim status, plus a protect-your-purchase checklist.",2,5.99,https://buy.stripe.com/5kQbJ22bAfBu9oe65T5wI00?client_reference_id=cat-supplies-return-warranty-tracker,cat-supplies-return-warranty-tracker.pdf
DLX-1285,cat-supplies-sale-timing-planner,Cat Supplies Sale Timing Planner,"Toys, Costumes & Pets",Fillable PDF,"Plan when to buy Cat Supplies: set a target price, log prices over time, note sale events and alerts, and choose a buy-by date.",2,5.99,https://buy.stripe.com/5kQbJ22bAfBu9oe65T5wI00?client_reference_id=cat-supplies-sale-timing-planner,cat-supplies-sale-timing-planner.pdf
DLX-1286,craft-kits-buying-checklist,Craft Kits Buying Checklist,"Toys, Costumes & Pets",Checklist,"Printable checklist of what to check before buying Craft Kits: specs or fit, total cost, return policy, warranty and red flags. Fillable budget and notes fields.",2,5.99,https://buy.stripe.com/5kQbJ22bAfBu9oe65T5wI00?client_reference_id=craft-kits-buying-checklist,craft-kits-buying-checklist.pdf
DLX-1287,craft-kits-price-tracker,Craft Kits Price Tracker,"Toys, Costumes & Pets",Fillable PDF,"Fillable tracker to log Craft Kits prices by retailer and date, with shipping, coupon and target-price columns so you can tell a real deal.",1,5.99,https://buy.stripe.com/5kQbJ22bAfBu9oe65T5wI00?client_reference_id=craft-kits-price-tracker,craft-kits-price-tracker.pdf
DLX-1288,craft-kits-comparison-worksheet,Craft Kits Comparison Worksheet,"Toys, Costumes & Pets",Fillable PDF,Side-by-side worksheet to compare up to four Craft Kits options with a weighted scoring section.,1,5.99,https://buy.stripe.com/5kQbJ22bAfBu9oe65T5wI00?client_reference_id=craft-kits-comparison-worksheet,craft-kits-comparison-worksheet.pdf
DLX-1289,craft-kits-budget-planner,Craft Kits Budget Planner,"Toys, Costumes & Pets",Fillable PDF,"Set a spending cap for Craft Kits, split must-haves from nice-to-haves and log what you actually spend.",1,5.99,https://buy.stripe.com/5kQbJ22bAfBu9oe65T5wI00?client_reference_id=craft-kits-budget-planner,craft-kits-budget-planner.pdf
DLX-1290,craft-kits-is-this-a-real-deal-infographic,Craft Kits: Is This a Real Deal? Infographic,"Toys, Costumes & Pets",Infographic,One-page visual decision guide for judging whether a discount on Craft Kits is genuine.,1,5.99,https://buy.stripe.com/5kQbJ22bAfBu9oe65T5wI00?client_reference_id=craft-kits-is-this-a-real-deal-infographic,craft-kits-is-this-a-real-deal-infographic.pdf
DLX-1291,craft-kits-return-warranty-tracker,Craft Kits Return & Warranty Tracker,"Toys, Costumes & Pets",Fillable PDF,"Fillable log for Craft Kits: purchase date, return-by date, warranty end date, proof saved and claim status, plus a protect-your-purchase checklist.",2,5.99,https://buy.stripe.com/5kQbJ22bAfBu9oe65T5wI00?client_reference_id=craft-kits-return-warranty-tracker,craft-kits-return-warranty-tracker.pdf
DLX-1292,craft-kits-sale-timing-planner,Craft Kits Sale Timing Planner,"Toys, Costumes & Pets",Fillable PDF,"Plan when to buy Craft Kits: set a target price, log prices over time, note sale events and alerts, and choose a buy-by date.",2,5.99,https://buy.stripe.com/5kQbJ22bAfBu9oe65T5wI00?client_reference_id=craft-kits-sale-timing-planner,craft-kits-sale-timing-planner.pdf
DLX-1293,party-supplies-buying-checklist,Party Supplies Buying Checklist,"Toys, Costumes & Pets",Checklist,"Printable checklist of what to check before buying Party Supplies: specs or fit, total cost, return policy, warranty and red flags. Fillable budget and notes fields.",2,5.99,https://buy.stripe.com/5kQbJ22bAfBu9oe65T5wI00?client_reference_id=party-supplies-buying-checklist,party-supplies-buying-checklist.pdf
DLX-1294,party-supplies-price-tracker,Party Supplies Price Tracker,"Toys, Costumes & Pets",Fillable PDF,"Fillable tracker to log Party Supplies prices by retailer and date, with shipping, coupon and target-price columns so you can tell a real deal.",1,5.99,https://buy.stripe.com/5kQbJ22bAfBu9oe65T5wI00?client_reference_id=party-supplies-price-tracker,party-supplies-price-tracker.pdf
DLX-1295,party-supplies-comparison-worksheet,Party Supplies Comparison Worksheet,"Toys, Costumes & Pets",Fillable PDF,Side-by-side worksheet to compare up to four Party Supplies options with a weighted scoring section.,1,5.99,https://buy.stripe.com/5kQbJ22bAfBu9oe65T5wI00?client_reference_id=party-supplies-comparison-worksheet,party-supplies-comparison-worksheet.pdf
DLX-1296,party-supplies-budget-planner,Party Supplies Budget Planner,"Toys, Costumes & Pets",Fillable PDF,"Set a spending cap for Party Supplies, split must-haves from nice-to-haves and log what you actually spend.",1,5.99,https://buy.stripe.com/5kQbJ22bAfBu9oe65T5wI00?client_reference_id=party-supplies-budget-planner,party-supplies-budget-planner.pdf
DLX-1297,party-supplies-is-this-a-real-deal-infographic,Party Supplies: Is This a Real Deal? Infographic,"Toys, Costumes & Pets",Infographic,One-page visual decision guide for judging whether a discount on Party Supplies is genuine.,1,5.99,https://buy.stripe.com/5kQbJ22bAfBu9oe65T5wI00?client_reference_id=party-supplies-is-this-a-real-deal-infographic,party-supplies-is-this-a-real-deal-infographic.pdf
DLX-1298,party-supplies-return-warranty-tracker,Party Supplies Return & Warranty Tracker,"Toys, Costumes & Pets",Fillable PDF,"Fillable log for Party Supplies: purchase date, return-by date, warranty end date, proof saved and claim status, plus a protect-your-purchase checklist.",2,5.99,https://buy.stripe.com/5kQbJ22bAfBu9oe65T5wI00?client_reference_id=party-supplies-return-warranty-tracker,party-supplies-return-warranty-tracker.pdf
DLX-1299,party-supplies-sale-timing-planner,Party Supplies Sale Timing Planner,"Toys, Costumes & Pets",Fillable PDF,"Plan when to buy Party Supplies: set a target price, log prices over time, note sale events and alerts, and choose a buy-by date.",2,5.99,https://buy.stripe.com/5kQbJ22bAfBu9oe65T5wI00?client_reference_id=party-supplies-sale-timing-planner,party-supplies-sale-timing-planner.pdf
DLX-1300,puzzles-buying-checklist,Puzzles Buying Checklist,"Toys, Costumes & Pets",Checklist,"Printable checklist of what to check before buying Puzzles: specs or fit, total cost, return policy, warranty and red flags. Fillable budget and notes fields.",2,5.99,https://buy.stripe.com/5kQbJ22bAfBu9oe65T5wI00?client_reference_id=puzzles-buying-checklist,puzzles-buying-checklist.pdf
DLX-1301,puzzles-price-tracker,Puzzles Price Tracker,"Toys, Costumes & Pets",Fillable PDF,"Fillable tracker to log Puzzles prices by retailer and date, with shipping, coupon and target-price columns so you can tell a real deal.",1,5.99,https://buy.stripe.com/5kQbJ22bAfBu9oe65T5wI00?client_reference_id=puzzles-price-tracker,puzzles-price-tracker.pdf
DLX-1302,puzzles-comparison-worksheet,Puzzles Comparison Worksheet,"Toys, Costumes & Pets",Fillable PDF,Side-by-side worksheet to compare up to four Puzzles options with a weighted scoring section.,1,5.99,https://buy.stripe.com/5kQbJ22bAfBu9oe65T5wI00?client_reference_id=puzzles-comparison-worksheet,puzzles-comparison-worksheet.pdf
DLX-1303,puzzles-budget-planner,Puzzles Budget Planner,"Toys, Costumes & Pets",Fillable PDF,"Set a spending cap for Puzzles, split must-haves from nice-to-haves and log what you actually spend.",1,5.99,https://buy.stripe.com/5kQbJ22bAfBu9oe65T5wI00?client_reference_id=puzzles-budget-planner,puzzles-budget-planner.pdf
DLX-1304,puzzles-is-this-a-real-deal-infographic,Puzzles: Is This a Real Deal? Infographic,"Toys, Costumes & Pets",Infographic,One-page visual decision guide for judging whether a discount on Puzzles is genuine.,1,5.99,https://buy.stripe.com/5kQbJ22bAfBu9oe65T5wI00?client_reference_id=puzzles-is-this-a-real-deal-infographic,puzzles-is-this-a-real-deal-infographic.pdf
DLX-1305,puzzles-return-warranty-tracker,Puzzles Return & Warranty Tracker,"Toys, Costumes & Pets",Fillable PDF,"Fillable log for Puzzles: purchase date, return-by date, warranty end date, proof saved and claim status, plus a protect-your-purchase checklist.",2,5.99,https://buy.stripe.com/5kQbJ22bAfBu9oe65T5wI00?client_reference_id=puzzles-return-warranty-tracker,puzzles-return-warranty-tracker.pdf
DLX-1306,puzzles-sale-timing-planner,Puzzles Sale Timing Planner,"Toys, Costumes & Pets",Fillable PDF,"Plan when to buy Puzzles: set a target price, log prices over time, note sale events and alerts, and choose a buy-by date.",2,5.99,https://buy.stripe.com/5kQbJ22bAfBu9oe65T5wI00?client_reference_id=puzzles-sale-timing-planner,puzzles-sale-timing-planner.pdf
DLX-1307,concert-tickets-buying-checklist,Concert Tickets Buying Checklist,Tickets & Experiences,Checklist,"Printable checklist of what to check before buying Concert Tickets: specs or fit, total cost, return policy, warranty and red flags. Fillable budget and notes fields.",2,5.99,https://buy.stripe.com/5kQbJ22bAfBu9oe65T5wI00?client_reference_id=concert-tickets-buying-checklist,concert-tickets-buying-checklist.pdf
DLX-1308,concert-tickets-price-tracker,Concert Tickets Price Tracker,Tickets & Experiences,Fillable PDF,"Fillable tracker to log Concert Tickets prices by retailer and date, with shipping, coupon and target-price columns so you can tell a real deal.",1,5.99,https://buy.stripe.com/5kQbJ22bAfBu9oe65T5wI00?client_reference_id=concert-tickets-price-tracker,concert-tickets-price-tracker.pdf
DLX-1309,concert-tickets-comparison-worksheet,Concert Tickets Comparison Worksheet,Tickets & Experiences,Fillable PDF,Side-by-side worksheet to compare up to four Concert Tickets options with a weighted scoring section.,1,5.99,https://buy.stripe.com/5kQbJ22bAfBu9oe65T5wI00?client_reference_id=concert-tickets-comparison-worksheet,concert-tickets-comparison-worksheet.pdf
DLX-1310,concert-tickets-budget-planner,Concert Tickets Budget Planner,Tickets & Experiences,Fillable PDF,"Set a spending cap for Concert Tickets, split must-haves from nice-to-haves and log what you actually spend.",1,5.99,https://buy.stripe.com/5kQbJ22bAfBu9oe65T5wI00?client_reference_id=concert-tickets-budget-planner,concert-tickets-budget-planner.pdf
DLX-1311,concert-tickets-is-this-a-real-deal-infographic,Concert Tickets: Is This a Real Deal? Infographic,Tickets & Experiences,Infographic,One-page visual decision guide for judging whether a discount on Concert Tickets is genuine.,1,5.99,https://buy.stripe.com/5kQbJ22bAfBu9oe65T5wI00?client_reference_id=concert-tickets-is-this-a-real-deal-infographic,concert-tickets-is-this-a-real-deal-infographic.pdf
DLX-1312,concert-tickets-return-warranty-tracker,Concert Tickets Return & Warranty Tracker,Tickets & Experiences,Fillable PDF,"Fillable log for Concert Tickets: purchase date, return-by date, warranty end date, proof saved and claim status, plus a protect-your-purchase checklist.",2,5.99,https://buy.stripe.com/5kQbJ22bAfBu9oe65T5wI00?client_reference_id=concert-tickets-return-warranty-tracker,concert-tickets-return-warranty-tracker.pdf
DLX-1313,concert-tickets-sale-timing-planner,Concert Tickets Sale Timing Planner,Tickets & Experiences,Fillable PDF,"Plan when to buy Concert Tickets: set a target price, log prices over time, note sale events and alerts, and choose a buy-by date.",2,5.99,https://buy.stripe.com/5kQbJ22bAfBu9oe65T5wI00?client_reference_id=concert-tickets-sale-timing-planner,concert-tickets-sale-timing-planner.pdf
DLX-1314,theme-park-tickets-buying-checklist,Theme Park Tickets Buying Checklist,Tickets & Experiences,Checklist,"Printable checklist of what to check before buying Theme Park Tickets: specs or fit, total cost, return policy, warranty and red flags. Fillable budget and notes fields.",2,5.99,https://buy.stripe.com/5kQbJ22bAfBu9oe65T5wI00?client_reference_id=theme-park-tickets-buying-checklist,theme-park-tickets-buying-checklist.pdf
DLX-1315,theme-park-tickets-price-tracker,Theme Park Tickets Price Tracker,Tickets & Experiences,Fillable PDF,"Fillable tracker to log Theme Park Tickets prices by retailer and date, with shipping, coupon and target-price columns so you can tell a real deal.",1,5.99,https://buy.stripe.com/5kQbJ22bAfBu9oe65T5wI00?client_reference_id=theme-park-tickets-price-tracker,theme-park-tickets-price-tracker.pdf
DLX-1316,theme-park-tickets-comparison-worksheet,Theme Park Tickets Comparison Worksheet,Tickets & Experiences,Fillable PDF,Side-by-side worksheet to compare up to four Theme Park Tickets options with a weighted scoring section.,1,5.99,https://buy.stripe.com/5kQbJ22bAfBu9oe65T5wI00?client_reference_id=theme-park-tickets-comparison-worksheet,theme-park-tickets-comparison-worksheet.pdf
DLX-1317,theme-park-tickets-budget-planner,Theme Park Tickets Budget Planner,Tickets & Experiences,Fillable PDF,"Set a spending cap for Theme Park Tickets, split must-haves from nice-to-haves and log what you actually spend.",1,5.99,https://buy.stripe.com/5kQbJ22bAfBu9oe65T5wI00?client_reference_id=theme-park-tickets-budget-planner,theme-park-tickets-budget-planner.pdf
DLX-1318,theme-park-tickets-is-this-a-real-deal-infographic,Theme Park Tickets: Is This a Real Deal? Infographic,Tickets & Experiences,Infographic,One-page visual decision guide for judging whether a discount on Theme Park Tickets is genuine.,1,5.99,https://buy.stripe.com/5kQbJ22bAfBu9oe65T5wI00?client_reference_id=theme-park-tickets-is-this-a-real-deal-infographic,theme-park-tickets-is-this-a-real-deal-infographic.pdf
DLX-1319,theme-park-tickets-return-warranty-tracker,Theme Park Tickets Return & Warranty Tracker,Tickets & Experiences,Fillable PDF,"Fillable log for Theme Park Tickets: purchase date, return-by date, warranty end date, proof saved and claim status, plus a protect-your-purchase checklist.",2,5.99,https://buy.stripe.com/5kQbJ22bAfBu9oe65T5wI00?client_reference_id=theme-park-tickets-return-warranty-tracker,theme-park-tickets-return-warranty-tracker.pdf
DLX-1320,theme-park-tickets-sale-timing-planner,Theme Park Tickets Sale Timing Planner,Tickets & Experiences,Fillable PDF,"Plan when to buy Theme Park Tickets: set a target price, log prices over time, note sale events and alerts, and choose a buy-by date.",2,5.99,https://buy.stripe.com/5kQbJ22bAfBu9oe65T5wI00?client_reference_id=theme-park-tickets-sale-timing-planner,theme-park-tickets-sale-timing-planner.pdf
DLX-1321,theatre-tickets-buying-checklist,Theatre Tickets Buying Checklist,Tickets & Experiences,Checklist,"Printable checklist of what to check before buying Theatre Tickets: specs or fit, total cost, return policy, warranty and red flags. Fillable budget and notes fields.",2,5.99,https://buy.stripe.com/5kQbJ22bAfBu9oe65T5wI00?client_reference_id=theatre-tickets-buying-checklist,theatre-tickets-buying-checklist.pdf
DLX-1322,theatre-tickets-price-tracker,Theatre Tickets Price Tracker,Tickets & Experiences,Fillable PDF,"Fillable tracker to log Theatre Tickets prices by retailer and date, with shipping, coupon and target-price columns so you can tell a real deal.",1,5.99,https://buy.stripe.com/5kQbJ22bAfBu9oe65T5wI00?client_reference_id=theatre-tickets-price-tracker,theatre-tickets-price-tracker.pdf
DLX-1323,theatre-tickets-comparison-worksheet,Theatre Tickets Comparison Worksheet,Tickets & Experiences,Fillable PDF,Side-by-side worksheet to compare up to four Theatre Tickets options with a weighted scoring section.,1,5.99,https://buy.stripe.com/5kQbJ22bAfBu9oe65T5wI00?client_reference_id=theatre-tickets-comparison-worksheet,theatre-tickets-comparison-worksheet.pdf
DLX-1324,theatre-tickets-budget-planner,Theatre Tickets Budget Planner,Tickets & Experiences,Fillable PDF,"Set a spending cap for Theatre Tickets, split must-haves from nice-to-haves and log what you actually spend.",1,5.99,https://buy.stripe.com/5kQbJ22bAfBu9oe65T5wI00?client_reference_id=theatre-tickets-budget-planner,theatre-tickets-budget-planner.pdf
DLX-1325,theatre-tickets-is-this-a-real-deal-infographic,Theatre Tickets: Is This a Real Deal? Infographic,Tickets & Experiences,Infographic,One-page visual decision guide for judging whether a discount on Theatre Tickets is genuine.,1,5.99,https://buy.stripe.com/5kQbJ22bAfBu9oe65T5wI00?client_reference_id=theatre-tickets-is-this-a-real-deal-infographic,theatre-tickets-is-this-a-real-deal-infographic.pdf
DLX-1326,theatre-tickets-return-warranty-tracker,Theatre Tickets Return & Warranty Tracker,Tickets & Experiences,Fillable PDF,"Fillable log for Theatre Tickets: purchase date, return-by date, warranty end date, proof saved and claim status, plus a protect-your-purchase checklist.",2,5.99,https://buy.stripe.com/5kQbJ22bAfBu9oe65T5wI00?client_reference_id=theatre-tickets-return-warranty-tracker,theatre-tickets-return-warranty-tracker.pdf
DLX-1327,theatre-tickets-sale-timing-planner,Theatre Tickets Sale Timing Planner,Tickets & Experiences,Fillable PDF,"Plan when to buy Theatre Tickets: set a target price, log prices over time, note sale events and alerts, and choose a buy-by date.",2,5.99,https://buy.stripe.com/5kQbJ22bAfBu9oe65T5wI00?client_reference_id=theatre-tickets-sale-timing-planner,theatre-tickets-sale-timing-planner.pdf
DLX-1328,cooking-classes-buying-checklist,Cooking Classes Buying Checklist,Tickets & Experiences,Checklist,"Printable checklist of what to check before buying Cooking Classes: specs or fit, total cost, return policy, warranty and red flags. Fillable budget and notes fields.",2,5.99,https://buy.stripe.com/5kQbJ22bAfBu9oe65T5wI00?client_reference_id=cooking-classes-buying-checklist,cooking-classes-buying-checklist.pdf
DLX-1329,cooking-classes-price-tracker,Cooking Classes Price Tracker,Tickets & Experiences,Fillable PDF,"Fillable tracker to log Cooking Classes prices by retailer and date, with shipping, coupon and target-price columns so you can tell a real deal.",1,5.99,https://buy.stripe.com/5kQbJ22bAfBu9oe65T5wI00?client_reference_id=cooking-classes-price-tracker,cooking-classes-price-tracker.pdf
DLX-1330,cooking-classes-comparison-worksheet,Cooking Classes Comparison Worksheet,Tickets & Experiences,Fillable PDF,Side-by-side worksheet to compare up to four Cooking Classes options with a weighted scoring section.,1,5.99,https://buy.stripe.com/5kQbJ22bAfBu9oe65T5wI00?client_reference_id=cooking-classes-comparison-worksheet,cooking-classes-comparison-worksheet.pdf
DLX-1331,cooking-classes-budget-planner,Cooking Classes Budget Planner,Tickets & Experiences,Fillable PDF,"Set a spending cap for Cooking Classes, split must-haves from nice-to-haves and log what you actually spend.",1,5.99,https://buy.stripe.com/5kQbJ22bAfBu9oe65T5wI00?client_reference_id=cooking-classes-budget-planner,cooking-classes-budget-planner.pdf
DLX-1332,cooking-classes-is-this-a-real-deal-infographic,Cooking Classes: Is This a Real Deal? Infographic,Tickets & Experiences,Infographic,One-page visual decision guide for judging whether a discount on Cooking Classes is genuine.,1,5.99,https://buy.stripe.com/5kQbJ22bAfBu9oe65T5wI00?client_reference_id=cooking-classes-is-this-a-real-deal-infographic,cooking-classes-is-this-a-real-deal-infographic.pdf
DLX-1333,cooking-classes-return-warranty-tracker,Cooking Classes Return & Warranty Tracker,Tickets & Experiences,Fillable PDF,"Fillable log for Cooking Classes: purchase date, return-by date, warranty end date, proof saved and claim status, plus a protect-your-purchase checklist.",2,5.99,https://buy.stripe.com/5kQbJ22bAfBu9oe65T5wI00?client_reference_id=cooking-classes-return-warranty-tracker,cooking-classes-return-warranty-tracker.pdf
DLX-1334,cooking-classes-sale-timing-planner,Cooking Classes Sale Timing Planner,Tickets & Experiences,Fillable PDF,"Plan when to buy Cooking Classes: set a target price, log prices over time, note sale events and alerts, and choose a buy-by date.",2,5.99,https://buy.stripe.com/5kQbJ22bAfBu9oe65T5wI00?client_reference_id=cooking-classes-sale-timing-planner,cooking-classes-sale-timing-planner.pdf
DLX-1335,adventure-experiences-buying-checklist,Adventure Experiences Buying Checklist,Tickets & Experiences,Checklist,"Printable checklist of what to check before buying Adventure Experiences: specs or fit, total cost, return policy, warranty and red flags. Fillable budget and notes fields.",2,5.99,https://buy.stripe.com/5kQbJ22bAfBu9oe65T5wI00?client_reference_id=adventure-experiences-buying-checklist,adventure-experiences-buying-checklist.pdf
DLX-1336,adventure-experiences-price-tracker,Adventure Experiences Price Tracker,Tickets & Experiences,Fillable PDF,"Fillable tracker to log Adventure Experiences prices by retailer and date, with shipping, coupon and target-price columns so you can tell a real deal.",1,5.99,https://buy.stripe.com/5kQbJ22bAfBu9oe65T5wI00?client_reference_id=adventure-experiences-price-tracker,adventure-experiences-price-tracker.pdf
DLX-1337,adventure-experiences-comparison-worksheet,Adventure Experiences Comparison Worksheet,Tickets & Experiences,Fillable PDF,Side-by-side worksheet to compare up to four Adventure Experiences options with a weighted scoring section.,1,5.99,https://buy.stripe.com/5kQbJ22bAfBu9oe65T5wI00?client_reference_id=adventure-experiences-comparison-worksheet,adventure-experiences-comparison-worksheet.pdf
DLX-1338,adventure-experiences-budget-planner,Adventure Experiences Budget Planner,Tickets & Experiences,Fillable PDF,"Set a spending cap for Adventure Experiences, split must-haves from nice-to-haves and log what you actually spend.",1,5.99,https://buy.stripe.com/5kQbJ22bAfBu9oe65T5wI00?client_reference_id=adventure-experiences-budget-planner,adventure-experiences-budget-planner.pdf
DLX-1339,adventure-experiences-is-this-a-real-deal-infographic,Adventure Experiences: Is This a Real Deal? Infographic,Tickets & Experiences,Infographic,One-page visual decision guide for judging whether a discount on Adventure Experiences is genuine.,1,5.99,https://buy.stripe.com/5kQbJ22bAfBu9oe65T5wI00?client_reference_id=adventure-experiences-is-this-a-real-deal-infographic,adventure-experiences-is-this-a-real-deal-infographic.pdf
DLX-1340,adventure-experiences-return-warranty-tracker,Adventure Experiences Return & Warranty Tracker,Tickets & Experiences,Fillable PDF,"Fillable log for Adventure Experiences: purchase date, return-by date, warranty end date, proof saved and claim status, plus a protect-your-purchase checklist.",2,5.99,https://buy.stripe.com/5kQbJ22bAfBu9oe65T5wI00?client_reference_id=adventure-experiences-return-warranty-tracker,adventure-experiences-return-warranty-tracker.pdf
DLX-1341,adventure-experiences-sale-timing-planner,Adventure Experiences Sale Timing Planner,Tickets & Experiences,Fillable PDF,"Plan when to buy Adventure Experiences: set a target price, log prices over time, note sale events and alerts, and choose a buy-by date.",2,5.99,https://buy.stripe.com/5kQbJ22bAfBu9oe65T5wI00?client_reference_id=adventure-experiences-sale-timing-planner,adventure-experiences-sale-timing-planner.pdf
DLX-1342,spa-days-buying-checklist,Spa Days Buying Checklist,Tickets & Experiences,Checklist,"Printable checklist of what to check before buying Spa Days: specs or fit, total cost, return policy, warranty and red flags. Fillable budget and notes fields.",2,5.99,https://buy.stripe.com/5kQbJ22bAfBu9oe65T5wI00?client_reference_id=spa-days-buying-checklist,spa-days-buying-checklist.pdf
DLX-1343,spa-days-price-tracker,Spa Days Price Tracker,Tickets & Experiences,Fillable PDF,"Fillable tracker to log Spa Days prices by retailer and date, with shipping, coupon and target-price columns so you can tell a real deal.",1,5.99,https://buy.stripe.com/5kQbJ22bAfBu9oe65T5wI00?client_reference_id=spa-days-price-tracker,spa-days-price-tracker.pdf
DLX-1344,spa-days-comparison-worksheet,Spa Days Comparison Worksheet,Tickets & Experiences,Fillable PDF,Side-by-side worksheet to compare up to four Spa Days options with a weighted scoring section.,1,5.99,https://buy.stripe.com/5kQbJ22bAfBu9oe65T5wI00?client_reference_id=spa-days-comparison-worksheet,spa-days-comparison-worksheet.pdf
DLX-1345,spa-days-budget-planner,Spa Days Budget Planner,Tickets & Experiences,Fillable PDF,"Set a spending cap for Spa Days, split must-haves from nice-to-haves and log what you actually spend.",1,5.99,https://buy.stripe.com/5kQbJ22bAfBu9oe65T5wI00?client_reference_id=spa-days-budget-planner,spa-days-budget-planner.pdf
DLX-1346,spa-days-is-this-a-real-deal-infographic,Spa Days: Is This a Real Deal? Infographic,Tickets & Experiences,Infographic,One-page visual decision guide for judging whether a discount on Spa Days is genuine.,1,5.99,https://buy.stripe.com/5kQbJ22bAfBu9oe65T5wI00?client_reference_id=spa-days-is-this-a-real-deal-infographic,spa-days-is-this-a-real-deal-infographic.pdf
DLX-1347,spa-days-return-warranty-tracker,Spa Days Return & Warranty Tracker,Tickets & Experiences,Fillable PDF,"Fillable log for Spa Days: purchase date, return-by date, warranty end date, proof saved and claim status, plus a protect-your-purchase checklist.",2,5.99,https://buy.stripe.com/5kQbJ22bAfBu9oe65T5wI00?client_reference_id=spa-days-return-warranty-tracker,spa-days-return-warranty-tracker.pdf
DLX-1348,spa-days-sale-timing-planner,Spa Days Sale Timing Planner,Tickets & Experiences,Fillable PDF,"Plan when to buy Spa Days: set a target price, log prices over time, note sale events and alerts, and choose a buy-by date.",2,5.99,https://buy.stripe.com/5kQbJ22bAfBu9oe65T5wI00?client_reference_id=spa-days-sale-timing-planner,spa-days-sale-timing-planner.pdf
DLX-1349,gift-experiences-buying-checklist,Gift Experiences Buying Checklist,Tickets & Experiences,Checklist,"Printable checklist of what to check before buying Gift Experiences: specs or fit, total cost, return policy, warranty and red flags. Fillable budget and notes fields.",2,5.99,https://buy.stripe.com/5kQbJ22bAfBu9oe65T5wI00?client_reference_id=gift-experiences-buying-checklist,gift-experiences-buying-checklist.pdf
DLX-1350,gift-experiences-price-tracker,Gift Experiences Price Tracker,Tickets & Experiences,Fillable PDF,"Fillable tracker to log Gift Experiences prices by retailer and date, with shipping, coupon and target-price columns so you can tell a real deal.",1,5.99,https://buy.stripe.com/5kQbJ22bAfBu9oe65T5wI00?client_reference_id=gift-experiences-price-tracker,gift-experiences-price-tracker.pdf
DLX-1351,gift-experiences-comparison-worksheet,Gift Experiences Comparison Worksheet,Tickets & Experiences,Fillable PDF,Side-by-side worksheet to compare up to four Gift Experiences options with a weighted scoring section.,1,5.99,https://buy.stripe.com/5kQbJ22bAfBu9oe65T5wI00?client_reference_id=gift-experiences-comparison-worksheet,gift-experiences-comparison-worksheet.pdf
DLX-1352,gift-experiences-budget-planner,Gift Experiences Budget Planner,Tickets & Experiences,Fillable PDF,"Set a spending cap for Gift Experiences, split must-haves from nice-to-haves and log what you actually spend.",1,5.99,https://buy.stripe.com/5kQbJ22bAfBu9oe65T5wI00?client_reference_id=gift-experiences-budget-planner,gift-experiences-budget-planner.pdf
DLX-1353,gift-experiences-is-this-a-real-deal-infographic,Gift Experiences: Is This a Real Deal? Infographic,Tickets & Experiences,Infographic,One-page visual decision guide for judging whether a discount on Gift Experiences is genuine.,1,5.99,https://buy.stripe.com/5kQbJ22bAfBu9oe65T5wI00?client_reference_id=gift-experiences-is-this-a-real-deal-infographic,gift-experiences-is-this-a-real-deal-infographic.pdf
DLX-1354,gift-experiences-return-warranty-tracker,Gift Experiences Return & Warranty Tracker,Tickets & Experiences,Fillable PDF,"Fillable log for Gift Experiences: purchase date, return-by date, warranty end date, proof saved and claim status, plus a protect-your-purchase checklist.",2,5.99,https://buy.stripe.com/5kQbJ22bAfBu9oe65T5wI00?client_reference_id=gift-experiences-return-warranty-tracker,gift-experiences-return-warranty-tracker.pdf
DLX-1355,gift-experiences-sale-timing-planner,Gift Experiences Sale Timing Planner,Tickets & Experiences,Fillable PDF,"Plan when to buy Gift Experiences: set a target price, log prices over time, note sale events and alerts, and choose a buy-by date.",2,5.99,https://buy.stripe.com/5kQbJ22bAfBu9oe65T5wI00?client_reference_id=gift-experiences-sale-timing-planner,gift-experiences-sale-timing-planner.pdf
DLX-1356,gold-coins-buying-checklist,Gold Coins Buying Checklist,Coins & Precious Metals,Checklist,"Printable checklist of what to check before buying Gold Coins: specs or fit, total cost, return policy, warranty and red flags. Fillable budget and notes fields.",2,5.99,https://buy.stripe.com/5kQbJ22bAfBu9oe65T5wI00?client_reference_id=gold-coins-buying-checklist,gold-coins-buying-checklist.pdf
DLX-1357,gold-coins-price-tracker,Gold Coins Price Tracker,Coins & Precious Metals,Fillable PDF,"Fillable tracker to log Gold Coins prices by retailer and date, with shipping, coupon and target-price columns so you can tell a real deal.",1,5.99,https://buy.stripe.com/5kQbJ22bAfBu9oe65T5wI00?client_reference_id=gold-coins-price-tracker,gold-coins-price-tracker.pdf
DLX-1358,gold-coins-comparison-worksheet,Gold Coins Comparison Worksheet,Coins & Precious Metals,Fillable PDF,Side-by-side worksheet to compare up to four Gold Coins options with a weighted scoring section.,1,5.99,https://buy.stripe.com/5kQbJ22bAfBu9oe65T5wI00?client_reference_id=gold-coins-comparison-worksheet,gold-coins-comparison-worksheet.pdf
DLX-1359,gold-coins-budget-planner,Gold Coins Budget Planner,Coins & Precious Metals,Fillable PDF,"Set a spending cap for Gold Coins, split must-haves from nice-to-haves and log what you actually spend.",1,5.99,https://buy.stripe.com/5kQbJ22bAfBu9oe65T5wI00?client_reference_id=gold-coins-budget-planner,gold-coins-budget-planner.pdf
DLX-1360,gold-coins-is-this-a-real-deal-infographic,Gold Coins: Is This a Real Deal? Infographic,Coins & Precious Metals,Infographic,One-page visual decision guide for judging whether a discount on Gold Coins is genuine.,1,5.99,https://buy.stripe.com/5kQbJ22bAfBu9oe65T5wI00?client_reference_id=gold-coins-is-this-a-real-deal-infographic,gold-coins-is-this-a-real-deal-infographic.pdf
DLX-1361,gold-coins-return-warranty-tracker,Gold Coins Return & Warranty Tracker,Coins & Precious Metals,Fillable PDF,"Fillable log for Gold Coins: purchase date, return-by date, warranty end date, proof saved and claim status, plus a protect-your-purchase checklist.",2,5.99,https://buy.stripe.com/5kQbJ22bAfBu9oe65T5wI00?client_reference_id=gold-coins-return-warranty-tracker,gold-coins-return-warranty-tracker.pdf
DLX-1362,gold-coins-sale-timing-planner,Gold Coins Sale Timing Planner,Coins & Precious Metals,Fillable PDF,"Plan when to buy Gold Coins: set a target price, log prices over time, note sale events and alerts, and choose a buy-by date.",2,5.99,https://buy.stripe.com/5kQbJ22bAfBu9oe65T5wI00?client_reference_id=gold-coins-sale-timing-planner,gold-coins-sale-timing-planner.pdf
DLX-1363,silver-bullion-buying-checklist,Silver Bullion Buying Checklist,Coins & Precious Metals,Checklist,"Printable checklist of what to check before buying Silver Bullion: specs or fit, total cost, return policy, warranty and red flags. Fillable budget and notes fields.",2,5.99,https://buy.stripe.com/5kQbJ22bAfBu9oe65T5wI00?client_reference_id=silver-bullion-buying-checklist,silver-bullion-buying-checklist.pdf
DLX-1364,silver-bullion-price-tracker,Silver Bullion Price Tracker,Coins & Precious Metals,Fillable PDF,"Fillable tracker to log Silver Bullion prices by retailer and date, with shipping, coupon and target-price columns so you can tell a real deal.",1,5.99,https://buy.stripe.com/5kQbJ22bAfBu9oe65T5wI00?client_reference_id=silver-bullion-price-tracker,silver-bullion-price-tracker.pdf
DLX-1365,silver-bullion-comparison-worksheet,Silver Bullion Comparison Worksheet,Coins & Precious Metals,Fillable PDF,Side-by-side worksheet to compare up to four Silver Bullion options with a weighted scoring section.,1,5.99,https://buy.stripe.com/5kQbJ22bAfBu9oe65T5wI00?client_reference_id=silver-bullion-comparison-worksheet,silver-bullion-comparison-worksheet.pdf
DLX-1366,silver-bullion-budget-planner,Silver Bullion Budget Planner,Coins & Precious Metals,Fillable PDF,"Set a spending cap for Silver Bullion, split must-haves from nice-to-haves and log what you actually spend.",1,5.99,https://buy.stripe.com/5kQbJ22bAfBu9oe65T5wI00?client_reference_id=silver-bullion-budget-planner,silver-bullion-budget-planner.pdf
DLX-1367,silver-bullion-is-this-a-real-deal-infographic,Silver Bullion: Is This a Real Deal? Infographic,Coins & Precious Metals,Infographic,One-page visual decision guide for judging whether a discount on Silver Bullion is genuine.,1,5.99,https://buy.stripe.com/5kQbJ22bAfBu9oe65T5wI00?client_reference_id=silver-bullion-is-this-a-real-deal-infographic,silver-bullion-is-this-a-real-deal-infographic.pdf
DLX-1368,silver-bullion-return-warranty-tracker,Silver Bullion Return & Warranty Tracker,Coins & Precious Metals,Fillable PDF,"Fillable log for Silver Bullion: purchase date, return-by date, warranty end date, proof saved and claim status, plus a protect-your-purchase checklist.",2,5.99,https://buy.stripe.com/5kQbJ22bAfBu9oe65T5wI00?client_reference_id=silver-bullion-return-warranty-tracker,silver-bullion-return-warranty-tracker.pdf
DLX-1369,silver-bullion-sale-timing-planner,Silver Bullion Sale Timing Planner,Coins & Precious Metals,Fillable PDF,"Plan when to buy Silver Bullion: set a target price, log prices over time, note sale events and alerts, and choose a buy-by date.",2,5.99,https://buy.stripe.com/5kQbJ22bAfBu9oe65T5wI00?client_reference_id=silver-bullion-sale-timing-planner,silver-bullion-sale-timing-planner.pdf
DLX-1370,collectible-coins-buying-checklist,Collectible Coins Buying Checklist,Coins & Precious Metals,Checklist,"Printable checklist of what to check before buying Collectible Coins: specs or fit, total cost, return policy, warranty and red flags. Fillable budget and notes fields.",2,5.99,https://buy.stripe.com/5kQbJ22bAfBu9oe65T5wI00?client_reference_id=collectible-coins-buying-checklist,collectible-coins-buying-checklist.pdf
DLX-1371,collectible-coins-price-tracker,Collectible Coins Price Tracker,Coins & Precious Metals,Fillable PDF,"Fillable tracker to log Collectible Coins prices by retailer and date, with shipping, coupon and target-price columns so you can tell a real deal.",1,5.99,https://buy.stripe.com/5kQbJ22bAfBu9oe65T5wI00?client_reference_id=collectible-coins-price-tracker,collectible-coins-price-tracker.pdf
DLX-1372,collectible-coins-comparison-worksheet,Collectible Coins Comparison Worksheet,Coins & Precious Metals,Fillable PDF,Side-by-side worksheet to compare up to four Collectible Coins options with a weighted scoring section.,1,5.99,https://buy.stripe.com/5kQbJ22bAfBu9oe65T5wI00?client_reference_id=collectible-coins-comparison-worksheet,collectible-coins-comparison-worksheet.pdf
DLX-1373,collectible-coins-budget-planner,Collectible Coins Budget Planner,Coins & Precious Metals,Fillable PDF,"Set a spending cap for Collectible Coins, split must-haves from nice-to-haves and log what you actually spend.",1,5.99,https://buy.stripe.com/5kQbJ22bAfBu9oe65T5wI00?client_reference_id=collectible-coins-budget-planner,collectible-coins-budget-planner.pdf
DLX-1374,collectible-coins-is-this-a-real-deal-infographic,Collectible Coins: Is This a Real Deal? Infographic,Coins & Precious Metals,Infographic,One-page visual decision guide for judging whether a discount on Collectible Coins is genuine.,1,5.99,https://buy.stripe.com/5kQbJ22bAfBu9oe65T5wI00?client_reference_id=collectible-coins-is-this-a-real-deal-infographic,collectible-coins-is-this-a-real-deal-infographic.pdf
DLX-1375,collectible-coins-return-warranty-tracker,Collectible Coins Return & Warranty Tracker,Coins & Precious Metals,Fillable PDF,"Fillable log for Collectible Coins: purchase date, return-by date, warranty end date, proof saved and claim status, plus a protect-your-purchase checklist.",2,5.99,https://buy.stripe.com/5kQbJ22bAfBu9oe65T5wI00?client_reference_id=collectible-coins-return-warranty-tracker,collectible-coins-return-warranty-tracker.pdf
DLX-1376,collectible-coins-sale-timing-planner,Collectible Coins Sale Timing Planner,Coins & Precious Metals,Fillable PDF,"Plan when to buy Collectible Coins: set a target price, log prices over time, note sale events and alerts, and choose a buy-by date.",2,5.99,https://buy.stripe.com/5kQbJ22bAfBu9oe65T5wI00?client_reference_id=collectible-coins-sale-timing-planner,collectible-coins-sale-timing-planner.pdf
DLX-1377,coin-storage-supplies-buying-checklist,Coin Storage & Supplies Buying Checklist,Coins & Precious Metals,Checklist,"Printable checklist of what to check before buying Coin Storage & Supplies: specs or fit, total cost, return policy, warranty and red flags. Fillable budget and notes fields.",2,5.99,https://buy.stripe.com/5kQbJ22bAfBu9oe65T5wI00?client_reference_id=coin-storage-supplies-buying-checklist,coin-storage-supplies-buying-checklist.pdf
DLX-1378,coin-storage-supplies-price-tracker,Coin Storage & Supplies Price Tracker,Coins & Precious Metals,Fillable PDF,"Fillable tracker to log Coin Storage & Supplies prices by retailer and date, with shipping, coupon and target-price columns so you can tell a real deal.",1,5.99,https://buy.stripe.com/5kQbJ22bAfBu9oe65T5wI00?client_reference_id=coin-storage-supplies-price-tracker,coin-storage-supplies-price-tracker.pdf
DLX-1379,coin-storage-supplies-comparison-worksheet,Coin Storage & Supplies Comparison Worksheet,Coins & Precious Metals,Fillable PDF,Side-by-side worksheet to compare up to four Coin Storage & Supplies options with a weighted scoring section.,1,5.99,https://buy.stripe.com/5kQbJ22bAfBu9oe65T5wI00?client_reference_id=coin-storage-supplies-comparison-worksheet,coin-storage-supplies-comparison-worksheet.pdf
DLX-1380,coin-storage-supplies-budget-planner,Coin Storage & Supplies Budget Planner,Coins & Precious Metals,Fillable PDF,"Set a spending cap for Coin Storage & Supplies, split must-haves from nice-to-haves and log what you actually spend.",1,5.99,https://buy.stripe.com/5kQbJ22bAfBu9oe65T5wI00?client_reference_id=coin-storage-supplies-budget-planner,coin-storage-supplies-budget-planner.pdf
DLX-1381,coin-storage-supplies-is-this-a-real-deal-infographic,Coin Storage & Supplies: Is This a Real Deal? Infographic,Coins & Precious Metals,Infographic,One-page visual decision guide for judging whether a discount on Coin Storage & Supplies is genuine.,1,5.99,https://buy.stripe.com/5kQbJ22bAfBu9oe65T5wI00?client_reference_id=coin-storage-supplies-is-this-a-real-deal-infographic,coin-storage-supplies-is-this-a-real-deal-infographic.pdf
DLX-1382,coin-storage-supplies-return-warranty-tracker,Coin Storage & Supplies Return & Warranty Tracker,Coins & Precious Metals,Fillable PDF,"Fillable log for Coin Storage & Supplies: purchase date, return-by date, warranty end date, proof saved and claim status, plus a protect-your-purchase checklist.",2,5.99,https://buy.stripe.com/5kQbJ22bAfBu9oe65T5wI00?client_reference_id=coin-storage-supplies-return-warranty-tracker,coin-storage-supplies-return-warranty-tracker.pdf
DLX-1383,coin-storage-supplies-sale-timing-planner,Coin Storage & Supplies Sale Timing Planner,Coins & Precious Metals,Fillable PDF,"Plan when to buy Coin Storage & Supplies: set a target price, log prices over time, note sale events and alerts, and choose a buy-by date.",2,5.99,https://buy.stripe.com/5kQbJ22bAfBu9oe65T5wI00?client_reference_id=coin-storage-supplies-sale-timing-planner,coin-storage-supplies-sale-timing-planner.pdf
DLX-1384,precious-metals-dealers-buying-checklist,Precious Metals Dealers Buying Checklist,Coins & Precious Metals,Checklist,"Printable checklist of what to check before buying Precious Metals Dealers: specs or fit, total cost, return policy, warranty and red flags. Fillable budget and notes fields.",2,5.99,https://buy.stripe.com/5kQbJ22bAfBu9oe65T5wI00?client_reference_id=precious-metals-dealers-buying-checklist,precious-metals-dealers-buying-checklist.pdf
DLX-1385,precious-metals-dealers-price-tracker,Precious Metals Dealers Price Tracker,Coins & Precious Metals,Fillable PDF,"Fillable tracker to log Precious Metals Dealers prices by retailer and date, with shipping, coupon and target-price columns so you can tell a real deal.",1,5.99,https://buy.stripe.com/5kQbJ22bAfBu9oe65T5wI00?client_reference_id=precious-metals-dealers-price-tracker,precious-metals-dealers-price-tracker.pdf
DLX-1386,precious-metals-dealers-comparison-worksheet,Precious Metals Dealers Comparison Worksheet,Coins & Precious Metals,Fillable PDF,Side-by-side worksheet to compare up to four Precious Metals Dealers options with a weighted scoring section.,1,5.99,https://buy.stripe.com/5kQbJ22bAfBu9oe65T5wI00?client_reference_id=precious-metals-dealers-comparison-worksheet,precious-metals-dealers-comparison-worksheet.pdf
DLX-1387,precious-metals-dealers-budget-planner,Precious Metals Dealers Budget Planner,Coins & Precious Metals,Fillable PDF,"Set a spending cap for Precious Metals Dealers, split must-haves from nice-to-haves and log what you actually spend.",1,5.99,https://buy.stripe.com/5kQbJ22bAfBu9oe65T5wI00?client_reference_id=precious-metals-dealers-budget-planner,precious-metals-dealers-budget-planner.pdf
DLX-1388,precious-metals-dealers-is-this-a-real-deal-infographic,Precious Metals Dealers: Is This a Real Deal? Infographic,Coins & Precious Metals,Infographic,One-page visual decision guide for judging whether a discount on Precious Metals Dealers is genuine.,1,5.99,https://buy.stripe.com/5kQbJ22bAfBu9oe65T5wI00?client_reference_id=precious-metals-dealers-is-this-a-real-deal-infographic,precious-metals-dealers-is-this-a-real-deal-infographic.pdf
DLX-1389,precious-metals-dealers-return-warranty-tracker,Precious Metals Dealers Return & Warranty Tracker,Coins & Precious Metals,Fillable PDF,"Fillable log for Precious Metals Dealers: purchase date, return-by date, warranty end date, proof saved and claim status, plus a protect-your-purchase checklist.",2,5.99,https://buy.stripe.com/5kQbJ22bAfBu9oe65T5wI00?client_reference_id=precious-metals-dealers-return-warranty-tracker,precious-metals-dealers-return-warranty-tracker.pdf
DLX-1390,precious-metals-dealers-sale-timing-planner,Precious Metals Dealers Sale Timing Planner,Coins & Precious Metals,Fillable PDF,"Plan when to buy Precious Metals Dealers: set a target price, log prices over time, note sale events and alerts, and choose a buy-by date.",2,5.99,https://buy.stripe.com/5kQbJ22bAfBu9oe65T5wI00?client_reference_id=precious-metals-dealers-sale-timing-planner,precious-metals-dealers-sale-timing-planner.pdf
DLX-1391,gold-jewelry-resale-buying-checklist,Gold Jewelry Resale Buying Checklist,Coins & Precious Metals,Checklist,"Printable checklist of what to check before buying Gold Jewelry Resale: specs or fit, total cost, return policy, warranty and red flags. Fillable budget and notes fields.",2,5.99,https://buy.stripe.com/5kQbJ22bAfBu9oe65T5wI00?client_reference_id=gold-jewelry-resale-buying-checklist,gold-jewelry-resale-buying-checklist.pdf
DLX-1392,gold-jewelry-resale-price-tracker,Gold Jewelry Resale Price Tracker,Coins & Precious Metals,Fillable PDF,"Fillable tracker to log Gold Jewelry Resale prices by retailer and date, with shipping, coupon and target-price columns so you can tell a real deal.",1,5.99,https://buy.stripe.com/5kQbJ22bAfBu9oe65T5wI00?client_reference_id=gold-jewelry-resale-price-tracker,gold-jewelry-resale-price-tracker.pdf
DLX-1393,gold-jewelry-resale-comparison-worksheet,Gold Jewelry Resale Comparison Worksheet,Coins & Precious Metals,Fillable PDF,Side-by-side worksheet to compare up to four Gold Jewelry Resale options with a weighted scoring section.,1,5.99,https://buy.stripe.com/5kQbJ22bAfBu9oe65T5wI00?client_reference_id=gold-jewelry-resale-comparison-worksheet,gold-jewelry-resale-comparison-worksheet.pdf
DLX-1394,gold-jewelry-resale-budget-planner,Gold Jewelry Resale Budget Planner,Coins & Precious Metals,Fillable PDF,"Set a spending cap for Gold Jewelry Resale, split must-haves from nice-to-haves and log what you actually spend.",1,5.99,https://buy.stripe.com/5kQbJ22bAfBu9oe65T5wI00?client_reference_id=gold-jewelry-resale-budget-planner,gold-jewelry-resale-budget-planner.pdf
DLX-1395,gold-jewelry-resale-is-this-a-real-deal-infographic,Gold Jewelry Resale: Is This a Real Deal? Infographic,Coins & Precious Metals,Infographic,One-page visual decision guide for judging whether a discount on Gold Jewelry Resale is genuine.,1,5.99,https://buy.stripe.com/5kQbJ22bAfBu9oe65T5wI00?client_reference_id=gold-jewelry-resale-is-this-a-real-deal-infographic,gold-jewelry-resale-is-this-a-real-deal-infographic.pdf
DLX-1396,gold-jewelry-resale-return-warranty-tracker,Gold Jewelry Resale Return & Warranty Tracker,Coins & Precious Metals,Fillable PDF,"Fillable log for Gold Jewelry Resale: purchase date, return-by date, warranty end date, proof saved and claim status, plus a protect-your-purchase checklist.",2,5.99,https://buy.stripe.com/5kQbJ22bAfBu9oe65T5wI00?client_reference_id=gold-jewelry-resale-return-warranty-tracker,gold-jewelry-resale-return-warranty-tracker.pdf
DLX-1397,gold-jewelry-resale-sale-timing-planner,Gold Jewelry Resale Sale Timing Planner,Coins & Precious Metals,Fillable PDF,"Plan when to buy Gold Jewelry Resale: set a target price, log prices over time, note sale events and alerts, and choose a buy-by date.",2,5.99,https://buy.stripe.com/5kQbJ22bAfBu9oe65T5wI00?client_reference_id=gold-jewelry-resale-sale-timing-planner,gold-jewelry-resale-sale-timing-planner.pdf
DLX-1398,proof-sets-buying-checklist,Proof Sets Buying Checklist,Coins & Precious Metals,Checklist,"Printable checklist of what to check before buying Proof Sets: specs or fit, total cost, return policy, warranty and red flags. Fillable budget and notes fields.",2,5.99,https://buy.stripe.com/5kQbJ22bAfBu9oe65T5wI00?client_reference_id=proof-sets-buying-checklist,proof-sets-buying-checklist.pdf
DLX-1399,proof-sets-price-tracker,Proof Sets Price Tracker,Coins & Precious Metals,Fillable PDF,"Fillable tracker to log Proof Sets prices by retailer and date, with shipping, coupon and target-price columns so you can tell a real deal.",1,5.99,https://buy.stripe.com/5kQbJ22bAfBu9oe65T5wI00?client_reference_id=proof-sets-price-tracker,proof-sets-price-tracker.pdf
DLX-1400,proof-sets-comparison-worksheet,Proof Sets Comparison Worksheet,Coins & Precious Metals,Fillable PDF,Side-by-side worksheet to compare up to four Proof Sets options with a weighted scoring section.,1,5.99,https://buy.stripe.com/5kQbJ22bAfBu9oe65T5wI00?client_reference_id=proof-sets-comparison-worksheet,proof-sets-comparison-worksheet.pdf
DLX-1401,proof-sets-budget-planner,Proof Sets Budget Planner,Coins & Precious Metals,Fillable PDF,"Set a spending cap for Proof Sets, split must-haves from nice-to-haves and log what you actually spend.",1,5.99,https://buy.stripe.com/5kQbJ22bAfBu9oe65T5wI00?client_reference_id=proof-sets-budget-planner,proof-sets-budget-planner.pdf
DLX-1402,proof-sets-is-this-a-real-deal-infographic,Proof Sets: Is This a Real Deal? Infographic,Coins & Precious Metals,Infographic,One-page visual decision guide for judging whether a discount on Proof Sets is genuine.,1,5.99,https://buy.stripe.com/5kQbJ22bAfBu9oe65T5wI00?client_reference_id=proof-sets-is-this-a-real-deal-infographic,proof-sets-is-this-a-real-deal-infographic.pdf
DLX-1403,proof-sets-return-warranty-tracker,Proof Sets Return & Warranty Tracker,Coins & Precious Metals,Fillable PDF,"Fillable log for Proof Sets: purchase date, return-by date, warranty end date, proof saved and claim status, plus a protect-your-purchase checklist.",2,5.99,https://buy.stripe.com/5kQbJ22bAfBu9oe65T5wI00?client_reference_id=proof-sets-return-warranty-tracker,proof-sets-return-warranty-tracker.pdf
DLX-1404,proof-sets-sale-timing-planner,Proof Sets Sale Timing Planner,Coins & Precious Metals,Fillable PDF,"Plan when to buy Proof Sets: set a target price, log prices over time, note sale events and alerts, and choose a buy-by date.",2,5.99,https://buy.stripe.com/5kQbJ22bAfBu9oe65T5wI00?client_reference_id=proof-sets-sale-timing-planner,proof-sets-sale-timing-planner.pdf
DLX-1405,car-seat-covers-buying-checklist,Car Seat Covers Buying Checklist,Automotive,Checklist,"Printable checklist of what to check before buying Car Seat Covers: specs or fit, total cost, return policy, warranty and red flags. Fillable budget and notes fields.",2,5.99,https://buy.stripe.com/5kQbJ22bAfBu9oe65T5wI00?client_reference_id=car-seat-covers-buying-checklist,car-seat-covers-buying-checklist.pdf
DLX-1406,car-seat-covers-price-tracker,Car Seat Covers Price Tracker,Automotive,Fillable PDF,"Fillable tracker to log Car Seat Covers prices by retailer and date, with shipping, coupon and target-price columns so you can tell a real deal.",1,5.99,https://buy.stripe.com/5kQbJ22bAfBu9oe65T5wI00?client_reference_id=car-seat-covers-price-tracker,car-seat-covers-price-tracker.pdf
DLX-1407,car-seat-covers-comparison-worksheet,Car Seat Covers Comparison Worksheet,Automotive,Fillable PDF,Side-by-side worksheet to compare up to four Car Seat Covers options with a weighted scoring section.,1,5.99,https://buy.stripe.com/5kQbJ22bAfBu9oe65T5wI00?client_reference_id=car-seat-covers-comparison-worksheet,car-seat-covers-comparison-worksheet.pdf
DLX-1408,car-seat-covers-budget-planner,Car Seat Covers Budget Planner,Automotive,Fillable PDF,"Set a spending cap for Car Seat Covers, split must-haves from nice-to-haves and log what you actually spend.",1,5.99,https://buy.stripe.com/5kQbJ22bAfBu9oe65T5wI00?client_reference_id=car-seat-covers-budget-planner,car-seat-covers-budget-planner.pdf
DLX-1409,car-seat-covers-is-this-a-real-deal-infographic,Car Seat Covers: Is This a Real Deal? Infographic,Automotive,Infographic,One-page visual decision guide for judging whether a discount on Car Seat Covers is genuine.,1,5.99,https://buy.stripe.com/5kQbJ22bAfBu9oe65T5wI00?client_reference_id=car-seat-covers-is-this-a-real-deal-infographic,car-seat-covers-is-this-a-real-deal-infographic.pdf
DLX-1410,car-seat-covers-return-warranty-tracker,Car Seat Covers Return & Warranty Tracker,Automotive,Fillable PDF,"Fillable log for Car Seat Covers: purchase date, return-by date, warranty end date, proof saved and claim status, plus a protect-your-purchase checklist.",2,5.99,https://buy.stripe.com/5kQbJ22bAfBu9oe65T5wI00?client_reference_id=car-seat-covers-return-warranty-tracker,car-seat-covers-return-warranty-tracker.pdf
DLX-1411,car-seat-covers-sale-timing-planner,Car Seat Covers Sale Timing Planner,Automotive,Fillable PDF,"Plan when to buy Car Seat Covers: set a target price, log prices over time, note sale events and alerts, and choose a buy-by date.",2,5.99,https://buy.stripe.com/5kQbJ22bAfBu9oe65T5wI00?client_reference_id=car-seat-covers-sale-timing-planner,car-seat-covers-sale-timing-planner.pdf
DLX-1412,dash-cams-buying-checklist,Dash Cams Buying Checklist,Automotive,Checklist,"Printable checklist of what to check before buying Dash Cams: specs or fit, total cost, return policy, warranty and red flags. Fillable budget and notes fields.",2,5.99,https://buy.stripe.com/5kQbJ22bAfBu9oe65T5wI00?client_reference_id=dash-cams-buying-checklist,dash-cams-buying-checklist.pdf
DLX-1413,dash-cams-price-tracker,Dash Cams Price Tracker,Automotive,Fillable PDF,"Fillable tracker to log Dash Cams prices by retailer and date, with shipping, coupon and target-price columns so you can tell a real deal.",1,5.99,https://buy.stripe.com/5kQbJ22bAfBu9oe65T5wI00?client_reference_id=dash-cams-price-tracker,dash-cams-price-tracker.pdf
DLX-1414,dash-cams-comparison-worksheet,Dash Cams Comparison Worksheet,Automotive,Fillable PDF,Side-by-side worksheet to compare up to four Dash Cams options with a weighted scoring section.,1,5.99,https://buy.stripe.com/5kQbJ22bAfBu9oe65T5wI00?client_reference_id=dash-cams-comparison-worksheet,dash-cams-comparison-worksheet.pdf
DLX-1415,dash-cams-budget-planner,Dash Cams Budget Planner,Automotive,Fillable PDF,"Set a spending cap for Dash Cams, split must-haves from nice-to-haves and log what you actually spend.",1,5.99,https://buy.stripe.com/5kQbJ22bAfBu9oe65T5wI00?client_reference_id=dash-cams-budget-planner,dash-cams-budget-planner.pdf
DLX-1416,dash-cams-is-this-a-real-deal-infographic,Dash Cams: Is This a Real Deal? Infographic,Automotive,Infographic,One-page visual decision guide for judging whether a discount on Dash Cams is genuine.,1,5.99,https://buy.stripe.com/5kQbJ22bAfBu9oe65T5wI00?client_reference_id=dash-cams-is-this-a-real-deal-infographic,dash-cams-is-this-a-real-deal-infographic.pdf
DLX-1417,dash-cams-return-warranty-tracker,Dash Cams Return & Warranty Tracker,Automotive,Fillable PDF,"Fillable log for Dash Cams: purchase date, return-by date, warranty end date, proof saved and claim status, plus a protect-your-purchase checklist.",2,5.99,https://buy.stripe.com/5kQbJ22bAfBu9oe65T5wI00?client_reference_id=dash-cams-return-warranty-tracker,dash-cams-return-warranty-tracker.pdf
DLX-1418,dash-cams-sale-timing-planner,Dash Cams Sale Timing Planner,Automotive,Fillable PDF,"Plan when to buy Dash Cams: set a target price, log prices over time, note sale events and alerts, and choose a buy-by date.",2,5.99,https://buy.stripe.com/5kQbJ22bAfBu9oe65T5wI00?client_reference_id=dash-cams-sale-timing-planner,dash-cams-sale-timing-planner.pdf
DLX-1419,tires-buying-checklist,Tires Buying Checklist,Automotive,Checklist,"Printable checklist of what to check before buying Tires: specs or fit, total cost, return policy, warranty and red flags. Fillable budget and notes fields.",2,5.99,https://buy.stripe.com/5kQbJ22bAfBu9oe65T5wI00?client_reference_id=tires-buying-checklist,tires-buying-checklist.pdf
DLX-1420,tires-price-tracker,Tires Price Tracker,Automotive,Fillable PDF,"Fillable tracker to log Tires prices by retailer and date, with shipping, coupon and target-price columns so you can tell a real deal.",1,5.99,https://buy.stripe.com/5kQbJ22bAfBu9oe65T5wI00?client_reference_id=tires-price-tracker,tires-price-tracker.pdf
DLX-1421,tires-comparison-worksheet,Tires Comparison Worksheet,Automotive,Fillable PDF,Side-by-side worksheet to compare up to four Tires options with a weighted scoring section.,1,5.99,https://buy.stripe.com/5kQbJ22bAfBu9oe65T5wI00?client_reference_id=tires-comparison-worksheet,tires-comparison-worksheet.pdf
DLX-1422,tires-budget-planner,Tires Budget Planner,Automotive,Fillable PDF,"Set a spending cap for Tires, split must-haves from nice-to-haves and log what you actually spend.",1,5.99,https://buy.stripe.com/5kQbJ22bAfBu9oe65T5wI00?client_reference_id=tires-budget-planner,tires-budget-planner.pdf
DLX-1423,tires-is-this-a-real-deal-infographic,Tires: Is This a Real Deal? Infographic,Automotive,Infographic,One-page visual decision guide for judging whether a discount on Tires is genuine.,1,5.99,https://buy.stripe.com/5kQbJ22bAfBu9oe65T5wI00?client_reference_id=tires-is-this-a-real-deal-infographic,tires-is-this-a-real-deal-infographic.pdf
DLX-1424,tires-return-warranty-tracker,Tires Return & Warranty Tracker,Automotive,Fillable PDF,"Fillable log for Tires: purchase date, return-by date, warranty end date, proof saved and claim status, plus a protect-your-purchase checklist.",2,5.99,https://buy.stripe.com/5kQbJ22bAfBu9oe65T5wI00?client_reference_id=tires-return-warranty-tracker,tires-return-warranty-tracker.pdf
DLX-1425,tires-sale-timing-planner,Tires Sale Timing Planner,Automotive,Fillable PDF,"Plan when to buy Tires: set a target price, log prices over time, note sale events and alerts, and choose a buy-by date.",2,5.99,https://buy.stripe.com/5kQbJ22bAfBu9oe65T5wI00?client_reference_id=tires-sale-timing-planner,tires-sale-timing-planner.pdf
DLX-1426,car-floor-mats-buying-checklist,Car Floor Mats Buying Checklist,Automotive,Checklist,"Printable checklist of what to check before buying Car Floor Mats: specs or fit, total cost, return policy, warranty and red flags. Fillable budget and notes fields.",2,5.99,https://buy.stripe.com/5kQbJ22bAfBu9oe65T5wI00?client_reference_id=car-floor-mats-buying-checklist,car-floor-mats-buying-checklist.pdf
DLX-1427,car-floor-mats-price-tracker,Car Floor Mats Price Tracker,Automotive,Fillable PDF,"Fillable tracker to log Car Floor Mats prices by retailer and date, with shipping, coupon and target-price columns so you can tell a real deal.",1,5.99,https://buy.stripe.com/5kQbJ22bAfBu9oe65T5wI00?client_reference_id=car-floor-mats-price-tracker,car-floor-mats-price-tracker.pdf
DLX-1428,car-floor-mats-comparison-worksheet,Car Floor Mats Comparison Worksheet,Automotive,Fillable PDF,Side-by-side worksheet to compare up to four Car Floor Mats options with a weighted scoring section.,1,5.99,https://buy.stripe.com/5kQbJ22bAfBu9oe65T5wI00?client_reference_id=car-floor-mats-comparison-worksheet,car-floor-mats-comparison-worksheet.pdf
DLX-1429,car-floor-mats-budget-planner,Car Floor Mats Budget Planner,Automotive,Fillable PDF,"Set a spending cap for Car Floor Mats, split must-haves from nice-to-haves and log what you actually spend.",1,5.99,https://buy.stripe.com/5kQbJ22bAfBu9oe65T5wI00?client_reference_id=car-floor-mats-budget-planner,car-floor-mats-budget-planner.pdf
DLX-1430,car-floor-mats-is-this-a-real-deal-infographic,Car Floor Mats: Is This a Real Deal? Infographic,Automotive,Infographic,One-page visual decision guide for judging whether a discount on Car Floor Mats is genuine.,1,5.99,https://buy.stripe.com/5kQbJ22bAfBu9oe65T5wI00?client_reference_id=car-floor-mats-is-this-a-real-deal-infographic,car-floor-mats-is-this-a-real-deal-infographic.pdf
DLX-1431,car-floor-mats-return-warranty-tracker,Car Floor Mats Return & Warranty Tracker,Automotive,Fillable PDF,"Fillable log for Car Floor Mats: purchase date, return-by date, warranty end date, proof saved and claim status, plus a protect-your-purchase checklist.",2,5.99,https://buy.stripe.com/5kQbJ22bAfBu9oe65T5wI00?client_reference_id=car-floor-mats-return-warranty-tracker,car-floor-mats-return-warranty-tracker.pdf
DLX-1432,car-floor-mats-sale-timing-planner,Car Floor Mats Sale Timing Planner,Automotive,Fillable PDF,"Plan when to buy Car Floor Mats: set a target price, log prices over time, note sale events and alerts, and choose a buy-by date.",2,5.99,https://buy.stripe.com/5kQbJ22bAfBu9oe65T5wI00?client_reference_id=car-floor-mats-sale-timing-planner,car-floor-mats-sale-timing-planner.pdf
DLX-1433,car-chargers-mounts-buying-checklist,Car Chargers & Mounts Buying Checklist,Automotive,Checklist,"Printable checklist of what to check before buying Car Chargers & Mounts: specs or fit, total cost, return policy, warranty and red flags. Fillable budget and notes fields.",2,5.99,https://buy.stripe.com/5kQbJ22bAfBu9oe65T5wI00?client_reference_id=car-chargers-mounts-buying-checklist,car-chargers-mounts-buying-checklist.pdf
DLX-1434,car-chargers-mounts-price-tracker,Car Chargers & Mounts Price Tracker,Automotive,Fillable PDF,"Fillable tracker to log Car Chargers & Mounts prices by retailer and date, with shipping, coupon and target-price columns so you can tell a real deal.",1,5.99,https://buy.stripe.com/5kQbJ22bAfBu9oe65T5wI00?client_reference_id=car-chargers-mounts-price-tracker,car-chargers-mounts-price-tracker.pdf
DLX-1435,car-chargers-mounts-comparison-worksheet,Car Chargers & Mounts Comparison Worksheet,Automotive,Fillable PDF,Side-by-side worksheet to compare up to four Car Chargers & Mounts options with a weighted scoring section.,1,5.99,https://buy.stripe.com/5kQbJ22bAfBu9oe65T5wI00?client_reference_id=car-chargers-mounts-comparison-worksheet,car-chargers-mounts-comparison-worksheet.pdf
DLX-1436,car-chargers-mounts-budget-planner,Car Chargers & Mounts Budget Planner,Automotive,Fillable PDF,"Set a spending cap for Car Chargers & Mounts, split must-haves from nice-to-haves and log what you actually spend.",1,5.99,https://buy.stripe.com/5kQbJ22bAfBu9oe65T5wI00?client_reference_id=car-chargers-mounts-budget-planner,car-chargers-mounts-budget-planner.pdf
DLX-1437,car-chargers-mounts-is-this-a-real-deal-infographic,Car Chargers & Mounts: Is This a Real Deal? Infographic,Automotive,Infographic,One-page visual decision guide for judging whether a discount on Car Chargers & Mounts is genuine.,1,5.99,https://buy.stripe.com/5kQbJ22bAfBu9oe65T5wI00?client_reference_id=car-chargers-mounts-is-this-a-real-deal-infographic,car-chargers-mounts-is-this-a-real-deal-infographic.pdf
DLX-1438,car-chargers-mounts-return-warranty-tracker,Car Chargers & Mounts Return & Warranty Tracker,Automotive,Fillable PDF,"Fillable log for Car Chargers & Mounts: purchase date, return-by date, warranty end date, proof saved and claim status, plus a protect-your-purchase checklist.",2,5.99,https://buy.stripe.com/5kQbJ22bAfBu9oe65T5wI00?client_reference_id=car-chargers-mounts-return-warranty-tracker,car-chargers-mounts-return-warranty-tracker.pdf
DLX-1439,car-chargers-mounts-sale-timing-planner,Car Chargers & Mounts Sale Timing Planner,Automotive,Fillable PDF,"Plan when to buy Car Chargers & Mounts: set a target price, log prices over time, note sale events and alerts, and choose a buy-by date.",2,5.99,https://buy.stripe.com/5kQbJ22bAfBu9oe65T5wI00?client_reference_id=car-chargers-mounts-sale-timing-planner,car-chargers-mounts-sale-timing-planner.pdf
DLX-1440,car-care-products-buying-checklist,Car Care Products Buying Checklist,Automotive,Checklist,"Printable checklist of what to check before buying Car Care Products: specs or fit, total cost, return policy, warranty and red flags. Fillable budget and notes fields.",2,5.99,https://buy.stripe.com/5kQbJ22bAfBu9oe65T5wI00?client_reference_id=car-care-products-buying-checklist,car-care-products-buying-checklist.pdf
DLX-1441,car-care-products-price-tracker,Car Care Products Price Tracker,Automotive,Fillable PDF,"Fillable tracker to log Car Care Products prices by retailer and date, with shipping, coupon and target-price columns so you can tell a real deal.",1,5.99,https://buy.stripe.com/5kQbJ22bAfBu9oe65T5wI00?client_reference_id=car-care-products-price-tracker,car-care-products-price-tracker.pdf
DLX-1442,car-care-products-comparison-worksheet,Car Care Products Comparison Worksheet,Automotive,Fillable PDF,Side-by-side worksheet to compare up to four Car Care Products options with a weighted scoring section.,1,5.99,https://buy.stripe.com/5kQbJ22bAfBu9oe65T5wI00?client_reference_id=car-care-products-comparison-worksheet,car-care-products-comparison-worksheet.pdf
DLX-1443,car-care-products-budget-planner,Car Care Products Budget Planner,Automotive,Fillable PDF,"Set a spending cap for Car Care Products, split must-haves from nice-to-haves and log what you actually spend.",1,5.99,https://buy.stripe.com/5kQbJ22bAfBu9oe65T5wI00?client_reference_id=car-care-products-budget-planner,car-care-products-budget-planner.pdf
DLX-1444,car-care-products-is-this-a-real-deal-infographic,Car Care Products: Is This a Real Deal? Infographic,Automotive,Infographic,One-page visual decision guide for judging whether a discount on Car Care Products is genuine.,1,5.99,https://buy.stripe.com/5kQbJ22bAfBu9oe65T5wI00?client_reference_id=car-care-products-is-this-a-real-deal-infographic,car-care-products-is-this-a-real-deal-infographic.pdf
DLX-1445,car-care-products-return-warranty-tracker,Car Care Products Return & Warranty Tracker,Automotive,Fillable PDF,"Fillable log for Car Care Products: purchase date, return-by date, warranty end date, proof saved and claim status, plus a protect-your-purchase checklist.",2,5.99,https://buy.stripe.com/5kQbJ22bAfBu9oe65T5wI00?client_reference_id=car-care-products-return-warranty-tracker,car-care-products-return-warranty-tracker.pdf
DLX-1446,car-care-products-sale-timing-planner,Car Care Products Sale Timing Planner,Automotive,Fillable PDF,"Plan when to buy Car Care Products: set a target price, log prices over time, note sale events and alerts, and choose a buy-by date.",2,5.99,https://buy.stripe.com/5kQbJ22bAfBu9oe65T5wI00?client_reference_id=car-care-products-sale-timing-planner,car-care-products-sale-timing-planner.pdf
DLX-1447,roof-racks-buying-checklist,Roof Racks Buying Checklist,Automotive,Checklist,"Printable checklist of what to check before buying Roof Racks: specs or fit, total cost, return policy, warranty and red flags. Fillable budget and notes fields.",2,5.99,https://buy.stripe.com/5kQbJ22bAfBu9oe65T5wI00?client_reference_id=roof-racks-buying-checklist,roof-racks-buying-checklist.pdf
DLX-1448,roof-racks-price-tracker,Roof Racks Price Tracker,Automotive,Fillable PDF,"Fillable tracker to log Roof Racks prices by retailer and date, with shipping, coupon and target-price columns so you can tell a real deal.",1,5.99,https://buy.stripe.com/5kQbJ22bAfBu9oe65T5wI00?client_reference_id=roof-racks-price-tracker,roof-racks-price-tracker.pdf
DLX-1449,roof-racks-comparison-worksheet,Roof Racks Comparison Worksheet,Automotive,Fillable PDF,Side-by-side worksheet to compare up to four Roof Racks options with a weighted scoring section.,1,5.99,https://buy.stripe.com/5kQbJ22bAfBu9oe65T5wI00?client_reference_id=roof-racks-comparison-worksheet,roof-racks-comparison-worksheet.pdf
DLX-1450,roof-racks-budget-planner,Roof Racks Budget Planner,Automotive,Fillable PDF,"Set a spending cap for Roof Racks, split must-haves from nice-to-haves and log what you actually spend.",1,5.99,https://buy.stripe.com/5kQbJ22bAfBu9oe65T5wI00?client_reference_id=roof-racks-budget-planner,roof-racks-budget-planner.pdf
DLX-1451,roof-racks-is-this-a-real-deal-infographic,Roof Racks: Is This a Real Deal? Infographic,Automotive,Infographic,One-page visual decision guide for judging whether a discount on Roof Racks is genuine.,1,5.99,https://buy.stripe.com/5kQbJ22bAfBu9oe65T5wI00?client_reference_id=roof-racks-is-this-a-real-deal-infographic,roof-racks-is-this-a-real-deal-infographic.pdf
DLX-1452,roof-racks-return-warranty-tracker,Roof Racks Return & Warranty Tracker,Automotive,Fillable PDF,"Fillable log for Roof Racks: purchase date, return-by date, warranty end date, proof saved and claim status, plus a protect-your-purchase checklist.",2,5.99,https://buy.stripe.com/5kQbJ22bAfBu9oe65T5wI00?client_reference_id=roof-racks-return-warranty-tracker,roof-racks-return-warranty-tracker.pdf
DLX-1453,roof-racks-sale-timing-planner,Roof Racks Sale Timing Planner,Automotive,Fillable PDF,"Plan when to buy Roof Racks: set a target price, log prices over time, note sale events and alerts, and choose a buy-by date.",2,5.99,https://buy.stripe.com/5kQbJ22bAfBu9oe65T5wI00?client_reference_id=roof-racks-sale-timing-planner,roof-racks-sale-timing-planner.pdf
DLX-1454,gaming-laptops-buying-checklist,Gaming Laptops Buying Checklist,Gaming & Software,Checklist,"Printable checklist of what to check before buying Gaming Laptops: specs or fit, total cost, return policy, warranty and red flags. Fillable budget and notes fields.",2,5.99,https://buy.stripe.com/5kQbJ22bAfBu9oe65T5wI00?client_reference_id=gaming-laptops-buying-checklist,gaming-laptops-buying-checklist.pdf
DLX-1455,gaming-laptops-price-tracker,Gaming Laptops Price Tracker,Gaming & Software,Fillable PDF,"Fillable tracker to log Gaming Laptops prices by retailer and date, with shipping, coupon and target-price columns so you can tell a real deal.",1,5.99,https://buy.stripe.com/5kQbJ22bAfBu9oe65T5wI00?client_reference_id=gaming-laptops-price-tracker,gaming-laptops-price-tracker.pdf
DLX-1456,gaming-laptops-comparison-worksheet,Gaming Laptops Comparison Worksheet,Gaming & Software,Fillable PDF,Side-by-side worksheet to compare up to four Gaming Laptops options with a weighted scoring section.,1,5.99,https://buy.stripe.com/5kQbJ22bAfBu9oe65T5wI00?client_reference_id=gaming-laptops-comparison-worksheet,gaming-laptops-comparison-worksheet.pdf
DLX-1457,gaming-laptops-budget-planner,Gaming Laptops Budget Planner,Gaming & Software,Fillable PDF,"Set a spending cap for Gaming Laptops, split must-haves from nice-to-haves and log what you actually spend.",1,5.99,https://buy.stripe.com/5kQbJ22bAfBu9oe65T5wI00?client_reference_id=gaming-laptops-budget-planner,gaming-laptops-budget-planner.pdf
DLX-1458,gaming-laptops-is-this-a-real-deal-infographic,Gaming Laptops: Is This a Real Deal? Infographic,Gaming & Software,Infographic,One-page visual decision guide for judging whether a discount on Gaming Laptops is genuine.,1,5.99,https://buy.stripe.com/5kQbJ22bAfBu9oe65T5wI00?client_reference_id=gaming-laptops-is-this-a-real-deal-infographic,gaming-laptops-is-this-a-real-deal-infographic.pdf
DLX-1459,gaming-laptops-return-warranty-tracker,Gaming Laptops Return & Warranty Tracker,Gaming & Software,Fillable PDF,"Fillable log for Gaming Laptops: purchase date, return-by date, warranty end date, proof saved and claim status, plus a protect-your-purchase checklist.",2,5.99,https://buy.stripe.com/5kQbJ22bAfBu9oe65T5wI00?client_reference_id=gaming-laptops-return-warranty-tracker,gaming-laptops-return-warranty-tracker.pdf
DLX-1460,gaming-laptops-sale-timing-planner,Gaming Laptops Sale Timing Planner,Gaming & Software,Fillable PDF,"Plan when to buy Gaming Laptops: set a target price, log prices over time, note sale events and alerts, and choose a buy-by date.",2,5.99,https://buy.stripe.com/5kQbJ22bAfBu9oe65T5wI00?client_reference_id=gaming-laptops-sale-timing-planner,gaming-laptops-sale-timing-planner.pdf
DLX-1461,game-consoles-buying-checklist,Game Consoles Buying Checklist,Gaming & Software,Checklist,"Printable checklist of what to check before buying Game Consoles: specs or fit, total cost, return policy, warranty and red flags. Fillable budget and notes fields.",2,5.99,https://buy.stripe.com/5kQbJ22bAfBu9oe65T5wI00?client_reference_id=game-consoles-buying-checklist,game-consoles-buying-checklist.pdf
DLX-1462,game-consoles-price-tracker,Game Consoles Price Tracker,Gaming & Software,Fillable PDF,"Fillable tracker to log Game Consoles prices by retailer and date, with shipping, coupon and target-price columns so you can tell a real deal.",1,5.99,https://buy.stripe.com/5kQbJ22bAfBu9oe65T5wI00?client_reference_id=game-consoles-price-tracker,game-consoles-price-tracker.pdf
DLX-1463,game-consoles-comparison-worksheet,Game Consoles Comparison Worksheet,Gaming & Software,Fillable PDF,Side-by-side worksheet to compare up to four Game Consoles options with a weighted scoring section.,1,5.99,https://buy.stripe.com/5kQbJ22bAfBu9oe65T5wI00?client_reference_id=game-consoles-comparison-worksheet,game-consoles-comparison-worksheet.pdf
DLX-1464,game-consoles-budget-planner,Game Consoles Budget Planner,Gaming & Software,Fillable PDF,"Set a spending cap for Game Consoles, split must-haves from nice-to-haves and log what you actually spend.",1,5.99,https://buy.stripe.com/5kQbJ22bAfBu9oe65T5wI00?client_reference_id=game-consoles-budget-planner,game-consoles-budget-planner.pdf
DLX-1465,game-consoles-is-this-a-real-deal-infographic,Game Consoles: Is This a Real Deal? Infographic,Gaming & Software,Infographic,One-page visual decision guide for judging whether a discount on Game Consoles is genuine.,1,5.99,https://buy.stripe.com/5kQbJ22bAfBu9oe65T5wI00?client_reference_id=game-consoles-is-this-a-real-deal-infographic,game-consoles-is-this-a-real-deal-infographic.pdf
DLX-1466,game-consoles-return-warranty-tracker,Game Consoles Return & Warranty Tracker,Gaming & Software,Fillable PDF,"Fillable log for Game Consoles: purchase date, return-by date, warranty end date, proof saved and claim status, plus a protect-your-purchase checklist.",2,5.99,https://buy.stripe.com/5kQbJ22bAfBu9oe65T5wI00?client_reference_id=game-consoles-return-warranty-tracker,game-consoles-return-warranty-tracker.pdf
DLX-1467,game-consoles-sale-timing-planner,Game Consoles Sale Timing Planner,Gaming & Software,Fillable PDF,"Plan when to buy Game Consoles: set a target price, log prices over time, note sale events and alerts, and choose a buy-by date.",2,5.99,https://buy.stripe.com/5kQbJ22bAfBu9oe65T5wI00?client_reference_id=game-consoles-sale-timing-planner,game-consoles-sale-timing-planner.pdf
DLX-1468,gaming-headsets-buying-checklist,Gaming Headsets Buying Checklist,Gaming & Software,Checklist,"Printable checklist of what to check before buying Gaming Headsets: specs or fit, total cost, return policy, warranty and red flags. Fillable budget and notes fields.",2,5.99,https://buy.stripe.com/5kQbJ22bAfBu9oe65T5wI00?client_reference_id=gaming-headsets-buying-checklist,gaming-headsets-buying-checklist.pdf
DLX-1469,gaming-headsets-price-tracker,Gaming Headsets Price Tracker,Gaming & Software,Fillable PDF,"Fillable tracker to log Gaming Headsets prices by retailer and date, with shipping, coupon and target-price columns so you can tell a real deal.",1,5.99,https://buy.stripe.com/5kQbJ22bAfBu9oe65T5wI00?client_reference_id=gaming-headsets-price-tracker,gaming-headsets-price-tracker.pdf
DLX-1470,gaming-headsets-comparison-worksheet,Gaming Headsets Comparison Worksheet,Gaming & Software,Fillable PDF,Side-by-side worksheet to compare up to four Gaming Headsets options with a weighted scoring section.,1,5.99,https://buy.stripe.com/5kQbJ22bAfBu9oe65T5wI00?client_reference_id=gaming-headsets-comparison-worksheet,gaming-headsets-comparison-worksheet.pdf
DLX-1471,gaming-headsets-budget-planner,Gaming Headsets Budget Planner,Gaming & Software,Fillable PDF,"Set a spending cap for Gaming Headsets, split must-haves from nice-to-haves and log what you actually spend.",1,5.99,https://buy.stripe.com/5kQbJ22bAfBu9oe65T5wI00?client_reference_id=gaming-headsets-budget-planner,gaming-headsets-budget-planner.pdf
DLX-1472,gaming-headsets-is-this-a-real-deal-infographic,Gaming Headsets: Is This a Real Deal? Infographic,Gaming & Software,Infographic,One-page visual decision guide for judging whether a discount on Gaming Headsets is genuine.,1,5.99,https://buy.stripe.com/5kQbJ22bAfBu9oe65T5wI00?client_reference_id=gaming-headsets-is-this-a-real-deal-infographic,gaming-headsets-is-this-a-real-deal-infographic.pdf
DLX-1473,gaming-headsets-return-warranty-tracker,Gaming Headsets Return & Warranty Tracker,Gaming & Software,Fillable PDF,"Fillable log for Gaming Headsets: purchase date, return-by date, warranty end date, proof saved and claim status, plus a protect-your-purchase checklist.",2,5.99,https://buy.stripe.com/5kQbJ22bAfBu9oe65T5wI00?client_reference_id=gaming-headsets-return-warranty-tracker,gaming-headsets-return-warranty-tracker.pdf
DLX-1474,gaming-headsets-sale-timing-planner,Gaming Headsets Sale Timing Planner,Gaming & Software,Fillable PDF,"Plan when to buy Gaming Headsets: set a target price, log prices over time, note sale events and alerts, and choose a buy-by date.",2,5.99,https://buy.stripe.com/5kQbJ22bAfBu9oe65T5wI00?client_reference_id=gaming-headsets-sale-timing-planner,gaming-headsets-sale-timing-planner.pdf
DLX-1475,game-bundles-buying-checklist,Game Bundles Buying Checklist,Gaming & Software,Checklist,"Printable checklist of what to check before buying Game Bundles: specs or fit, total cost, return policy, warranty and red flags. Fillable budget and notes fields.",2,5.99,https://buy.stripe.com/5kQbJ22bAfBu9oe65T5wI00?client_reference_id=game-bundles-buying-checklist,game-bundles-buying-checklist.pdf
DLX-1476,game-bundles-price-tracker,Game Bundles Price Tracker,Gaming & Software,Fillable PDF,"Fillable tracker to log Game Bundles prices by retailer and date, with shipping, coupon and target-price columns so you can tell a real deal.",1,5.99,https://buy.stripe.com/5kQbJ22bAfBu9oe65T5wI00?client_reference_id=game-bundles-price-tracker,game-bundles-price-tracker.pdf
DLX-1477,game-bundles-comparison-worksheet,Game Bundles Comparison Worksheet,Gaming & Software,Fillable PDF,Side-by-side worksheet to compare up to four Game Bundles options with a weighted scoring section.,1,5.99,https://buy.stripe.com/5kQbJ22bAfBu9oe65T5wI00?client_reference_id=game-bundles-comparison-worksheet,game-bundles-comparison-worksheet.pdf
DLX-1478,game-bundles-budget-planner,Game Bundles Budget Planner,Gaming & Software,Fillable PDF,"Set a spending cap for Game Bundles, split must-haves from nice-to-haves and log what you actually spend.",1,5.99,https://buy.stripe.com/5kQbJ22bAfBu9oe65T5wI00?client_reference_id=game-bundles-budget-planner,game-bundles-budget-planner.pdf
DLX-1479,game-bundles-is-this-a-real-deal-infographic,Game Bundles: Is This a Real Deal? Infographic,Gaming & Software,Infographic,One-page visual decision guide for judging whether a discount on Game Bundles is genuine.,1,5.99,https://buy.stripe.com/5kQbJ22bAfBu9oe65T5wI00?client_reference_id=game-bundles-is-this-a-real-deal-infographic,game-bundles-is-this-a-real-deal-infographic.pdf
DLX-1480,game-bundles-return-warranty-tracker,Game Bundles Return & Warranty Tracker,Gaming & Software,Fillable PDF,"Fillable log for Game Bundles: purchase date, return-by date, warranty end date, proof saved and claim status, plus a protect-your-purchase checklist.",2,5.99,https://buy.stripe.com/5kQbJ22bAfBu9oe65T5wI00?client_reference_id=game-bundles-return-warranty-tracker,game-bundles-return-warranty-tracker.pdf
DLX-1481,game-bundles-sale-timing-planner,Game Bundles Sale Timing Planner,Gaming & Software,Fillable PDF,"Plan when to buy Game Bundles: set a target price, log prices over time, note sale events and alerts, and choose a buy-by date.",2,5.99,https://buy.stripe.com/5kQbJ22bAfBu9oe65T5wI00?client_reference_id=game-bundles-sale-timing-planner,game-bundles-sale-timing-planner.pdf
DLX-1482,software-deals-buying-checklist,Software Deals Buying Checklist,Gaming & Software,Checklist,"Printable checklist of what to check before buying Software Deals: specs or fit, total cost, return policy, warranty and red flags. Fillable budget and notes fields.",2,5.99,https://buy.stripe.com/5kQbJ22bAfBu9oe65T5wI00?client_reference_id=software-deals-buying-checklist,software-deals-buying-checklist.pdf
DLX-1483,software-deals-price-tracker,Software Deals Price Tracker,Gaming & Software,Fillable PDF,"Fillable tracker to log Software Deals prices by retailer and date, with shipping, coupon and target-price columns so you can tell a real deal.",1,5.99,https://buy.stripe.com/5kQbJ22bAfBu9oe65T5wI00?client_reference_id=software-deals-price-tracker,software-deals-price-tracker.pdf
DLX-1484,software-deals-comparison-worksheet,Software Deals Comparison Worksheet,Gaming & Software,Fillable PDF,Side-by-side worksheet to compare up to four Software Deals options with a weighted scoring section.,1,5.99,https://buy.stripe.com/5kQbJ22bAfBu9oe65T5wI00?client_reference_id=software-deals-comparison-worksheet,software-deals-comparison-worksheet.pdf
DLX-1485,software-deals-budget-planner,Software Deals Budget Planner,Gaming & Software,Fillable PDF,"Set a spending cap for Software Deals, split must-haves from nice-to-haves and log what you actually spend.",1,5.99,https://buy.stripe.com/5kQbJ22bAfBu9oe65T5wI00?client_reference_id=software-deals-budget-planner,software-deals-budget-planner.pdf
DLX-1486,software-deals-is-this-a-real-deal-infographic,Software Deals: Is This a Real Deal? Infographic,Gaming & Software,Infographic,One-page visual decision guide for judging whether a discount on Software Deals is genuine.,1,5.99,https://buy.stripe.com/5kQbJ22bAfBu9oe65T5wI00?client_reference_id=software-deals-is-this-a-real-deal-infographic,software-deals-is-this-a-real-deal-infographic.pdf
DLX-1487,software-deals-return-warranty-tracker,Software Deals Return & Warranty Tracker,Gaming & Software,Fillable PDF,"Fillable log for Software Deals: purchase date, return-by date, warranty end date, proof saved and claim status, plus a protect-your-purchase checklist.",2,5.99,https://buy.stripe.com/5kQbJ22bAfBu9oe65T5wI00?client_reference_id=software-deals-return-warranty-tracker,software-deals-return-warranty-tracker.pdf
DLX-1488,software-deals-sale-timing-planner,Software Deals Sale Timing Planner,Gaming & Software,Fillable PDF,"Plan when to buy Software Deals: set a target price, log prices over time, note sale events and alerts, and choose a buy-by date.",2,5.99,https://buy.stripe.com/5kQbJ22bAfBu9oe65T5wI00?client_reference_id=software-deals-sale-timing-planner,software-deals-sale-timing-planner.pdf
DLX-1489,controllers-buying-checklist,Controllers Buying Checklist,Gaming & Software,Checklist,"Printable checklist of what to check before buying Controllers: specs or fit, total cost, return policy, warranty and red flags. Fillable budget and notes fields.",2,5.99,https://buy.stripe.com/5kQbJ22bAfBu9oe65T5wI00?client_reference_id=controllers-buying-checklist,controllers-buying-checklist.pdf
DLX-1490,controllers-price-tracker,Controllers Price Tracker,Gaming & Software,Fillable PDF,"Fillable tracker to log Controllers prices by retailer and date, with shipping, coupon and target-price columns so you can tell a real deal.",1,5.99,https://buy.stripe.com/5kQbJ22bAfBu9oe65T5wI00?client_reference_id=controllers-price-tracker,controllers-price-tracker.pdf
DLX-1491,controllers-comparison-worksheet,Controllers Comparison Worksheet,Gaming & Software,Fillable PDF,Side-by-side worksheet to compare up to four Controllers options with a weighted scoring section.,1,5.99,https://buy.stripe.com/5kQbJ22bAfBu9oe65T5wI00?client_reference_id=controllers-comparison-worksheet,controllers-comparison-worksheet.pdf
DLX-1492,controllers-budget-planner,Controllers Budget Planner,Gaming & Software,Fillable PDF,"Set a spending cap for Controllers, split must-haves from nice-to-haves and log what you actually spend.",1,5.99,https://buy.stripe.com/5kQbJ22bAfBu9oe65T5wI00?client_reference_id=controllers-budget-planner,controllers-budget-planner.pdf
DLX-1493,controllers-is-this-a-real-deal-infographic,Controllers: Is This a Real Deal? Infographic,Gaming & Software,Infographic,One-page visual decision guide for judging whether a discount on Controllers is genuine.,1,5.99,https://buy.stripe.com/5kQbJ22bAfBu9oe65T5wI00?client_reference_id=controllers-is-this-a-real-deal-infographic,controllers-is-this-a-real-deal-infographic.pdf
DLX-1494,controllers-return-warranty-tracker,Controllers Return & Warranty Tracker,Gaming & Software,Fillable PDF,"Fillable log for Controllers: purchase date, return-by date, warranty end date, proof saved and claim status, plus a protect-your-purchase checklist.",2,5.99,https://buy.stripe.com/5kQbJ22bAfBu9oe65T5wI00?client_reference_id=controllers-return-warranty-tracker,controllers-return-warranty-tracker.pdf
DLX-1495,controllers-sale-timing-planner,Controllers Sale Timing Planner,Gaming & Software,Fillable PDF,"Plan when to buy Controllers: set a target price, log prices over time, note sale events and alerts, and choose a buy-by date.",2,5.99,https://buy.stripe.com/5kQbJ22bAfBu9oe65T5wI00?client_reference_id=controllers-sale-timing-planner,controllers-sale-timing-planner.pdf
DLX-1496,vpn-security-software-buying-checklist,VPN & Security Software Buying Checklist,Gaming & Software,Checklist,"Printable checklist of what to check before buying VPN & Security Software: specs or fit, total cost, return policy, warranty and red flags. Fillable budget and notes fields.",2,5.99,https://buy.stripe.com/5kQbJ22bAfBu9oe65T5wI00?client_reference_id=vpn-security-software-buying-checklist,vpn-security-software-buying-checklist.pdf
DLX-1497,vpn-security-software-price-tracker,VPN & Security Software Price Tracker,Gaming & Software,Fillable PDF,"Fillable tracker to log VPN & Security Software prices by retailer and date, with shipping, coupon and target-price columns so you can tell a real deal.",1,5.99,https://buy.stripe.com/5kQbJ22bAfBu9oe65T5wI00?client_reference_id=vpn-security-software-price-tracker,vpn-security-software-price-tracker.pdf
DLX-1498,vpn-security-software-comparison-worksheet,VPN & Security Software Comparison Worksheet,Gaming & Software,Fillable PDF,Side-by-side worksheet to compare up to four VPN & Security Software options with a weighted scoring section.,1,5.99,https://buy.stripe.com/5kQbJ22bAfBu9oe65T5wI00?client_reference_id=vpn-security-software-comparison-worksheet,vpn-security-software-comparison-worksheet.pdf
DLX-1499,vpn-security-software-budget-planner,VPN & Security Software Budget Planner,Gaming & Software,Fillable PDF,"Set a spending cap for VPN & Security Software, split must-haves from nice-to-haves and log what you actually spend.",1,5.99,https://buy.stripe.com/5kQbJ22bAfBu9oe65T5wI00?client_reference_id=vpn-security-software-budget-planner,vpn-security-software-budget-planner.pdf
DLX-1500,vpn-security-software-is-this-a-real-deal-infographic,VPN & Security Software: Is This a Real Deal? Infographic,Gaming & Software,Infographic,One-page visual decision guide for judging whether a discount on VPN & Security Software is genuine.,1,5.99,https://buy.stripe.com/5kQbJ22bAfBu9oe65T5wI00?client_reference_id=vpn-security-software-is-this-a-real-deal-infographic,vpn-security-software-is-this-a-real-deal-infographic.pdf
DLX-1501,vpn-security-software-return-warranty-tracker,VPN & Security Software Return & Warranty Tracker,Gaming & Software,Fillable PDF,"Fillable log for VPN & Security Software: purchase date, return-by date, warranty end date, proof saved and claim status, plus a protect-your-purchase checklist.",2,5.99,https://buy.stripe.com/5kQbJ22bAfBu9oe65T5wI00?client_reference_id=vpn-security-software-return-warranty-tracker,vpn-security-software-return-warranty-tracker.pdf
DLX-1502,vpn-security-software-sale-timing-planner,VPN & Security Software Sale Timing Planner,Gaming & Software,Fillable PDF,"Plan when to buy VPN & Security Software: set a target price, log prices over time, note sale events and alerts, and choose a buy-by date.",2,5.99,https://buy.stripe.com/5kQbJ22bAfBu9oe65T5wI00?client_reference_id=vpn-security-software-sale-timing-planner,vpn-security-software-sale-timing-planner.pdf
